{
    "Results": {
        "c": 75,
        "delivery_nodes": [
            100.0,
            100.0,
            100.0,
            100.0,
            100.0,
            100.0,
            100.0,
            100.0,
            100.0,
            100.0,
            100.0,
            100.0,
            100.0,
            100.0,
            100.0,
            100.0,
            100.0,
            100.0,
            100.0,
            100.0,
            100.0,
            100.0,
            100.0,
            100.0,
            100.0,
            100.0,
            100.0,
            100.0,
            100.0,
            100.0,
            100.0,
            100.0,
            100.0,
            100.0,
            100.0,
            100.0,
            100.0,
            100.0,
            100.0,
            100.0,
            100.0,
            100.0,
            100.0,
            100.0,
            100.0,
            100.0,
            100.0,
            100.0,
            100.0,
            100.0
        ],
        "delivery_time": [
            19.48,
            19.32,
            19.426666666666666,
            19.453333333333333,
            19.226666666666667,
            19.64,
            19.24,
            19.266666666666666,
            19.64,
            19.36,
            19.546666666666667,
            19.4,
            19.346666666666668,
            19.333333333333332,
            18.866666666666667,
            19.68,
            19.52,
            19.36,
            19.253333333333334,
            19.493333333333332,
            18.866666666666667,
            19.32,
            19.293333333333333,
            18.76,
            19.386666666666667,
            19.08,
            18.986666666666668,
            19.533333333333335,
            19.373333333333335,
            18.96,
            19.16,
            19.30666666666667,
            18.666666666666668,
            18.85333333333333,
            19.533333333333335,
            18.85333333333333,
            19.706666666666667,
            19.64,
            19.16,
            18.8,
            19.386666666666667,
            18.933333333333334,
            19.533333333333335,
            19.493333333333332,
            19.48,
            19.653333333333332,
            19.293333333333333,
            19.653333333333332,
            19.28,
            18.733333333333334
        ],
        "disagreement": [
            0.0,
            0.0,
            0.0,
            0.0,
            0.0,
            0.0,
            0.0,
            0.0,
            0.0,
            0.0,
            0.0,
            0.0,
            0.0,
            0.0,
            0.0,
            0.0,
            0.0,
            0.0,
            0.0,
            0.0,
            0.0,
            0.0,
            0.0,
            0.0,
            0.0,
            0.0,
            0.0,
            0.0,
            0.0,
            0.0,
            0.0,
            0.0,
            0.0,
            0.0,
            0.0,
            0.0,
            0.0,
            0.0,
            0.0,
            0.0,
            0.0,
            0.0,
            0.0,
            0.0,
            0.0,
            0.0,
            0.0,
            0.0,
            0.0,
            0.0
        ],
        "disagreement_frequency": [],
        "f": 25,
        "finishing_steps": [
            2,
            2,
            2,
            2,
            2,
            2,
            2,
            2,
            2,
            2,
            2,
            2,
            2,
            2,
            2,
            2,
            2,
            2,
            2,
            2,
            2,
            2,
            2,
            2,
            2,
            2,
            2,
            2,
            2,
            2,
            2,
            2,
            2,
            2,
            2,
            2,
            2,
            2,
            2,
            2,
            2,
            2,
            2,
            2,
            2,
            2,
            2,
            2,
            2,
            2
        ],
        "n": 100,
        "p": 100,
        "termination_rate": [
            1.0,
            1.0,
            1.0,
            1.0,
            1.0,
            1.0,
            1.0,
            1.0,
            1.0,
            1.0,
            1.0,
            1.0,
            1.0,
            1.0,
            1.0,
            1.0,
            1.0,
            1.0,
            1.0,
            1.0,
            1.0,
            1.0,
            1.0,
            1.0,
            1.0,
            1.0,
            1.0,
            1.0,
            1.0,
            1.0,
            1.0,
            1.0,
            1.0,
            1.0,
            1.0,
            1.0,
            1.0,
            1.0,
            1.0,
            1.0,
            1.0,
            1.0,
            1.0,
            1.0,
            1.0,
            1.0,
            1.0,
            1.0,
            1.0,
            1.0
        ],
        "total_msgs_sent": [
            30000,
            30000,
            30000,
            30000,
            30000,
            30000,
            30000,
            30000,
            30000,
            30000,
            30000,
            30000,
            30000,
            30000,
            30000,
            30000,
            30000,
            30000,
            30000,
            30000,
            30000,
            30000,
            30000,
            30000,
            30000,
            30000,
            30000,
            30000,
            30000,
            30000,
            30000,
            30000,
            30000,
            30000,
            30000,
            30000,
            30000,
            30000,
            30000,
            30000,
            30000,
            30000,
            30000,
            30000,
            30000,
            30000,
            30000,
            30000,
            30000,
            30000
        ]
    },
    "RunTime": 238.570047748
}
