{
    "Results": {
        "c": 75,
        "delivery_nodes": [
            100.0,
            100.0,
            100.0,
            100.0,
            100.0,
            100.0,
            100.0,
            100.0,
            100.0,
            100.0,
            100.0,
            100.0,
            100.0,
            100.0,
            100.0,
            100.0,
            100.0,
            100.0,
            100.0,
            100.0,
            100.0,
            100.0,
            100.0,
            100.0,
            100.0,
            100.0,
            100.0,
            100.0,
            100.0,
            100.0,
            100.0,
            100.0,
            100.0,
            100.0,
            100.0,
            100.0,
            100.0,
            100.0,
            100.0,
            100.0,
            100.0,
            100.0,
            100.0,
            100.0,
            100.0,
            100.0,
            100.0,
            100.0,
            100.0,
            100.0
        ],
        "delivery_time": [
            39.986666666666665,
            40.0,
            39.973333333333336,
            40.0,
            39.986666666666665,
            38.906666666666666,
            40.0,
            40.0,
            39.986666666666665,
            38.586666666666666,
            40.0,
            40.0,
            40.0,
            40.0,
            40.0,
            39.96,
            39.266666666666666,
            38.28,
            40.0,
            40.0,
            39.946666666666665,
            39.986666666666665,
            39.026666666666664,
            39.86666666666667,
            39.93333333333333,
            40.0,
            39.45333333333333,
            40.0,
            39.0,
            40.0,
            40.0,
            40.0,
            39.986666666666665,
            40.0,
            39.906666666666666,
            38.93333333333333,
            40.0,
            40.0,
            39.64,
            38.8,
            40.0,
            40.0,
            39.89333333333333,
            40.0,
            40.0,
            40.0,
            39.986666666666665,
            40.0,
            39.22666666666667,
            39.586666666666666
        ],
        "disagreement": [
            0.0,
            0.0,
            0.0,
            0.0,
            0.0,
            0.0,
            0.0,
            0.0,
            0.0,
            0.0,
            0.0,
            0.0,
            0.0,
            0.0,
            0.0,
            0.0,
            0.0,
            0.0,
            0.0,
            0.0,
            0.0,
            0.0,
            0.0,
            0.0,
            0.0,
            0.0,
            0.0,
            0.0,
            0.0,
            0.0,
            0.0,
            0.0,
            0.0,
            0.0,
            0.0,
            0.0,
            0.0,
            0.0,
            0.0,
            0.0,
            0.0,
            0.0,
            0.0,
            0.0,
            0.0,
            0.0,
            0.0,
            0.0,
            0.0,
            0.0
        ],
        "disagreement_frequency": [],
        "f": 25,
        "finishing_steps": [
            4,
            4,
            4,
            4,
            4,
            4,
            4,
            4,
            4,
            4,
            4,
            4,
            4,
            4,
            4,
            4,
            4,
            4,
            4,
            4,
            4,
            4,
            4,
            4,
            4,
            4,
            4,
            4,
            4,
            4,
            4,
            4,
            4,
            4,
            4,
            4,
            4,
            4,
            4,
            4,
            4,
            4,
            4,
            4,
            4,
            4,
            4,
            4,
            4,
            4
        ],
        "n": 100,
        "p": 70,
        "termination_rate": [
            1.0,
            1.0,
            1.0,
            1.0,
            1.0,
            1.0,
            1.0,
            1.0,
            1.0,
            1.0,
            1.0,
            1.0,
            1.0,
            1.0,
            1.0,
            1.0,
            1.0,
            1.0,
            1.0,
            1.0,
            1.0,
            1.0,
            1.0,
            1.0,
            1.0,
            1.0,
            1.0,
            1.0,
            1.0,
            1.0,
            1.0,
            1.0,
            1.0,
            1.0,
            1.0,
            1.0,
            1.0,
            1.0,
            1.0,
            1.0,
            1.0,
            1.0,
            1.0,
            1.0,
            1.0,
            1.0,
            1.0,
            1.0,
            1.0,
            1.0
        ],
        "total_msgs_sent": [
            22500,
            22500,
            22500,
            22500,
            22500,
            22500,
            22500,
            22500,
            22500,
            22500,
            22500,
            22500,
            22500,
            22500,
            22500,
            22500,
            22500,
            22500,
            22500,
            22500,
            22500,
            22500,
            22500,
            22500,
            22500,
            22500,
            22500,
            22500,
            22500,
            22500,
            22500,
            22500,
            22500,
            22500,
            22500,
            22500,
            22500,
            22500,
            22500,
            22500,
            22500,
            22500,
            22500,
            22500,
            22500,
            22500,
            22500,
            22500,
            22500,
            22500
        ]
    },
    "RunTime": 211.362604899
}
