{
    "Results": {
        "c": 60,
        "delivery_nodes": [
            100.0,
            100.0,
            100.0,
            100.0,
            100.0,
            100.0,
            100.0,
            100.0,
            100.0,
            100.0,
            100.0,
            100.0,
            100.0,
            100.0,
            100.0,
            100.0,
            100.0,
            100.0,
            100.0,
            100.0,
            100.0,
            100.0,
            100.0,
            100.0,
            100.0,
            100.0,
            100.0,
            100.0,
            100.0,
            100.0,
            100.0,
            100.0,
            100.0,
            100.0,
            100.0,
            100.0,
            100.0,
            100.0,
            100.0,
            100.0,
            100.0,
            100.0,
            100.0,
            100.0,
            100.0,
            100.0,
            100.0,
            100.0,
            100.0,
            100.0
        ],
        "delivery_time": [
            28.0,
            28.683333333333334,
            28.0,
            27.916666666666668,
            27.983333333333334,
            27.966666666666665,
            29.0,
            27.816666666666666,
            28.75,
            29.483333333333334,
            27.9,
            28.783333333333335,
            28.233333333333334,
            27.983333333333334,
            28.2,
            28.0,
            29.0,
            28.016666666666666,
            28.0,
            28.0,
            28.0,
            27.966666666666665,
            27.983333333333334,
            28.816666666666666,
            28.783333333333335,
            27.7,
            27.0,
            28.85,
            27.983333333333334,
            27.0,
            29.0,
            28.0,
            27.083333333333332,
            29.166666666666668,
            27.116666666666667,
            29.916666666666668,
            28.0,
            28.2,
            28.283333333333335,
            28.0,
            27.966666666666665,
            29.05,
            29.166666666666668,
            27.0,
            27.016666666666666,
            27.866666666666667,
            27.983333333333334,
            28.35,
            29.0,
            28.716666666666665
        ],
        "disagreement": [
            0.0,
            0.0,
            0.0,
            0.0,
            0.0,
            0.0,
            0.0,
            0.0,
            0.0,
            0.0,
            0.0,
            0.0,
            0.0,
            0.0,
            0.0,
            0.0,
            0.0,
            0.0,
            0.0,
            0.0,
            0.0,
            0.0,
            0.0,
            0.0,
            0.0,
            0.0,
            0.0,
            0.0,
            0.0,
            0.0,
            0.0,
            0.0,
            0.0,
            0.0,
            0.0,
            0.0,
            0.0,
            0.0,
            0.0,
            0.0,
            0.0,
            0.0,
            0.0,
            0.0,
            0.0,
            0.0,
            0.0,
            0.0,
            0.0,
            0.0
        ],
        "disagreement_frequency": [],
        "f": 40,
        "finishing_steps": [
            4,
            4,
            4,
            4,
            4,
            4,
            4,
            4,
            4,
            4,
            4,
            4,
            4,
            4,
            4,
            4,
            4,
            4,
            4,
            4,
            4,
            4,
            4,
            4,
            4,
            4,
            4,
            4,
            4,
            4,
            4,
            4,
            4,
            4,
            4,
            4,
            4,
            4,
            4,
            4,
            4,
            4,
            4,
            4,
            4,
            4,
            4,
            4,
            4,
            4
        ],
        "n": 100,
        "p": 90,
        "termination_rate": [
            1.0,
            1.0,
            1.0,
            1.0,
            1.0,
            1.0,
            1.0,
            1.0,
            1.0,
            1.0,
            1.0,
            1.0,
            1.0,
            1.0,
            1.0,
            1.0,
            1.0,
            1.0,
            1.0,
            1.0,
            1.0,
            1.0,
            1.0,
            1.0,
            1.0,
            1.0,
            1.0,
            1.0,
            1.0,
            1.0,
            1.0,
            1.0,
            1.0,
            1.0,
            1.0,
            1.0,
            1.0,
            1.0,
            1.0,
            1.0,
            1.0,
            1.0,
            1.0,
            1.0,
            1.0,
            1.0,
            1.0,
            1.0,
            1.0,
            1.0
        ],
        "total_msgs_sent": [
            18000,
            18000,
            18000,
            18000,
            18000,
            18000,
            18000,
            18000,
            18000,
            18000,
            18000,
            18000,
            18000,
            18000,
            18000,
            18000,
            18000,
            18000,
            18000,
            18000,
            18000,
            18000,
            18000,
            18000,
            18000,
            18000,
            18000,
            18000,
            18000,
            18000,
            18000,
            18000,
            18000,
            18000,
            18000,
            18000,
            18000,
            18000,
            18000,
            18000,
            18000,
            18000,
            18000,
            18000,
            18000,
            18000,
            18000,
            18000,
            18000,
            18000
        ]
    },
    "RunTime": 166.602946765
}
