{
    "Results": {
        "c": 67,
        "delivery_nodes": [
            100.0,
            100.0,
            100.0,
            100.0,
            100.0,
            100.0,
            100.0,
            100.0,
            100.0,
            100.0,
            100.0,
            100.0,
            100.0,
            100.0,
            100.0,
            100.0,
            100.0,
            100.0,
            100.0,
            100.0,
            100.0,
            100.0,
            100.0,
            100.0,
            100.0,
            100.0,
            100.0,
            100.0,
            100.0,
            100.0,
            100.0,
            100.0,
            100.0,
            100.0,
            100.0,
            100.0,
            100.0,
            100.0,
            100.0,
            100.0,
            100.0,
            100.0,
            100.0,
            100.0,
            100.0,
            100.0,
            100.0,
            100.0,
            100.0,
            100.0
        ],
        "delivery_time": [
            19.611940298507463,
            19.119402985074625,
            19.64179104477612,
            19.62686567164179,
            19.119402985074625,
            19.850746268656717,
            19.73134328358209,
            19.567164179104477,
            19.253731343283583,
            19.850746268656717,
            19.47761194029851,
            19.880597014925375,
            19.567164179104477,
            19.388059701492537,
            19.865671641791046,
            19.65671641791045,
            19.80597014925373,
            19.761194029850746,
            19.52238805970149,
            19.791044776119403,
            19.791044776119403,
            19.850746268656717,
            19.26865671641791,
            19.492537313432837,
            19.19402985074627,
            19.895522388059703,
            18.850746268656717,
            19.71641791044776,
            19.865671641791046,
            19.313432835820894,
            19.73134328358209,
            19.925373134328357,
            19.53731343283582,
            19.402985074626866,
            19.73134328358209,
            19.776119402985074,
            19.73134328358209,
            19.65671641791045,
            19.65671641791045,
            19.776119402985074,
            19.73134328358209,
            19.44776119402985,
            19.776119402985074,
            19.91044776119403,
            18.507462686567163,
            19.492537313432837,
            19.73134328358209,
            19.029850746268657,
            19.65671641791045,
            19.64179104477612
        ],
        "disagreement": [
            0.0,
            0.0,
            0.0,
            0.0,
            0.0,
            0.0,
            0.0,
            0.0,
            0.0,
            0.0,
            0.0,
            0.0,
            0.0,
            0.0,
            0.0,
            0.0,
            0.0,
            0.0,
            0.0,
            0.0,
            0.0,
            0.0,
            0.0,
            0.0,
            0.0,
            0.0,
            0.0,
            0.0,
            0.0,
            0.0,
            0.0,
            0.0,
            0.0,
            0.0,
            0.0,
            0.0,
            0.0,
            0.0,
            0.0,
            0.0,
            0.0,
            0.0,
            0.0,
            0.0,
            0.0,
            0.0,
            0.0,
            0.0,
            0.0,
            0.0
        ],
        "disagreement_frequency": [],
        "f": 33,
        "finishing_steps": [
            2,
            2,
            2,
            2,
            2,
            2,
            2,
            2,
            2,
            2,
            2,
            2,
            2,
            2,
            2,
            2,
            2,
            2,
            2,
            2,
            2,
            2,
            2,
            2,
            2,
            2,
            2,
            2,
            2,
            2,
            2,
            2,
            2,
            2,
            2,
            2,
            2,
            2,
            2,
            2,
            2,
            2,
            2,
            2,
            2,
            2,
            2,
            2,
            2,
            2
        ],
        "n": 100,
        "p": 100,
        "termination_rate": [
            1.0,
            1.0,
            1.0,
            1.0,
            1.0,
            1.0,
            1.0,
            1.0,
            1.0,
            1.0,
            1.0,
            1.0,
            1.0,
            1.0,
            1.0,
            1.0,
            1.0,
            1.0,
            1.0,
            1.0,
            1.0,
            1.0,
            1.0,
            1.0,
            1.0,
            1.0,
            1.0,
            1.0,
            1.0,
            1.0,
            1.0,
            1.0,
            1.0,
            1.0,
            1.0,
            1.0,
            1.0,
            1.0,
            1.0,
            1.0,
            1.0,
            1.0,
            1.0,
            1.0,
            1.0,
            1.0,
            1.0,
            1.0,
            1.0,
            1.0
        ],
        "total_msgs_sent": [
            27800,
            28200,
            27700,
            31200,
            27900,
            27000,
            27500,
            27200,
            28900,
            27300,
            27800,
            28300,
            29200,
            28600,
            28900,
            28500,
            26800,
            28200,
            29400,
            26800,
            26800,
            27300,
            29200,
            29300,
            29100,
            27000,
            28200,
            27000,
            27100,
            27700,
            26800,
            26800,
            27900,
            30800,
            27300,
            26800,
            27000,
            27600,
            27500,
            29400,
            27000,
            28600,
            28000,
            26800,
            28400,
            29800,
            29400,
            29700,
            27200,
            26900
        ]
    },
    "RunTime": 221.291238855
}
