{
    "Results": {
        "c": 60,
        "delivery_nodes": [
            100.0,
            100.0,
            100.0,
            100.0,
            100.0,
            100.0,
            100.0,
            100.0,
            100.0,
            100.0,
            100.0,
            100.0,
            100.0,
            100.0,
            100.0,
            100.0,
            100.0,
            100.0,
            100.0,
            100.0,
            100.0,
            100.0,
            100.0,
            100.0,
            100.0,
            100.0,
            100.0,
            100.0,
            100.0,
            100.0,
            100.0,
            100.0,
            100.0,
            100.0,
            100.0,
            100.0,
            100.0,
            100.0,
            100.0,
            100.0,
            100.0,
            100.0,
            100.0,
            100.0,
            100.0,
            100.0,
            100.0,
            100.0,
            100.0,
            100.0
        ],
        "delivery_time": [
            19.616666666666667,
            19.133333333333333,
            18.866666666666667,
            18.633333333333333,
            18.9,
            18.683333333333334,
            18.983333333333334,
            19.416666666666668,
            19.283333333333335,
            19.283333333333335,
            19.183333333333334,
            19.466666666666665,
            19.25,
            19.2,
            19.65,
            19.5,
            19.533333333333335,
            19.45,
            18.866666666666667,
            19.266666666666666,
            19.316666666666666,
            19.616666666666667,
            19.35,
            18.9,
            18.416666666666668,
            19.066666666666666,
            18.533333333333335,
            18.75,
            19.483333333333334,
            18.316666666666666,
            19.316666666666666,
            18.883333333333333,
            19.55,
            18.033333333333335,
            19.65,
            18.6,
            18.916666666666668,
            18.216666666666665,
            18.966666666666665,
            19.533333333333335,
            19.15,
            19.333333333333332,
            19.183333333333334,
            18.8,
            19.533333333333335,
            18.983333333333334,
            19.8,
            18.6,
            19.233333333333334,
            19.166666666666668
        ],
        "disagreement": [
            0.0,
            0.0,
            0.0,
            0.0,
            0.0,
            0.0,
            0.0,
            0.0,
            0.0,
            0.0,
            0.0,
            0.0,
            0.0,
            0.0,
            0.0,
            0.0,
            0.0,
            0.0,
            0.0,
            0.0,
            0.0,
            0.0,
            0.0,
            0.0,
            0.0,
            0.0,
            0.0,
            0.0,
            0.0,
            0.0,
            0.0,
            0.0,
            0.0,
            0.0,
            0.0,
            0.0,
            0.0,
            0.0,
            0.0,
            0.0,
            0.0,
            0.0,
            0.0,
            0.0,
            0.0,
            0.0,
            0.0,
            0.0,
            0.0,
            0.0
        ],
        "disagreement_frequency": [],
        "f": 40,
        "finishing_steps": [
            2,
            2,
            2,
            2,
            2,
            2,
            2,
            2,
            2,
            2,
            2,
            2,
            2,
            2,
            2,
            2,
            2,
            2,
            2,
            2,
            2,
            2,
            2,
            2,
            2,
            2,
            2,
            2,
            2,
            2,
            2,
            2,
            2,
            2,
            2,
            2,
            2,
            2,
            2,
            2,
            2,
            2,
            2,
            2,
            2,
            2,
            2,
            2,
            2,
            2
        ],
        "n": 100,
        "p": 100,
        "termination_rate": [
            1.0,
            1.0,
            1.0,
            1.0,
            1.0,
            1.0,
            1.0,
            1.0,
            1.0,
            1.0,
            1.0,
            1.0,
            1.0,
            1.0,
            1.0,
            1.0,
            1.0,
            1.0,
            1.0,
            1.0,
            1.0,
            1.0,
            1.0,
            1.0,
            1.0,
            1.0,
            1.0,
            1.0,
            1.0,
            1.0,
            1.0,
            1.0,
            1.0,
            1.0,
            1.0,
            1.0,
            1.0,
            1.0,
            1.0,
            1.0,
            1.0,
            1.0,
            1.0,
            1.0,
            1.0,
            1.0,
            1.0,
            1.0,
            1.0,
            1.0
        ],
        "total_msgs_sent": [
            29300,
            29800,
            29700,
            29300,
            29100,
            29500,
            29100,
            29600,
            29600,
            28700,
            29200,
            29700,
            29200,
            29700,
            29600,
            29800,
            29900,
            30000,
            29200,
            29900,
            29700,
            29600,
            29300,
            29500,
            29200,
            29400,
            28300,
            29400,
            30000,
            29300,
            29300,
            29300,
            30000,
            28600,
            30000,
            28900,
            29800,
            29200,
            29500,
            29900,
            28500,
            29600,
            29600,
            29800,
            29500,
            29600,
            29600,
            29100,
            29700,
            29000
        ]
    },
    "RunTime": 220.539437434
}
