{
    "Results": {
        "c": 67,
        "delivery_nodes": [
            100.0,
            100.0,
            100.0,
            100.0,
            100.0,
            100.0,
            100.0,
            100.0,
            100.0,
            100.0,
            100.0,
            100.0,
            100.0,
            100.0,
            100.0,
            100.0,
            100.0,
            100.0,
            100.0,
            100.0,
            100.0,
            100.0,
            100.0,
            100.0,
            100.0,
            100.0,
            100.0,
            100.0,
            100.0,
            100.0,
            100.0,
            100.0,
            100.0,
            100.0,
            100.0,
            100.0,
            100.0,
            100.0,
            100.0,
            100.0,
            100.0,
            100.0,
            100.0,
            100.0,
            100.0,
            100.0,
            100.0,
            100.0,
            100.0,
            100.0
        ],
        "delivery_time": [
            33.940298507462686,
            33.0,
            33.0,
            33.08955223880597,
            33.507462686567166,
            33.208955223880594,
            33.0,
            33.91044776119403,
            34.0,
            34.0,
            33.80597014925373,
            33.97014925373134,
            33.97014925373134,
            33.985074626865675,
            33.95522388059702,
            33.17910447761194,
            33.0,
            33.0,
            34.71641791044776,
            34.43283582089552,
            33.0,
            33.0,
            33.059701492537314,
            33.25373134328358,
            34.59701492537314,
            34.014925373134325,
            33.26865671641791,
            33.83582089552239,
            32.38805970149254,
            33.0,
            33.134328358208954,
            34.88059701492537,
            33.059701492537314,
            34.582089552238806,
            33.92537313432836,
            33.985074626865675,
            34.53731343283582,
            32.37313432835821,
            33.791044776119406,
            33.83582089552239,
            33.61194029850746,
            33.80597014925373,
            32.76119402985075,
            33.0,
            34.0,
            33.02985074626866,
            33.76119402985075,
            32.0,
            32.940298507462686,
            34.61194029850746
        ],
        "disagreement": [
            0.0,
            0.0,
            0.0,
            0.0,
            0.0,
            0.0,
            0.0,
            0.0,
            0.0,
            0.0,
            0.0,
            0.0,
            0.0,
            0.0,
            0.0,
            0.0,
            0.0,
            0.0,
            0.0,
            0.0,
            0.0,
            0.0,
            0.0,
            0.0,
            0.0,
            0.0,
            0.0,
            0.0,
            0.0,
            0.0,
            0.0,
            0.0,
            0.0,
            0.0,
            0.0,
            0.0,
            0.0,
            0.0,
            0.0,
            0.0,
            0.0,
            0.0,
            0.0,
            0.0,
            0.0,
            0.0,
            0.0,
            0.0,
            0.0,
            0.0
        ],
        "disagreement_frequency": [],
        "f": 33,
        "finishing_steps": [
            4,
            4,
            4,
            4,
            4,
            4,
            4,
            4,
            4,
            4,
            4,
            4,
            4,
            4,
            4,
            4,
            4,
            4,
            4,
            4,
            4,
            4,
            4,
            4,
            4,
            4,
            4,
            4,
            4,
            4,
            4,
            4,
            4,
            4,
            4,
            4,
            4,
            4,
            4,
            4,
            4,
            4,
            4,
            4,
            4,
            4,
            4,
            4,
            4,
            4
        ],
        "n": 100,
        "p": 70,
        "termination_rate": [
            1.0,
            1.0,
            1.0,
            1.0,
            1.0,
            1.0,
            1.0,
            1.0,
            1.0,
            1.0,
            1.0,
            1.0,
            1.0,
            1.0,
            1.0,
            1.0,
            1.0,
            1.0,
            1.0,
            1.0,
            1.0,
            1.0,
            1.0,
            1.0,
            1.0,
            1.0,
            1.0,
            1.0,
            1.0,
            1.0,
            1.0,
            1.0,
            1.0,
            1.0,
            1.0,
            1.0,
            1.0,
            1.0,
            1.0,
            1.0,
            1.0,
            1.0,
            1.0,
            1.0,
            1.0,
            1.0,
            1.0,
            1.0,
            1.0,
            1.0
        ],
        "total_msgs_sent": [
            20100,
            20100,
            20100,
            20100,
            20100,
            20100,
            20100,
            20100,
            20100,
            20100,
            20100,
            20100,
            20100,
            20100,
            20100,
            20100,
            20100,
            20100,
            20100,
            20100,
            20100,
            20100,
            20100,
            20100,
            20100,
            20100,
            20100,
            20100,
            20100,
            20100,
            20100,
            20100,
            20100,
            20100,
            20100,
            20100,
            20100,
            20100,
            20100,
            20100,
            20100,
            20100,
            20100,
            20100,
            20100,
            20100,
            20100,
            20100,
            20100,
            20100
        ]
    },
    "RunTime": 194.693329829
}
