{
    "Results": {
        "c": 81,
        "delivery_nodes": [
            100.0,
            100.0,
            100.0,
            100.0,
            100.0,
            100.0,
            100.0,
            100.0,
            100.0,
            100.0,
            100.0,
            100.0,
            100.0,
            100.0,
            100.0,
            100.0,
            100.0,
            100.0,
            100.0,
            100.0,
            100.0,
            100.0,
            100.0,
            100.0,
            100.0,
            100.0,
            100.0,
            100.0,
            100.0,
            100.0,
            100.0,
            100.0,
            100.0,
            100.0,
            100.0,
            100.0,
            100.0,
            100.0,
            100.0,
            100.0,
            100.0,
            100.0,
            100.0,
            100.0,
            100.0,
            100.0,
            100.0,
            100.0,
            100.0,
            100.0
        ],
        "delivery_time": [
            18.950617283950617,
            18.098765432098766,
            18.25925925925926,
            19.48148148148148,
            19.382716049382715,
            19.679012345679013,
            18.950617283950617,
            18.790123456790123,
            18.308641975308642,
            18.962962962962962,
            18.135802469135804,
            18.419753086419753,
            18.469135802469136,
            18.444444444444443,
            18.40740740740741,
            17.666666666666668,
            18.296296296296298,
            18.580246913580247,
            19.0,
            18.382716049382715,
            18.728395061728396,
            19.271604938271604,
            18.40740740740741,
            18.48148148148148,
            18.14814814814815,
            18.28395061728395,
            17.88888888888889,
            19.395061728395063,
            17.65432098765432,
            19.061728395061728,
            18.814814814814813,
            18.567901234567902,
            17.246913580246915,
            18.617283950617285,
            18.567901234567902,
            18.160493827160494,
            18.617283950617285,
            18.876543209876544,
            18.703703703703702,
            19.358024691358025,
            18.691358024691358,
            18.567901234567902,
            17.950617283950617,
            18.77777777777778,
            18.604938271604937,
            18.37037037037037,
            19.432098765432098,
            19.790123456790123,
            18.012345679012345,
            17.91358024691358
        ],
        "disagreement": [
            0.0,
            0.0,
            0.0,
            0.0,
            0.0,
            0.0,
            0.0,
            0.0,
            0.0,
            0.0,
            0.0,
            0.0,
            0.0,
            0.0,
            0.0,
            0.0,
            0.0,
            0.0,
            0.0,
            0.0,
            0.0,
            0.0,
            0.0,
            0.0,
            0.0,
            0.0,
            0.0,
            0.0,
            0.0,
            0.0,
            0.0,
            0.0,
            0.0,
            0.0,
            0.0,
            0.0,
            0.0,
            0.0,
            0.0,
            0.0,
            0.0,
            0.0,
            0.0,
            0.0,
            0.0,
            0.0,
            0.0,
            0.0,
            0.0,
            0.0
        ],
        "disagreement_frequency": [],
        "f": 19,
        "finishing_steps": [
            3,
            3,
            3,
            3,
            3,
            3,
            3,
            3,
            3,
            3,
            3,
            3,
            3,
            3,
            3,
            3,
            3,
            3,
            3,
            3,
            3,
            3,
            3,
            3,
            3,
            3,
            3,
            3,
            3,
            3,
            3,
            3,
            3,
            3,
            3,
            3,
            3,
            3,
            3,
            3,
            3,
            3,
            3,
            3,
            3,
            3,
            3,
            3,
            3,
            3
        ],
        "n": 100,
        "p": 80,
        "termination_rate": [
            1.0,
            1.0,
            1.0,
            1.0,
            1.0,
            1.0,
            1.0,
            1.0,
            1.0,
            1.0,
            1.0,
            1.0,
            1.0,
            1.0,
            1.0,
            1.0,
            1.0,
            1.0,
            1.0,
            1.0,
            1.0,
            1.0,
            1.0,
            1.0,
            1.0,
            1.0,
            1.0,
            1.0,
            1.0,
            1.0,
            1.0,
            1.0,
            1.0,
            1.0,
            1.0,
            1.0,
            1.0,
            1.0,
            1.0,
            1.0,
            1.0,
            1.0,
            1.0,
            1.0,
            1.0,
            1.0,
            1.0,
            1.0,
            1.0,
            1.0
        ],
        "total_msgs_sent": [
            16200,
            16200,
            16200,
            16200,
            16200,
            16200,
            16200,
            16200,
            16200,
            16200,
            16200,
            16200,
            16200,
            16200,
            16200,
            16200,
            16200,
            16200,
            16200,
            16200,
            16200,
            16200,
            16200,
            16200,
            16200,
            16200,
            16200,
            16200,
            16200,
            16200,
            16200,
            16200,
            16200,
            16200,
            16200,
            16200,
            16200,
            16200,
            16200,
            16200,
            16200,
            16200,
            16200,
            16200,
            16200,
            16200,
            16200,
            16200,
            16200,
            16200
        ]
    },
    "RunTime": 152.592386901
}
