{
    "Results": {
        "c": 75,
        "delivery_nodes": [
            100.0,
            100.0,
            100.0,
            100.0,
            100.0,
            100.0,
            100.0,
            100.0,
            100.0,
            100.0,
            100.0,
            100.0,
            100.0,
            100.0,
            100.0,
            100.0,
            100.0,
            100.0,
            100.0,
            100.0,
            100.0,
            100.0,
            100.0,
            100.0,
            100.0,
            100.0,
            100.0,
            100.0,
            100.0,
            100.0,
            100.0,
            100.0,
            100.0,
            100.0,
            100.0,
            100.0,
            100.0,
            100.0,
            100.0,
            100.0,
            100.0,
            100.0,
            100.0,
            100.0,
            100.0,
            100.0,
            100.0,
            100.0,
            100.0,
            100.0
        ],
        "delivery_time": [
            21.32,
            22.14666666666667,
            21.066666666666666,
            22.453333333333333,
            21.613333333333333,
            22.986666666666668,
            21.226666666666667,
            23.106666666666666,
            21.706666666666667,
            21.946666666666665,
            22.69333333333333,
            23.546666666666667,
            22.08,
            21.32,
            21.773333333333333,
            22.386666666666667,
            21.866666666666667,
            22.68,
            22.226666666666667,
            21.333333333333332,
            22.88,
            22.30666666666667,
            22.386666666666667,
            21.293333333333333,
            22.32,
            21.866666666666667,
            21.96,
            21.76,
            21.946666666666665,
            22.573333333333334,
            22.4,
            22.613333333333333,
            20.76,
            21.226666666666667,
            21.4,
            20.786666666666665,
            21.746666666666666,
            23.066666666666666,
            21.8,
            21.68,
            22.72,
            22.106666666666666,
            21.48,
            21.586666666666666,
            21.133333333333333,
            22.213333333333335,
            22.24,
            21.546666666666667,
            21.68,
            21.893333333333334
        ],
        "disagreement": [
            0.0,
            0.0,
            0.0,
            0.0,
            0.0,
            0.0,
            0.0,
            0.0,
            0.0,
            0.0,
            0.0,
            0.0,
            0.0,
            0.0,
            0.0,
            0.0,
            0.0,
            0.0,
            0.0,
            0.0,
            0.0,
            0.0,
            0.0,
            0.0,
            0.0,
            0.0,
            0.0,
            0.0,
            0.0,
            0.0,
            0.0,
            0.0,
            0.0,
            0.0,
            0.0,
            0.0,
            0.0,
            0.0,
            0.0,
            0.0,
            0.0,
            0.0,
            0.0,
            0.0,
            0.0,
            0.0,
            0.0,
            0.0,
            0.0,
            0.0
        ],
        "disagreement_frequency": [],
        "f": 25,
        "finishing_steps": [
            3,
            3,
            3,
            3,
            3,
            3,
            3,
            3,
            3,
            3,
            3,
            3,
            3,
            3,
            3,
            3,
            3,
            3,
            3,
            3,
            3,
            3,
            3,
            3,
            3,
            3,
            3,
            3,
            3,
            3,
            3,
            3,
            3,
            3,
            3,
            3,
            3,
            3,
            3,
            3,
            3,
            3,
            3,
            3,
            3,
            3,
            3,
            3,
            3,
            3
        ],
        "n": 100,
        "p": 90,
        "termination_rate": [
            1.0,
            1.0,
            1.0,
            1.0,
            1.0,
            1.0,
            1.0,
            1.0,
            1.0,
            1.0,
            1.0,
            1.0,
            1.0,
            1.0,
            1.0,
            1.0,
            1.0,
            1.0,
            1.0,
            1.0,
            1.0,
            1.0,
            1.0,
            1.0,
            1.0,
            1.0,
            1.0,
            1.0,
            1.0,
            1.0,
            1.0,
            1.0,
            1.0,
            1.0,
            1.0,
            1.0,
            1.0,
            1.0,
            1.0,
            1.0,
            1.0,
            1.0,
            1.0,
            1.0,
            1.0,
            1.0,
            1.0,
            1.0,
            1.0,
            1.0
        ],
        "total_msgs_sent": [
            15000,
            15000,
            15000,
            15000,
            15000,
            15000,
            15000,
            15000,
            15000,
            15000,
            15000,
            15000,
            15000,
            15000,
            15000,
            15000,
            15000,
            15000,
            15000,
            15000,
            15000,
            15000,
            15000,
            15000,
            15000,
            15000,
            15000,
            15000,
            15000,
            15000,
            15000,
            15000,
            15000,
            15000,
            15000,
            15000,
            15000,
            15000,
            15000,
            15000,
            15000,
            15000,
            15000,
            15000,
            15000,
            15000,
            15000,
            15000,
            15000,
            15000
        ]
    },
    "RunTime": 165.358142405
}
