{
    "Results": {
        "c": 67,
        "delivery_nodes": [
            100.0,
            100.0,
            100.0,
            100.0,
            100.0,
            100.0,
            100.0,
            100.0,
            100.0,
            100.0,
            100.0,
            100.0,
            100.0,
            100.0,
            100.0,
            100.0,
            100.0,
            100.0,
            100.0,
            100.0,
            100.0,
            100.0,
            100.0,
            100.0,
            100.0,
            100.0,
            100.0,
            100.0,
            100.0,
            100.0,
            100.0,
            100.0,
            100.0,
            100.0,
            100.0,
            100.0,
            100.0,
            100.0,
            100.0,
            100.0,
            100.0,
            100.0,
            100.0,
            100.0,
            100.0,
            100.0,
            100.0,
            100.0,
            100.0,
            100.0
        ],
        "delivery_time": [
            49.28358208955224,
            49.28358208955224,
            49.417910447761194,
            49.46268656716418,
            49.28358208955224,
            49.40298507462686,
            49.32835820895522,
            49.417910447761194,
            49.208955223880594,
            49.223880597014926,
            49.38805970149254,
            49.3134328358209,
            49.52238805970149,
            49.40298507462686,
            49.44776119402985,
            49.44776119402985,
            49.61194029850746,
            49.417910447761194,
            49.492537313432834,
            49.23880597014925,
            49.35820895522388,
            49.35820895522388,
            49.17910447761194,
            49.38805970149254,
            49.53731343283582,
            49.40298507462686,
            49.61194029850746,
            49.07462686567164,
            49.16417910447761,
            49.40298507462686,
            49.298507462686565,
            49.26865671641791,
            49.208955223880594,
            49.04477611940298,
            49.23880597014925,
            49.26865671641791,
            49.208955223880594,
            49.56716417910448,
            49.11940298507463,
            49.52238805970149,
            49.43283582089552,
            49.417910447761194,
            49.25373134328358,
            49.46268656716418,
            49.62686567164179,
            49.492537313432834,
            49.23880597014925,
            49.44776119402985,
            49.52238805970149,
            49.46268656716418
        ],
        "disagreement": [
            0.0,
            0.0,
            0.0,
            0.0,
            0.0,
            0.0,
            0.0,
            0.0,
            0.0,
            0.0,
            0.0,
            0.0,
            0.0,
            0.0,
            0.0,
            0.0,
            0.0,
            0.0,
            0.0,
            0.0,
            0.0,
            0.0,
            0.0,
            0.0,
            0.0,
            0.0,
            0.0,
            0.0,
            0.0,
            0.0,
            0.0,
            0.0,
            0.0,
            0.0,
            0.0,
            0.0,
            0.0,
            0.0,
            0.0,
            0.0,
            0.0,
            0.0,
            0.0,
            0.0,
            0.0,
            0.0,
            0.0,
            0.0,
            0.0,
            0.0
        ],
        "disagreement_frequency": [],
        "f": 33,
        "finishing_steps": [
            7,
            7,
            7,
            7,
            7,
            7,
            7,
            7,
            7,
            7,
            7,
            7,
            7,
            7,
            7,
            7,
            7,
            7,
            7,
            7,
            7,
            7,
            7,
            7,
            7,
            7,
            7,
            7,
            7,
            7,
            7,
            7,
            7,
            7,
            7,
            7,
            7,
            7,
            7,
            7,
            7,
            7,
            7,
            7,
            7,
            7,
            7,
            7,
            7,
            7
        ],
        "n": 100,
        "p": 100,
        "termination_rate": [
            1.0,
            1.0,
            1.0,
            1.0,
            1.0,
            1.0,
            1.0,
            1.0,
            1.0,
            1.0,
            1.0,
            1.0,
            1.0,
            1.0,
            1.0,
            1.0,
            1.0,
            1.0,
            1.0,
            1.0,
            1.0,
            1.0,
            1.0,
            1.0,
            1.0,
            1.0,
            1.0,
            1.0,
            1.0,
            1.0,
            1.0,
            1.0,
            1.0,
            1.0,
            1.0,
            1.0,
            1.0,
            1.0,
            1.0,
            1.0,
            1.0,
            1.0,
            1.0,
            1.0,
            1.0,
            1.0,
            1.0,
            1.0,
            1.0,
            1.0
        ],
        "total_msgs_sent": [
            43500,
            43500,
            43500,
            43500,
            43500,
            43500,
            43500,
            43500,
            43500,
            43500,
            43500,
            43500,
            43500,
            43500,
            43500,
            43500,
            43500,
            43500,
            43500,
            43500,
            43500,
            43500,
            43500,
            43500,
            43500,
            43500,
            43500,
            43500,
            43500,
            43500,
            43500,
            43500,
            43500,
            43500,
            43500,
            43500,
            43500,
            43500,
            43500,
            43500,
            43500,
            43500,
            43500,
            43500,
            43500,
            43500,
            43500,
            43500,
            43500,
            43500
        ]
    },
    "RunTime": 341.178522528
}
