{
    "Results": {
        "c": 67,
        "delivery_nodes": [
            100.0,
            100.0,
            100.0,
            100.0,
            100.0,
            100.0,
            100.0,
            100.0,
            100.0,
            100.0,
            100.0,
            100.0,
            100.0,
            100.0,
            100.0,
            100.0,
            100.0,
            100.0,
            100.0,
            100.0,
            100.0,
            100.0,
            100.0,
            100.0,
            100.0,
            100.0,
            100.0,
            100.0,
            100.0,
            100.0,
            100.0,
            100.0,
            100.0,
            100.0,
            100.0,
            100.0,
            100.0,
            100.0,
            100.0,
            100.0,
            100.0,
            100.0,
            100.0,
            100.0,
            100.0,
            100.0,
            100.0,
            100.0,
            100.0,
            100.0
        ],
        "delivery_time": [
            13.059701492537313,
            11.104477611940299,
            11.597014925373134,
            12.014925373134329,
            11.074626865671641,
            11.656716417910447,
            11.447761194029852,
            11.537313432835822,
            12.164179104477611,
            11.985074626865671,
            11.447761194029852,
            11.716417910447761,
            12.26865671641791,
            12.014925373134329,
            11.17910447761194,
            11.08955223880597,
            11.611940298507463,
            11.35820895522388,
            11.432835820895523,
            12.074626865671641,
            11.26865671641791,
            11.716417910447761,
            12.17910447761194,
            11.567164179104477,
            11.716417910447761,
            11.26865671641791,
            11.417910447761194,
            11.208955223880597,
            11.552238805970148,
            11.656716417910447,
            12.343283582089553,
            11.91044776119403,
            11.522388059701493,
            12.298507462686567,
            11.388059701492537,
            11.91044776119403,
            11.26865671641791,
            11.835820895522389,
            11.388059701492537,
            11.611940298507463,
            11.850746268656716,
            11.567164179104477,
            12.134328358208956,
            11.164179104477611,
            11.417910447761194,
            11.626865671641792,
            11.223880597014926,
            11.656716417910447,
            11.64179104477612,
            11.208955223880597
        ],
        "disagreement": [
            0.0,
            0.0,
            0.0,
            0.0,
            0.0,
            0.0,
            0.0,
            0.0,
            0.0,
            0.0,
            0.0,
            0.0,
            0.0,
            0.0,
            0.0,
            0.0,
            0.0,
            0.0,
            0.0,
            0.0,
            0.0,
            0.0,
            0.0,
            0.0,
            0.0,
            0.0,
            0.0,
            0.0,
            0.0,
            0.0,
            0.0,
            0.0,
            0.0,
            0.0,
            0.0,
            0.0,
            0.0,
            0.0,
            0.0,
            0.0,
            0.0,
            0.0,
            0.0,
            0.0,
            0.0,
            0.0,
            0.0,
            0.0,
            0.0,
            0.0
        ],
        "disagreement_frequency": [],
        "f": 33,
        "finishing_steps": [
            2,
            2,
            2,
            2,
            2,
            2,
            2,
            2,
            2,
            2,
            2,
            2,
            2,
            2,
            2,
            2,
            2,
            2,
            2,
            2,
            2,
            2,
            2,
            2,
            2,
            2,
            2,
            2,
            2,
            2,
            2,
            2,
            2,
            2,
            2,
            2,
            2,
            2,
            2,
            2,
            2,
            2,
            2,
            2,
            2,
            2,
            2,
            2,
            2,
            2
        ],
        "n": 100,
        "p": 100,
        "termination_rate": [
            1.0,
            1.0,
            1.0,
            1.0,
            1.0,
            1.0,
            1.0,
            1.0,
            1.0,
            1.0,
            1.0,
            1.0,
            1.0,
            1.0,
            1.0,
            1.0,
            1.0,
            1.0,
            1.0,
            1.0,
            1.0,
            1.0,
            1.0,
            1.0,
            1.0,
            1.0,
            1.0,
            1.0,
            1.0,
            1.0,
            1.0,
            1.0,
            1.0,
            1.0,
            1.0,
            1.0,
            1.0,
            1.0,
            1.0,
            1.0,
            1.0,
            1.0,
            1.0,
            1.0,
            1.0,
            1.0,
            1.0,
            1.0,
            1.0,
            1.0
        ],
        "total_msgs_sent": [
            26800,
            26800,
            26800,
            26800,
            26800,
            26800,
            26800,
            26800,
            26800,
            26800,
            26800,
            26800,
            26800,
            26800,
            26800,
            26800,
            26800,
            26800,
            26800,
            26800,
            26800,
            26800,
            26800,
            26800,
            26800,
            26800,
            26800,
            26800,
            26800,
            26800,
            26800,
            26800,
            26800,
            26800,
            26800,
            26800,
            26800,
            26800,
            26800,
            26800,
            26800,
            26800,
            26800,
            26800,
            26800,
            26800,
            26800,
            26800,
            26800,
            26800
        ]
    },
    "RunTime": 224.051010377
}
