{
    "Results": {
        "c": 81,
        "delivery_nodes": [
            100.0,
            100.0,
            100.0,
            100.0,
            100.0,
            100.0,
            100.0,
            100.0,
            100.0,
            100.0,
            100.0,
            100.0,
            100.0,
            100.0,
            100.0,
            100.0,
            100.0,
            100.0,
            100.0,
            100.0,
            100.0,
            100.0,
            100.0,
            100.0,
            100.0,
            100.0,
            100.0,
            100.0,
            100.0,
            100.0,
            100.0,
            100.0,
            100.0,
            100.0,
            100.0,
            100.0,
            100.0,
            100.0,
            100.0,
            100.0,
            100.0,
            100.0,
            100.0,
            100.0,
            100.0,
            100.0,
            100.0,
            100.0,
            100.0,
            100.0
        ],
        "delivery_time": [
            15.567901234567902,
            15.37037037037037,
            15.864197530864198,
            15.308641975308642,
            15.518518518518519,
            15.925925925925926,
            15.925925925925926,
            14.54320987654321,
            14.345679012345679,
            15.345679012345679,
            14.91358024691358,
            15.37037037037037,
            15.592592592592593,
            15.518518518518519,
            15.308641975308642,
            14.876543209876543,
            15.037037037037036,
            15.987654320987655,
            15.185185185185185,
            15.061728395061728,
            15.135802469135802,
            15.728395061728396,
            15.814814814814815,
            15.506172839506172,
            14.641975308641975,
            14.814814814814815,
            15.061728395061728,
            15.197530864197532,
            15.703703703703704,
            15.54320987654321,
            16.061728395061728,
            14.901234567901234,
            15.716049382716049,
            15.938271604938272,
            15.617283950617283,
            14.901234567901234,
            14.938271604938272,
            15.592592592592593,
            15.209876543209877,
            14.975308641975309,
            16.185185185185187,
            15.246913580246913,
            15.716049382716049,
            14.790123456790123,
            15.506172839506172,
            15.45679012345679,
            15.88888888888889,
            14.91358024691358,
            15.395061728395062,
            14.716049382716049
        ],
        "disagreement": [
            0.0,
            0.0,
            0.0,
            0.0,
            0.0,
            0.0,
            0.0,
            0.0,
            0.0,
            0.0,
            0.0,
            0.0,
            0.0,
            0.0,
            0.0,
            0.0,
            0.0,
            0.0,
            0.0,
            0.0,
            0.0,
            0.0,
            0.0,
            0.0,
            0.0,
            0.0,
            0.0,
            0.0,
            0.0,
            0.0,
            0.0,
            0.0,
            0.0,
            0.0,
            0.0,
            0.0,
            0.0,
            0.0,
            0.0,
            0.0,
            0.0,
            0.0,
            0.0,
            0.0,
            0.0,
            0.0,
            0.0,
            0.0,
            0.0,
            0.0
        ],
        "disagreement_frequency": [],
        "f": 19,
        "finishing_steps": [
            2,
            2,
            2,
            2,
            2,
            2,
            2,
            2,
            2,
            2,
            2,
            2,
            2,
            2,
            2,
            2,
            2,
            2,
            2,
            2,
            2,
            2,
            2,
            2,
            2,
            2,
            2,
            2,
            2,
            2,
            2,
            2,
            2,
            2,
            2,
            2,
            2,
            2,
            2,
            2,
            2,
            2,
            2,
            2,
            2,
            2,
            2,
            2,
            2,
            2
        ],
        "n": 100,
        "p": 90,
        "termination_rate": [
            1.0,
            1.0,
            1.0,
            1.0,
            1.0,
            1.0,
            1.0,
            1.0,
            1.0,
            1.0,
            1.0,
            1.0,
            1.0,
            1.0,
            1.0,
            1.0,
            1.0,
            1.0,
            1.0,
            1.0,
            1.0,
            1.0,
            1.0,
            1.0,
            1.0,
            1.0,
            1.0,
            1.0,
            1.0,
            1.0,
            1.0,
            1.0,
            1.0,
            1.0,
            1.0,
            1.0,
            1.0,
            1.0,
            1.0,
            1.0,
            1.0,
            1.0,
            1.0,
            1.0,
            1.0,
            1.0,
            1.0,
            1.0,
            1.0,
            1.0
        ],
        "total_msgs_sent": [
            32400,
            32400,
            32400,
            32400,
            32400,
            32400,
            32400,
            32400,
            32400,
            32400,
            32400,
            32400,
            32400,
            32400,
            32400,
            32400,
            32400,
            32400,
            32400,
            32400,
            32400,
            32400,
            32400,
            32400,
            32400,
            32400,
            32400,
            32400,
            32400,
            32400,
            32400,
            32400,
            32400,
            32400,
            32500,
            32400,
            32400,
            32400,
            32400,
            32400,
            32400,
            32400,
            32500,
            32400,
            32400,
            32400,
            32400,
            32400,
            32400,
            32400
        ]
    },
    "RunTime": 253.393006436
}
