{
    "Results": {
        "c": 81,
        "delivery_nodes": [
            100.0,
            100.0,
            100.0,
            100.0,
            100.0,
            100.0,
            100.0,
            100.0,
            100.0,
            100.0,
            100.0,
            100.0,
            100.0,
            100.0,
            100.0,
            100.0,
            100.0,
            100.0,
            100.0,
            100.0,
            100.0,
            100.0,
            100.0,
            100.0,
            100.0,
            100.0,
            100.0,
            100.0,
            100.0,
            100.0,
            100.0,
            100.0,
            100.0,
            100.0,
            100.0,
            100.0,
            100.0,
            100.0,
            100.0,
            100.0,
            100.0,
            100.0,
            100.0,
            100.0,
            100.0,
            100.0,
            100.0,
            100.0,
            100.0,
            100.0
        ],
        "delivery_time": [
            35.06172839506173,
            33.135802469135804,
            35.592592592592595,
            34.074074074074076,
            34.77777777777778,
            33.95061728395062,
            34.58024691358025,
            35.30864197530864,
            35.111111111111114,
            34.888888888888886,
            34.79012345679013,
            35.53086419753087,
            36.22222222222222,
            35.407407407407405,
            33.32098765432099,
            36.17283950617284,
            35.20987654320987,
            35.91358024691358,
            34.98765432098765,
            35.851851851851855,
            34.97530864197531,
            34.71604938271605,
            34.45679012345679,
            35.65432098765432,
            34.77777777777778,
            34.7037037037037,
            34.4320987654321,
            35.22222222222222,
            35.32098765432099,
            34.75308641975309,
            35.24691358024691,
            35.22222222222222,
            35.28395061728395,
            35.32098765432099,
            34.864197530864196,
            36.48148148148148,
            34.39506172839506,
            36.111111111111114,
            34.98765432098765,
            34.839506172839506,
            34.641975308641975,
            35.23456790123457,
            34.876543209876544,
            34.46913580246913,
            33.95061728395062,
            34.93827160493827,
            34.82716049382716,
            34.617283950617285,
            35.04938271604938,
            34.71604938271605
        ],
        "disagreement": [
            0.0,
            0.0,
            0.0,
            0.0,
            0.0,
            0.0,
            0.0,
            0.0,
            0.0,
            0.0,
            0.0,
            0.0,
            0.0,
            0.0,
            0.0,
            0.0,
            0.0,
            0.0,
            0.0,
            0.0,
            0.0,
            0.0,
            0.0,
            0.0,
            0.0,
            0.0,
            0.0,
            0.0,
            0.0,
            0.0,
            0.0,
            0.0,
            0.0,
            0.0,
            0.0,
            0.0,
            0.0,
            0.0,
            0.0,
            0.0,
            0.0,
            0.0,
            0.0,
            0.0,
            0.0,
            0.0,
            0.0,
            0.0,
            0.0,
            0.0
        ],
        "disagreement_frequency": [],
        "f": 19,
        "finishing_steps": [
            4,
            4,
            4,
            4,
            4,
            4,
            4,
            4,
            4,
            4,
            4,
            4,
            4,
            4,
            4,
            4,
            4,
            4,
            4,
            4,
            4,
            4,
            4,
            4,
            4,
            4,
            4,
            4,
            4,
            4,
            4,
            4,
            4,
            4,
            4,
            4,
            4,
            4,
            4,
            4,
            4,
            4,
            4,
            4,
            4,
            4,
            4,
            4,
            4,
            4
        ],
        "n": 100,
        "p": 70,
        "termination_rate": [
            1.0,
            1.0,
            1.0,
            1.0,
            1.0,
            1.0,
            1.0,
            1.0,
            1.0,
            1.0,
            1.0,
            1.0,
            1.0,
            1.0,
            1.0,
            1.0,
            1.0,
            1.0,
            1.0,
            1.0,
            1.0,
            1.0,
            1.0,
            1.0,
            1.0,
            1.0,
            1.0,
            1.0,
            1.0,
            1.0,
            1.0,
            1.0,
            1.0,
            1.0,
            1.0,
            1.0,
            1.0,
            1.0,
            1.0,
            1.0,
            1.0,
            1.0,
            1.0,
            1.0,
            1.0,
            1.0,
            1.0,
            1.0,
            1.0,
            1.0
        ],
        "total_msgs_sent": [
            24300,
            24300,
            24300,
            24300,
            24300,
            24300,
            24300,
            24300,
            24300,
            24300,
            24300,
            24300,
            24300,
            24300,
            24300,
            24300,
            24300,
            24300,
            24300,
            24300,
            24300,
            24300,
            24300,
            24300,
            24300,
            24300,
            24300,
            24300,
            24300,
            24300,
            24300,
            24300,
            24300,
            24300,
            24300,
            24300,
            24300,
            24300,
            24300,
            24300,
            24300,
            24300,
            24300,
            24300,
            24300,
            24300,
            24300,
            24300,
            24300,
            24300
        ]
    },
    "RunTime": 197.398840915
}
