{
    "Results": {
        "c": 67,
        "delivery_nodes": [
            100.0,
            100.0,
            100.0,
            100.0,
            100.0,
            100.0,
            100.0,
            100.0,
            100.0,
            100.0,
            100.0,
            100.0,
            100.0,
            100.0,
            100.0,
            100.0,
            100.0,
            100.0,
            100.0,
            100.0,
            100.0,
            100.0,
            100.0,
            100.0,
            100.0,
            100.0,
            100.0,
            100.0,
            100.0,
            100.0,
            100.0,
            100.0,
            100.0,
            100.0,
            100.0,
            100.0,
            100.0,
            100.0,
            100.0,
            100.0,
            100.0,
            100.0,
            100.0,
            100.0,
            100.0,
            100.0,
            100.0,
            100.0,
            100.0,
            100.0
        ],
        "delivery_time": [
            13.985074626865671,
            13.417910447761194,
            14.17910447761194,
            14.059701492537313,
            14.761194029850746,
            14.940298507462687,
            14.582089552238806,
            14.537313432835822,
            14.402985074626866,
            13.850746268656716,
            14.776119402985074,
            13.537313432835822,
            14.044776119402986,
            14.313432835820896,
            14.64179104477612,
            14.35820895522388,
            14.373134328358208,
            14.35820895522388,
            13.746268656716419,
            13.656716417910447,
            13.776119402985074,
            14.567164179104477,
            14.283582089552239,
            13.26865671641791,
            14.597014925373134,
            14.73134328358209,
            15.164179104477611,
            14.253731343283581,
            15.238805970149254,
            14.17910447761194,
            14.552238805970148,
            14.64179104477612,
            14.119402985074627,
            14.686567164179104,
            14.08955223880597,
            14.417910447761194,
            13.970149253731343,
            14.432835820895523,
            13.686567164179104,
            14.776119402985074,
            14.328358208955224,
            14.552238805970148,
            14.238805970149254,
            14.746268656716419,
            14.955223880597014,
            14.716417910447761,
            14.716417910447761,
            13.880597014925373,
            15.014925373134329,
            14.880597014925373
        ],
        "disagreement": [
            0.0,
            0.0,
            0.0,
            0.0,
            0.0,
            0.0,
            0.0,
            0.0,
            0.0,
            0.0,
            0.0,
            0.0,
            0.0,
            0.0,
            0.0,
            0.0,
            0.0,
            0.0,
            0.0,
            0.0,
            0.0,
            0.0,
            0.0,
            0.0,
            0.0,
            0.0,
            0.0,
            0.0,
            0.0,
            0.0,
            0.0,
            0.0,
            0.0,
            0.0,
            0.0,
            0.0,
            0.0,
            0.0,
            0.0,
            0.0,
            0.0,
            0.0,
            0.0,
            0.0,
            0.0,
            0.0,
            0.0,
            0.0,
            0.0,
            0.0
        ],
        "disagreement_frequency": [],
        "f": 33,
        "finishing_steps": [
            2,
            2,
            2,
            2,
            2,
            2,
            2,
            2,
            2,
            2,
            2,
            2,
            2,
            2,
            2,
            2,
            2,
            2,
            2,
            2,
            2,
            2,
            2,
            2,
            2,
            2,
            2,
            2,
            2,
            2,
            2,
            2,
            2,
            2,
            2,
            2,
            2,
            2,
            2,
            2,
            2,
            2,
            2,
            2,
            2,
            2,
            2,
            2,
            2,
            2
        ],
        "n": 100,
        "p": 80,
        "termination_rate": [
            1.0,
            1.0,
            1.0,
            1.0,
            1.0,
            1.0,
            1.0,
            1.0,
            1.0,
            1.0,
            1.0,
            1.0,
            1.0,
            1.0,
            1.0,
            1.0,
            1.0,
            1.0,
            1.0,
            1.0,
            1.0,
            1.0,
            1.0,
            1.0,
            1.0,
            1.0,
            1.0,
            1.0,
            1.0,
            1.0,
            1.0,
            1.0,
            1.0,
            1.0,
            1.0,
            1.0,
            1.0,
            1.0,
            1.0,
            1.0,
            1.0,
            1.0,
            1.0,
            1.0,
            1.0,
            1.0,
            1.0,
            1.0,
            1.0,
            1.0
        ],
        "total_msgs_sent": [
            26800,
            26800,
            26800,
            26800,
            26800,
            26800,
            26800,
            26800,
            26800,
            26800,
            26800,
            26800,
            26800,
            26800,
            26800,
            26800,
            26800,
            26800,
            26800,
            26800,
            26800,
            26800,
            26800,
            26800,
            26800,
            26800,
            26800,
            26800,
            26800,
            26800,
            26800,
            26800,
            26800,
            26800,
            26800,
            26800,
            26800,
            26800,
            26800,
            26800,
            26800,
            26800,
            26800,
            26800,
            26800,
            26800,
            26800,
            26800,
            26800,
            26800
        ]
    },
    "RunTime": 248.986894496
}
