{
    "Results": {
        "c": 60,
        "delivery_nodes": [
            100.0,
            100.0,
            100.0,
            100.0,
            100.0,
            100.0,
            100.0,
            100.0,
            100.0,
            100.0,
            100.0,
            100.0,
            100.0,
            100.0,
            100.0,
            100.0,
            100.0,
            100.0,
            100.0,
            100.0,
            100.0,
            100.0,
            100.0,
            100.0,
            100.0,
            100.0,
            100.0,
            100.0,
            100.0,
            100.0,
            100.0,
            100.0,
            100.0,
            100.0,
            100.0,
            100.0,
            100.0,
            100.0,
            100.0,
            100.0,
            100.0,
            100.0,
            100.0,
            100.0,
            100.0,
            100.0,
            100.0,
            100.0,
            100.0,
            100.0
        ],
        "delivery_time": [
            10.766666666666667,
            10.35,
            10.116666666666667,
            10.933333333333334,
            10.883333333333333,
            10.7,
            10.783333333333333,
            10.516666666666667,
            10.7,
            10.616666666666667,
            11.033333333333333,
            10.966666666666667,
            10.283333333333333,
            11.383333333333333,
            10.55,
            11.283333333333333,
            10.983333333333333,
            11.416666666666666,
            11.0,
            10.283333333333333,
            10.716666666666667,
            10.883333333333333,
            11.25,
            10.883333333333333,
            11.033333333333333,
            11.016666666666667,
            10.5,
            11.366666666666667,
            11.25,
            11.2,
            10.566666666666666,
            11.083333333333334,
            10.616666666666667,
            10.55,
            11.033333333333333,
            11.066666666666666,
            10.9,
            10.466666666666667,
            11.133333333333333,
            11.033333333333333,
            10.75,
            11.216666666666667,
            10.116666666666667,
            11.233333333333333,
            10.833333333333334,
            10.666666666666666,
            11.65,
            11.316666666666666,
            11.1,
            10.833333333333334
        ],
        "disagreement": [
            0.0,
            0.0,
            0.0,
            0.0,
            0.0,
            0.0,
            0.0,
            0.0,
            0.0,
            0.0,
            0.0,
            0.0,
            0.0,
            0.0,
            0.0,
            0.0,
            0.0,
            0.0,
            0.0,
            0.0,
            0.0,
            0.0,
            0.0,
            0.0,
            0.0,
            0.0,
            0.0,
            0.0,
            0.0,
            0.0,
            0.0,
            0.0,
            0.0,
            0.0,
            0.0,
            0.0,
            0.0,
            0.0,
            0.0,
            0.0,
            0.0,
            0.0,
            0.0,
            0.0,
            0.0,
            0.0,
            0.0,
            0.0,
            0.0,
            0.0
        ],
        "disagreement_frequency": [],
        "f": 40,
        "finishing_steps": [
            2,
            2,
            2,
            2,
            2,
            2,
            2,
            2,
            2,
            2,
            2,
            2,
            2,
            2,
            2,
            2,
            2,
            2,
            2,
            2,
            2,
            2,
            2,
            2,
            2,
            2,
            2,
            2,
            2,
            2,
            2,
            2,
            2,
            2,
            2,
            2,
            2,
            2,
            2,
            2,
            2,
            2,
            2,
            2,
            2,
            2,
            2,
            2,
            2,
            2
        ],
        "n": 100,
        "p": 100,
        "termination_rate": [
            1.0,
            1.0,
            1.0,
            1.0,
            1.0,
            1.0,
            1.0,
            1.0,
            1.0,
            1.0,
            1.0,
            1.0,
            1.0,
            1.0,
            1.0,
            1.0,
            1.0,
            1.0,
            1.0,
            1.0,
            1.0,
            1.0,
            1.0,
            1.0,
            1.0,
            1.0,
            1.0,
            1.0,
            1.0,
            1.0,
            1.0,
            1.0,
            1.0,
            1.0,
            1.0,
            1.0,
            1.0,
            1.0,
            1.0,
            1.0,
            1.0,
            1.0,
            1.0,
            1.0,
            1.0,
            1.0,
            1.0,
            1.0,
            1.0,
            1.0
        ],
        "total_msgs_sent": [
            24000,
            23900,
            23800,
            24000,
            23900,
            24000,
            24000,
            24000,
            24000,
            24000,
            24000,
            24000,
            23900,
            24000,
            24000,
            24000,
            24000,
            24000,
            24000,
            24000,
            24000,
            24000,
            24000,
            23900,
            24000,
            24000,
            24000,
            24000,
            24000,
            24000,
            24000,
            24000,
            23900,
            23800,
            24000,
            24000,
            24000,
            23900,
            24000,
            24000,
            23900,
            24000,
            24000,
            24000,
            24000,
            23900,
            24000,
            24000,
            24000,
            24000
        ]
    },
    "RunTime": 223.888824209
}
