{
    "Results": {
        "c": 67,
        "delivery_nodes": [
            100.0,
            100.0,
            100.0,
            100.0,
            100.0,
            100.0,
            100.0,
            100.0,
            100.0,
            100.0,
            100.0,
            100.0,
            100.0,
            100.0,
            100.0,
            100.0,
            100.0,
            100.0,
            100.0,
            100.0,
            100.0,
            100.0,
            100.0,
            100.0,
            100.0,
            100.0,
            100.0,
            100.0,
            100.0,
            100.0,
            100.0,
            100.0,
            100.0,
            100.0,
            100.0,
            100.0,
            100.0,
            100.0,
            100.0,
            100.0,
            100.0,
            100.0,
            100.0,
            100.0,
            100.0,
            100.0,
            100.0,
            100.0,
            100.0,
            100.0
        ],
        "delivery_time": [
            18.26865671641791,
            18.71641791044776,
            16.507462686567163,
            18.029850746268657,
            17.671641791044777,
            17.567164179104477,
            17.64179104477612,
            18.686567164179106,
            18.507462686567163,
            18.35820895522388,
            16.567164179104477,
            17.98507462686567,
            18.80597014925373,
            17.686567164179106,
            17.91044776119403,
            17.940298507462686,
            18.0,
            18.104477611940297,
            18.149253731343283,
            17.865671641791046,
            18.686567164179106,
            17.492537313432837,
            18.44776119402985,
            17.492537313432837,
            17.611940298507463,
            18.253731343283583,
            17.761194029850746,
            18.791044776119403,
            18.98507462686567,
            18.417910447761194,
            18.55223880597015,
            18.119402985074625,
            17.432835820895523,
            17.865671641791046,
            16.402985074626866,
            17.17910447761194,
            18.35820895522388,
            17.970149253731343,
            17.582089552238806,
            18.253731343283583,
            17.29850746268657,
            15.73134328358209,
            18.328358208955223,
            17.71641791044776,
            17.71641791044776,
            17.880597014925375,
            18.17910447761194,
            17.850746268656717,
            18.35820895522388,
            18.119402985074625
        ],
        "disagreement": [
            0.0,
            0.0,
            0.0,
            0.0,
            0.0,
            0.0,
            0.0,
            0.0,
            0.0,
            0.0,
            0.0,
            0.0,
            0.0,
            0.0,
            0.0,
            0.0,
            0.0,
            0.0,
            0.0,
            0.0,
            0.0,
            0.0,
            0.0,
            0.0,
            0.0,
            0.0,
            0.0,
            0.0,
            0.0,
            0.0,
            0.0,
            0.0,
            0.0,
            0.0,
            0.0,
            0.0,
            0.0,
            0.0,
            0.0,
            0.0,
            0.0,
            0.0,
            0.0,
            0.0,
            0.0,
            0.0,
            0.0,
            0.0,
            0.0,
            0.0
        ],
        "disagreement_frequency": [],
        "f": 33,
        "finishing_steps": [
            2,
            2,
            2,
            2,
            2,
            2,
            2,
            2,
            2,
            2,
            2,
            2,
            2,
            2,
            2,
            2,
            2,
            2,
            2,
            2,
            2,
            2,
            2,
            2,
            2,
            2,
            2,
            2,
            2,
            2,
            2,
            2,
            2,
            2,
            2,
            2,
            2,
            2,
            2,
            2,
            2,
            2,
            2,
            2,
            2,
            2,
            2,
            2,
            2,
            2
        ],
        "n": 100,
        "p": 70,
        "termination_rate": [
            1.0,
            1.0,
            1.0,
            1.0,
            1.0,
            1.0,
            1.0,
            1.0,
            1.0,
            1.0,
            1.0,
            1.0,
            1.0,
            1.0,
            1.0,
            1.0,
            1.0,
            1.0,
            1.0,
            1.0,
            1.0,
            1.0,
            1.0,
            1.0,
            1.0,
            1.0,
            1.0,
            1.0,
            1.0,
            1.0,
            1.0,
            1.0,
            1.0,
            1.0,
            1.0,
            1.0,
            1.0,
            1.0,
            1.0,
            1.0,
            1.0,
            1.0,
            1.0,
            1.0,
            1.0,
            1.0,
            1.0,
            1.0,
            1.0,
            1.0
        ],
        "total_msgs_sent": [
            26800,
            26800,
            26900,
            26800,
            27200,
            27200,
            27000,
            27000,
            27000,
            26800,
            27200,
            27100,
            26800,
            27300,
            27000,
            26900,
            27800,
            26900,
            28000,
            26800,
            26800,
            27000,
            27300,
            27000,
            27100,
            26800,
            26800,
            26800,
            26900,
            27000,
            26900,
            26800,
            26900,
            26800,
            27000,
            26800,
            26800,
            26800,
            27200,
            26800,
            26900,
            26900,
            26800,
            27300,
            26900,
            26900,
            26900,
            27100,
            27600,
            26800
        ]
    },
    "RunTime": 252.394437414
}
