{
    "Results": {
        "c": 75,
        "delivery_nodes": [
            100.0,
            100.0,
            100.0,
            100.0,
            100.0,
            100.0,
            100.0,
            100.0,
            100.0,
            100.0,
            100.0,
            100.0,
            100.0,
            100.0,
            100.0,
            100.0,
            100.0,
            100.0,
            100.0,
            100.0,
            100.0,
            100.0,
            100.0,
            100.0,
            100.0,
            100.0,
            100.0,
            100.0,
            100.0,
            100.0,
            100.0,
            100.0,
            100.0,
            100.0,
            100.0,
            100.0,
            100.0,
            100.0,
            100.0,
            100.0,
            100.0,
            100.0,
            100.0,
            100.0,
            100.0,
            100.0,
            100.0,
            100.0,
            100.0,
            100.0
        ],
        "delivery_time": [
            37.2,
            37.32,
            36.92,
            37.28,
            37.413333333333334,
            37.626666666666665,
            37.93333333333333,
            37.413333333333334,
            37.22666666666667,
            38.10666666666667,
            37.36,
            37.53333333333333,
            37.92,
            36.89333333333333,
            37.25333333333333,
            38.413333333333334,
            37.6,
            37.653333333333336,
            37.653333333333336,
            36.74666666666667,
            37.46666666666667,
            36.653333333333336,
            37.53333333333333,
            37.61333333333334,
            37.12,
            37.44,
            36.88,
            38.24,
            37.18666666666667,
            37.45333333333333,
            37.21333333333333,
            37.36,
            37.13333333333333,
            37.93333333333333,
            36.666666666666664,
            37.946666666666665,
            37.17333333333333,
            37.29333333333334,
            37.586666666666666,
            37.52,
            37.586666666666666,
            37.693333333333335,
            37.333333333333336,
            37.42666666666667,
            37.52,
            37.56,
            37.2,
            37.413333333333334,
            37.53333333333333,
            37.46666666666667
        ],
        "disagreement": [
            0.0,
            0.0,
            0.0,
            0.0,
            0.0,
            0.0,
            0.0,
            0.0,
            0.0,
            0.0,
            0.0,
            0.0,
            0.0,
            0.0,
            0.0,
            0.0,
            0.0,
            0.0,
            0.0,
            0.0,
            0.0,
            0.0,
            0.0,
            0.0,
            0.0,
            0.0,
            0.0,
            0.0,
            0.0,
            0.0,
            0.0,
            0.0,
            0.0,
            0.0,
            0.0,
            0.0,
            0.0,
            0.0,
            0.0,
            0.0,
            0.0,
            0.0,
            0.0,
            0.0,
            0.0,
            0.0,
            0.0,
            0.0,
            0.0,
            0.0
        ],
        "disagreement_frequency": [],
        "f": 25,
        "finishing_steps": [
            7,
            7,
            7,
            7,
            7,
            7,
            7,
            7,
            7,
            7,
            7,
            7,
            7,
            7,
            7,
            7,
            7,
            7,
            7,
            7,
            7,
            7,
            7,
            7,
            7,
            7,
            7,
            7,
            7,
            7,
            7,
            7,
            7,
            7,
            7,
            7,
            7,
            7,
            7,
            7,
            7,
            7,
            7,
            7,
            7,
            7,
            7,
            7,
            7,
            7
        ],
        "n": 100,
        "p": 90,
        "termination_rate": [
            1.0,
            1.0,
            1.0,
            1.0,
            1.0,
            1.0,
            1.0,
            1.0,
            1.0,
            1.0,
            1.0,
            1.0,
            1.0,
            1.0,
            1.0,
            1.0,
            1.0,
            1.0,
            1.0,
            1.0,
            1.0,
            1.0,
            1.0,
            1.0,
            1.0,
            1.0,
            1.0,
            1.0,
            1.0,
            1.0,
            1.0,
            1.0,
            1.0,
            1.0,
            1.0,
            1.0,
            1.0,
            1.0,
            1.0,
            1.0,
            1.0,
            1.0,
            1.0,
            1.0,
            1.0,
            1.0,
            1.0,
            1.0,
            1.0,
            1.0
        ],
        "total_msgs_sent": [
            45300,
            45300,
            45300,
            45300,
            45300,
            45300,
            45300,
            45300,
            45300,
            45300,
            45300,
            45300,
            45300,
            45300,
            45300,
            45300,
            45300,
            45300,
            45300,
            45300,
            45300,
            45300,
            45300,
            45300,
            45300,
            45300,
            45300,
            45300,
            45300,
            45300,
            45300,
            45300,
            45300,
            45300,
            45300,
            45300,
            45300,
            45300,
            45300,
            45300,
            45300,
            45300,
            45300,
            45300,
            45300,
            45300,
            45300,
            45300,
            45300,
            45300
        ]
    },
    "RunTime": 341.906576797
}
