{
    "Results": {
        "c": 81,
        "delivery_nodes": [
            100.0,
            100.0,
            100.0,
            100.0,
            100.0,
            100.0,
            100.0,
            100.0,
            100.0,
            100.0,
            100.0,
            100.0,
            100.0,
            100.0,
            100.0,
            100.0,
            100.0,
            100.0,
            100.0,
            100.0,
            100.0,
            100.0,
            100.0,
            100.0,
            100.0,
            100.0,
            100.0,
            100.0,
            100.0,
            100.0,
            100.0,
            100.0,
            100.0,
            100.0,
            100.0,
            100.0,
            100.0,
            100.0,
            100.0,
            100.0,
            100.0,
            100.0,
            100.0,
            100.0,
            100.0,
            100.0,
            100.0,
            100.0,
            100.0,
            100.0
        ],
        "delivery_time": [
            33.382716049382715,
            32.97530864197531,
            33.03703703703704,
            33.58024691358025,
            33.876543209876544,
            34.407407407407405,
            32.864197530864196,
            33.58024691358025,
            33.888888888888886,
            33.901234567901234,
            33.160493827160494,
            33.72839506172839,
            33.851851851851855,
            32.98765432098765,
            33.39506172839506,
            34.148148148148145,
            33.41975308641975,
            32.80246913580247,
            33.4320987654321,
            33.97530864197531,
            33.18518518518518,
            33.60493827160494,
            34.2962962962963,
            34.01234567901235,
            33.864197530864196,
            33.67901234567901,
            33.135802469135804,
            33.2962962962963,
            33.53086419753087,
            33.76543209876543,
            33.97530864197531,
            34.30864197530864,
            33.22222222222222,
            33.28395061728395,
            33.358024691358025,
            33.45679012345679,
            34.629629629629626,
            33.111111111111114,
            33.666666666666664,
            33.19753086419753,
            33.75308641975309,
            33.58024691358025,
            33.74074074074074,
            33.074074074074076,
            33.65432098765432,
            34.01234567901235,
            33.95061728395062,
            33.67901234567901,
            33.135802469135804,
            33.60493827160494
        ],
        "disagreement": [
            0.0,
            0.0,
            0.0,
            0.0,
            0.0,
            0.0,
            0.0,
            0.0,
            0.0,
            0.0,
            0.0,
            0.0,
            0.0,
            0.0,
            0.0,
            0.0,
            0.0,
            0.0,
            0.0,
            0.0,
            0.0,
            0.0,
            0.0,
            0.0,
            0.0,
            0.0,
            0.0,
            0.0,
            0.0,
            0.0,
            0.0,
            0.0,
            0.0,
            0.0,
            0.0,
            0.0,
            0.0,
            0.0,
            0.0,
            0.0,
            0.0,
            0.0,
            0.0,
            0.0,
            0.0,
            0.0,
            0.0,
            0.0,
            0.0,
            0.0
        ],
        "disagreement_frequency": [],
        "f": 19,
        "finishing_steps": [
            7,
            7,
            7,
            7,
            7,
            7,
            7,
            7,
            7,
            7,
            7,
            7,
            7,
            7,
            7,
            7,
            7,
            7,
            7,
            7,
            7,
            7,
            7,
            7,
            7,
            7,
            7,
            7,
            7,
            7,
            7,
            7,
            7,
            7,
            7,
            7,
            7,
            7,
            7,
            7,
            7,
            7,
            7,
            7,
            7,
            7,
            7,
            7,
            7,
            7
        ],
        "n": 100,
        "p": 100,
        "termination_rate": [
            1.0,
            1.0,
            1.0,
            1.0,
            1.0,
            1.0,
            1.0,
            1.0,
            1.0,
            1.0,
            1.0,
            1.0,
            1.0,
            1.0,
            1.0,
            1.0,
            1.0,
            1.0,
            1.0,
            1.0,
            1.0,
            1.0,
            1.0,
            1.0,
            1.0,
            1.0,
            1.0,
            1.0,
            1.0,
            1.0,
            1.0,
            1.0,
            1.0,
            1.0,
            1.0,
            1.0,
            1.0,
            1.0,
            1.0,
            1.0,
            1.0,
            1.0,
            1.0,
            1.0,
            1.0,
            1.0,
            1.0,
            1.0,
            1.0,
            1.0
        ],
        "total_msgs_sent": [
            50500,
            50500,
            50500,
            50500,
            50500,
            50500,
            50500,
            50500,
            50500,
            50500,
            50500,
            50500,
            50500,
            50500,
            50500,
            50500,
            50500,
            50500,
            50500,
            50500,
            50500,
            50500,
            50500,
            50500,
            50500,
            50500,
            50500,
            50500,
            50500,
            50500,
            50500,
            50500,
            50500,
            50500,
            50500,
            50500,
            50500,
            50500,
            50500,
            50500,
            50500,
            50500,
            50500,
            50500,
            50500,
            50500,
            50500,
            50500,
            50500,
            50500
        ]
    },
    "RunTime": 352.32895978
}
