{
    "Results": {
        "c": 75,
        "delivery_nodes": [
            100.0,
            100.0,
            100.0,
            100.0,
            100.0,
            100.0,
            100.0,
            100.0,
            100.0,
            100.0,
            100.0,
            100.0,
            100.0,
            100.0,
            100.0,
            100.0,
            100.0,
            100.0,
            100.0,
            100.0,
            100.0,
            100.0,
            100.0,
            100.0,
            100.0,
            100.0,
            100.0,
            100.0,
            100.0,
            100.0,
            100.0,
            100.0,
            100.0,
            100.0,
            100.0,
            100.0,
            100.0,
            100.0,
            100.0,
            100.0,
            100.0,
            100.0,
            100.0,
            100.0,
            100.0,
            100.0,
            100.0,
            100.0,
            100.0,
            100.0
        ],
        "delivery_time": [
            34.54666666666667,
            34.626666666666665,
            34.2,
            34.986666666666665,
            34.72,
            33.82666666666667,
            34.306666666666665,
            34.8,
            34.74666666666667,
            34.89333333333333,
            34.08,
            33.93333333333333,
            33.70666666666666,
            34.666666666666664,
            34.373333333333335,
            34.36,
            33.49333333333333,
            34.653333333333336,
            34.84,
            34.46666666666667,
            34.86666666666667,
            34.13333333333333,
            34.626666666666665,
            34.77333333333333,
            34.56,
            33.86666666666667,
            34.68,
            34.32,
            34.48,
            34.653333333333336,
            34.70666666666666,
            33.68,
            34.72,
            34.4,
            34.666666666666664,
            34.266666666666666,
            34.08,
            35.46666666666667,
            34.13333333333333,
            34.88,
            34.50666666666667,
            33.986666666666665,
            34.68,
            34.57333333333333,
            34.373333333333335,
            34.21333333333333,
            34.906666666666666,
            34.81333333333333,
            34.906666666666666,
            34.346666666666664
        ],
        "disagreement": [
            0.0,
            0.0,
            0.0,
            0.0,
            0.0,
            0.0,
            0.0,
            0.0,
            0.0,
            0.0,
            0.0,
            0.0,
            0.0,
            0.0,
            0.0,
            0.0,
            0.0,
            0.0,
            0.0,
            0.0,
            0.0,
            0.0,
            0.0,
            0.0,
            0.0,
            0.0,
            0.0,
            0.0,
            0.0,
            0.0,
            0.0,
            0.0,
            0.0,
            0.0,
            0.0,
            0.0,
            0.0,
            0.0,
            0.0,
            0.0,
            0.0,
            0.0,
            0.0,
            0.0,
            0.0,
            0.0,
            0.0,
            0.0,
            0.0,
            0.0
        ],
        "disagreement_frequency": [],
        "f": 25,
        "finishing_steps": [
            7,
            7,
            7,
            7,
            7,
            7,
            7,
            7,
            7,
            7,
            7,
            7,
            7,
            7,
            7,
            7,
            7,
            7,
            7,
            7,
            7,
            7,
            7,
            7,
            7,
            7,
            7,
            7,
            7,
            7,
            7,
            7,
            7,
            7,
            7,
            7,
            7,
            7,
            7,
            7,
            7,
            7,
            7,
            7,
            7,
            7,
            7,
            7,
            7,
            7
        ],
        "n": 100,
        "p": 100,
        "termination_rate": [
            1.0,
            1.0,
            1.0,
            1.0,
            1.0,
            1.0,
            1.0,
            1.0,
            1.0,
            1.0,
            1.0,
            1.0,
            1.0,
            1.0,
            1.0,
            1.0,
            1.0,
            1.0,
            1.0,
            1.0,
            1.0,
            1.0,
            1.0,
            1.0,
            1.0,
            1.0,
            1.0,
            1.0,
            1.0,
            1.0,
            1.0,
            1.0,
            1.0,
            1.0,
            1.0,
            1.0,
            1.0,
            1.0,
            1.0,
            1.0,
            1.0,
            1.0,
            1.0,
            1.0,
            1.0,
            1.0,
            1.0,
            1.0,
            1.0,
            1.0
        ],
        "total_msgs_sent": [
            47500,
            47500,
            47500,
            47500,
            47500,
            47500,
            47500,
            47500,
            47500,
            47500,
            47500,
            47500,
            47500,
            47500,
            47500,
            47500,
            47500,
            47500,
            47500,
            47500,
            47500,
            47500,
            47500,
            47500,
            47500,
            47500,
            47500,
            47500,
            47500,
            47500,
            47500,
            47500,
            47500,
            47500,
            47500,
            47500,
            47500,
            47500,
            47500,
            47500,
            47500,
            47500,
            47500,
            47500,
            47500,
            47500,
            47500,
            47500,
            47500,
            47500
        ]
    },
    "RunTime": 347.918014735
}
