{
    "Results": {
        "c": 67,
        "delivery_nodes": [
            100.0,
            100.0,
            100.0,
            100.0,
            100.0,
            100.0,
            100.0,
            100.0,
            100.0,
            100.0,
            100.0,
            100.0,
            100.0,
            100.0,
            100.0,
            100.0,
            100.0,
            100.0,
            100.0,
            100.0,
            100.0,
            100.0,
            100.0,
            100.0,
            100.0,
            100.0,
            100.0,
            100.0,
            100.0,
            100.0,
            100.0,
            100.0,
            100.0,
            100.0,
            100.0,
            100.0,
            100.0,
            100.0,
            100.0,
            100.0,
            100.0,
            100.0,
            100.0,
            100.0,
            100.0,
            100.0,
            100.0,
            100.0,
            100.0,
            100.0
        ],
        "delivery_time": [
            40.04477611940298,
            38.88059701492537,
            38.492537313432834,
            38.940298507462686,
            39.134328358208954,
            39.208955223880594,
            39.208955223880594,
            38.83582089552239,
            39.134328358208954,
            39.07462686567164,
            39.02985074626866,
            38.97014925373134,
            39.32835820895522,
            38.40298507462686,
            39.223880597014926,
            38.82089552238806,
            38.97014925373134,
            39.23880597014925,
            39.32835820895522,
            39.35820895522388,
            39.059701492537314,
            39.23880597014925,
            38.91044776119403,
            39.1044776119403,
            38.865671641791046,
            39.134328358208954,
            38.83582089552239,
            39.417910447761194,
            39.1044776119403,
            39.08955223880597,
            40.059701492537314,
            39.46268656716418,
            39.208955223880594,
            39.04477611940298,
            39.1044776119403,
            39.343283582089555,
            39.19402985074627,
            39.07462686567164,
            39.0,
            39.23880597014925,
            39.298507462686565,
            38.343283582089555,
            38.80597014925373,
            39.38805970149254,
            39.3134328358209,
            39.298507462686565,
            38.25373134328358,
            38.40298507462686,
            38.82089552238806,
            39.298507462686565
        ],
        "disagreement": [
            0.0,
            0.0,
            0.0,
            0.0,
            0.0,
            0.0,
            0.0,
            0.0,
            0.0,
            0.0,
            0.0,
            0.0,
            0.0,
            0.0,
            0.0,
            0.0,
            0.0,
            0.0,
            0.0,
            0.0,
            0.0,
            0.0,
            0.0,
            0.0,
            0.0,
            0.0,
            0.0,
            0.0,
            0.0,
            0.0,
            0.0,
            0.0,
            0.0,
            0.0,
            0.0,
            0.0,
            0.0,
            0.0,
            0.0,
            0.0,
            0.0,
            0.0,
            0.0,
            0.0,
            0.0,
            0.0,
            0.0,
            0.0,
            0.0,
            0.0
        ],
        "disagreement_frequency": [],
        "f": 33,
        "finishing_steps": [
            7,
            7,
            7,
            7,
            7,
            7,
            7,
            7,
            7,
            7,
            7,
            7,
            7,
            7,
            7,
            7,
            7,
            7,
            7,
            7,
            7,
            7,
            7,
            7,
            7,
            7,
            7,
            7,
            7,
            7,
            7,
            7,
            7,
            7,
            7,
            7,
            7,
            7,
            7,
            7,
            7,
            7,
            7,
            7,
            7,
            7,
            7,
            7,
            7,
            7
        ],
        "n": 100,
        "p": 90,
        "termination_rate": [
            1.0,
            1.0,
            1.0,
            1.0,
            1.0,
            1.0,
            1.0,
            1.0,
            1.0,
            1.0,
            1.0,
            1.0,
            1.0,
            1.0,
            1.0,
            1.0,
            1.0,
            1.0,
            1.0,
            1.0,
            1.0,
            1.0,
            1.0,
            1.0,
            1.0,
            1.0,
            1.0,
            1.0,
            1.0,
            1.0,
            1.0,
            1.0,
            1.0,
            1.0,
            1.0,
            1.0,
            1.0,
            1.0,
            1.0,
            1.0,
            1.0,
            1.0,
            1.0,
            1.0,
            1.0,
            1.0,
            1.0,
            1.0,
            1.0,
            1.0
        ],
        "total_msgs_sent": [
            41900,
            41900,
            41900,
            41900,
            41900,
            41900,
            41900,
            41900,
            41900,
            41900,
            41900,
            41900,
            41900,
            41900,
            41900,
            41900,
            41900,
            41900,
            41900,
            41900,
            41900,
            41900,
            41900,
            41900,
            41900,
            41900,
            41900,
            41900,
            41900,
            41900,
            41900,
            41900,
            41900,
            41900,
            41900,
            41900,
            41900,
            41900,
            41900,
            41900,
            41900,
            41900,
            41900,
            41900,
            41900,
            41900,
            41900,
            41900,
            41900,
            41900
        ]
    },
    "RunTime": 355.308905685
}
