{
    "Results": {
        "c": 81,
        "delivery_nodes": [
            100.0,
            100.0,
            100.0,
            100.0,
            100.0,
            100.0,
            100.0,
            100.0,
            100.0,
            100.0,
            100.0,
            100.0,
            100.0,
            100.0,
            100.0,
            100.0,
            100.0,
            100.0,
            100.0,
            100.0,
            100.0,
            100.0,
            100.0,
            100.0,
            100.0,
            100.0,
            100.0,
            100.0,
            100.0,
            100.0,
            100.0,
            100.0,
            100.0,
            100.0,
            100.0,
            100.0,
            100.0,
            100.0,
            100.0,
            100.0,
            100.0,
            100.0,
            100.0,
            100.0,
            100.0,
            100.0,
            100.0,
            100.0,
            100.0,
            100.0
        ],
        "delivery_time": [
            36.864197530864196,
            36.39506172839506,
            36.7037037037037,
            37.876543209876544,
            36.69135802469136,
            37.46913580246913,
            37.76543209876543,
            37.098765432098766,
            37.58024691358025,
            36.925925925925924,
            37.876543209876544,
            37.51851851851852,
            36.864197530864196,
            37.76543209876543,
            37.370370370370374,
            36.851851851851855,
            36.901234567901234,
            37.77777777777778,
            37.32098765432099,
            37.7037037037037,
            35.77777777777778,
            37.18518518518518,
            37.925925925925924,
            36.382716049382715,
            37.25925925925926,
            37.23456790123457,
            37.160493827160494,
            37.08641975308642,
            36.592592592592595,
            36.839506172839506,
            36.876543209876544,
            36.71604938271605,
            36.30864197530864,
            37.08641975308642,
            37.641975308641975,
            37.333333333333336,
            37.34567901234568,
            37.839506172839506,
            36.98765432098765,
            36.67901234567901,
            37.67901234567901,
            37.22222222222222,
            37.76543209876543,
            37.876543209876544,
            37.49382716049383,
            37.71604938271605,
            37.79012345679013,
            36.67901234567901,
            37.54320987654321,
            36.77777777777778
        ],
        "disagreement": [
            0.0,
            0.0,
            0.0,
            0.0,
            0.0,
            0.0,
            0.0,
            0.0,
            0.0,
            0.0,
            0.0,
            0.0,
            0.0,
            0.0,
            0.0,
            0.0,
            0.0,
            0.0,
            0.0,
            0.0,
            0.0,
            0.0,
            0.0,
            0.0,
            0.0,
            0.0,
            0.0,
            0.0,
            0.0,
            0.0,
            0.0,
            0.0,
            0.0,
            0.0,
            0.0,
            0.0,
            0.0,
            0.0,
            0.0,
            0.0,
            0.0,
            0.0,
            0.0,
            0.0,
            0.0,
            0.0,
            0.0,
            0.0,
            0.0,
            0.0
        ],
        "disagreement_frequency": [],
        "f": 19,
        "finishing_steps": [
            7,
            7,
            7,
            7,
            7,
            7,
            7,
            7,
            7,
            7,
            7,
            7,
            7,
            7,
            7,
            7,
            7,
            7,
            7,
            7,
            7,
            7,
            7,
            7,
            7,
            7,
            7,
            7,
            7,
            7,
            7,
            7,
            7,
            7,
            7,
            7,
            7,
            7,
            7,
            7,
            7,
            7,
            7,
            7,
            7,
            7,
            7,
            7,
            7,
            7
        ],
        "n": 100,
        "p": 90,
        "termination_rate": [
            1.0,
            1.0,
            1.0,
            1.0,
            1.0,
            1.0,
            1.0,
            1.0,
            1.0,
            1.0,
            1.0,
            1.0,
            1.0,
            1.0,
            1.0,
            1.0,
            1.0,
            1.0,
            1.0,
            1.0,
            1.0,
            1.0,
            1.0,
            1.0,
            1.0,
            1.0,
            1.0,
            1.0,
            1.0,
            1.0,
            1.0,
            1.0,
            1.0,
            1.0,
            1.0,
            1.0,
            1.0,
            1.0,
            1.0,
            1.0,
            1.0,
            1.0,
            1.0,
            1.0,
            1.0,
            1.0,
            1.0,
            1.0,
            1.0,
            1.0
        ],
        "total_msgs_sent": [
            47700,
            47700,
            47700,
            47700,
            47700,
            47700,
            47700,
            47700,
            47700,
            47700,
            47700,
            47700,
            47700,
            47700,
            47700,
            47700,
            47700,
            47700,
            47700,
            47700,
            47700,
            47700,
            47700,
            47700,
            47700,
            47700,
            47700,
            47700,
            47700,
            47700,
            47700,
            47700,
            47700,
            47700,
            47700,
            47700,
            47700,
            47700,
            47700,
            47700,
            47700,
            47700,
            47700,
            47700,
            47700,
            47700,
            47700,
            47700,
            47700,
            47700
        ]
    },
    "RunTime": 314.792138297
}
