{
    "Results": {
        "c": 67,
        "delivery_nodes": [
            100.0,
            100.0,
            100.0,
            100.0,
            100.0,
            100.0,
            100.0,
            100.0,
            100.0,
            100.0,
            100.0,
            100.0,
            100.0,
            100.0,
            100.0,
            100.0,
            100.0,
            100.0,
            100.0,
            100.0,
            100.0,
            100.0,
            100.0,
            100.0,
            100.0,
            100.0,
            100.0,
            100.0,
            100.0,
            100.0,
            100.0,
            100.0,
            100.0,
            100.0,
            100.0,
            100.0,
            100.0,
            100.0,
            100.0,
            100.0,
            100.0,
            100.0,
            100.0,
            100.0,
            100.0,
            100.0,
            100.0,
            100.0,
            100.0,
            100.0
        ],
        "delivery_time": [
            42.53731343283582,
            43.223880597014926,
            43.92537313432836,
            42.940298507462686,
            43.04477611940298,
            42.701492537313435,
            43.97014925373134,
            43.52238805970149,
            43.582089552238806,
            43.40298507462686,
            43.43283582089552,
            42.83582089552239,
            42.80597014925373,
            44.04477611940298,
            43.492537313432834,
            42.850746268656714,
            42.97014925373134,
            43.88059701492537,
            43.208955223880594,
            44.16417910447761,
            43.62686567164179,
            42.59701492537314,
            42.47761194029851,
            43.11940298507463,
            43.67164179104478,
            44.02985074626866,
            43.19402985074627,
            42.35820895522388,
            43.492537313432834,
            42.56716417910448,
            43.26865671641791,
            43.25373134328358,
            42.74626865671642,
            42.46268656716418,
            42.985074626865675,
            42.985074626865675,
            43.25373134328358,
            44.17910447761194,
            42.97014925373134,
            43.61194029850746,
            43.55223880597015,
            43.014925373134325,
            43.53731343283582,
            43.62686567164179,
            42.55223880597015,
            43.47761194029851,
            43.582089552238806,
            42.776119402985074,
            43.47761194029851,
            43.02985074626866
        ],
        "disagreement": [
            0.0,
            0.0,
            0.0,
            0.0,
            0.0,
            0.0,
            0.0,
            0.0,
            0.0,
            0.0,
            0.0,
            0.0,
            0.0,
            0.0,
            0.0,
            0.0,
            0.0,
            0.0,
            0.0,
            0.0,
            0.0,
            0.0,
            0.0,
            0.0,
            0.0,
            0.0,
            0.0,
            0.0,
            0.0,
            0.0,
            0.0,
            0.0,
            0.0,
            0.0,
            0.0,
            0.0,
            0.0,
            0.0,
            0.0,
            0.0,
            0.0,
            0.0,
            0.0,
            0.0,
            0.0,
            0.0,
            0.0,
            0.0,
            0.0,
            0.0
        ],
        "disagreement_frequency": [],
        "f": 33,
        "finishing_steps": [
            7,
            7,
            7,
            7,
            7,
            7,
            7,
            7,
            7,
            7,
            7,
            7,
            7,
            7,
            7,
            7,
            7,
            7,
            7,
            7,
            7,
            7,
            7,
            7,
            7,
            7,
            7,
            7,
            7,
            7,
            7,
            7,
            7,
            7,
            7,
            7,
            7,
            7,
            7,
            7,
            7,
            7,
            7,
            7,
            7,
            7,
            7,
            7,
            7,
            7
        ],
        "n": 100,
        "p": 80,
        "termination_rate": [
            1.0,
            1.0,
            1.0,
            1.0,
            1.0,
            1.0,
            1.0,
            1.0,
            1.0,
            1.0,
            1.0,
            1.0,
            1.0,
            1.0,
            1.0,
            1.0,
            1.0,
            1.0,
            1.0,
            1.0,
            1.0,
            1.0,
            1.0,
            1.0,
            1.0,
            1.0,
            1.0,
            1.0,
            1.0,
            1.0,
            1.0,
            1.0,
            1.0,
            1.0,
            1.0,
            1.0,
            1.0,
            1.0,
            1.0,
            1.0,
            1.0,
            1.0,
            1.0,
            1.0,
            1.0,
            1.0,
            1.0,
            1.0,
            1.0,
            1.0
        ],
        "total_msgs_sent": [
            39100,
            39100,
            39100,
            39100,
            39100,
            39100,
            39100,
            39100,
            39100,
            39100,
            39100,
            39100,
            39100,
            39100,
            39100,
            39100,
            39100,
            39100,
            39100,
            39100,
            39100,
            39100,
            39100,
            39100,
            39100,
            39100,
            39100,
            39100,
            39100,
            39100,
            39100,
            39100,
            39100,
            39100,
            39100,
            39100,
            39100,
            39100,
            39100,
            39100,
            39100,
            39100,
            39100,
            39100,
            39100,
            39100,
            39100,
            39100,
            39100,
            39100
        ]
    },
    "RunTime": 331.249298013
}
