{
    "Results": {
        "c": 60,
        "delivery_nodes": [
            100.0,
            100.0,
            100.0,
            100.0,
            100.0,
            100.0,
            100.0,
            100.0,
            100.0,
            100.0,
            100.0,
            100.0,
            100.0,
            100.0,
            100.0,
            100.0,
            100.0,
            100.0,
            100.0,
            100.0,
            100.0,
            100.0,
            100.0,
            100.0,
            100.0,
            100.0,
            100.0,
            100.0,
            100.0,
            100.0,
            100.0,
            100.0,
            100.0,
            100.0,
            100.0,
            100.0,
            100.0,
            100.0,
            100.0,
            100.0,
            100.0,
            100.0,
            100.0,
            100.0,
            100.0,
            100.0,
            100.0,
            100.0,
            100.0,
            100.0
        ],
        "delivery_time": [
            47.5,
            46.81666666666667,
            46.88333333333333,
            47.31666666666667,
            47.68333333333333,
            47.5,
            46.833333333333336,
            46.9,
            46.916666666666664,
            47.38333333333333,
            46.78333333333333,
            47.8,
            47.3,
            46.95,
            47.31666666666667,
            47.46666666666667,
            46.766666666666666,
            47.03333333333333,
            47.266666666666666,
            46.96666666666667,
            46.916666666666664,
            46.43333333333333,
            47.1,
            47.63333333333333,
            47.016666666666666,
            46.85,
            47.06666666666667,
            47.46666666666667,
            47.21666666666667,
            47.18333333333333,
            47.2,
            46.96666666666667,
            46.86666666666667,
            47.266666666666666,
            47.06666666666667,
            46.833333333333336,
            47.25,
            46.9,
            46.916666666666664,
            47.46666666666667,
            46.86666666666667,
            46.63333333333333,
            47.233333333333334,
            46.96666666666667,
            47.15,
            47.13333333333333,
            47.516666666666666,
            47.13333333333333,
            46.9,
            47.38333333333333
        ],
        "disagreement": [
            0.0,
            0.0,
            0.0,
            0.0,
            0.0,
            0.0,
            0.0,
            0.0,
            0.0,
            0.0,
            0.0,
            0.0,
            0.0,
            0.0,
            0.0,
            0.0,
            0.0,
            0.0,
            0.0,
            0.0,
            0.0,
            0.0,
            0.0,
            0.0,
            0.0,
            0.0,
            0.0,
            0.0,
            0.0,
            0.0,
            0.0,
            0.0,
            0.0,
            0.0,
            0.0,
            0.0,
            0.0,
            0.0,
            0.0,
            0.0,
            0.0,
            0.0,
            0.0,
            0.0,
            0.0,
            0.0,
            0.0,
            0.0,
            0.0,
            0.0
        ],
        "disagreement_frequency": [],
        "f": 40,
        "finishing_steps": [
            7,
            7,
            7,
            7,
            7,
            7,
            7,
            7,
            7,
            7,
            7,
            7,
            7,
            7,
            7,
            7,
            7,
            7,
            7,
            7,
            7,
            7,
            7,
            7,
            7,
            7,
            7,
            7,
            7,
            7,
            7,
            7,
            7,
            7,
            7,
            7,
            7,
            7,
            7,
            7,
            7,
            7,
            7,
            7,
            7,
            7,
            7,
            7,
            7,
            7
        ],
        "n": 100,
        "p": 90,
        "termination_rate": [
            1.0,
            1.0,
            1.0,
            1.0,
            1.0,
            1.0,
            1.0,
            1.0,
            1.0,
            1.0,
            1.0,
            1.0,
            1.0,
            1.0,
            1.0,
            1.0,
            1.0,
            1.0,
            1.0,
            1.0,
            1.0,
            1.0,
            1.0,
            1.0,
            1.0,
            1.0,
            1.0,
            1.0,
            1.0,
            1.0,
            1.0,
            1.0,
            1.0,
            1.0,
            1.0,
            1.0,
            1.0,
            1.0,
            1.0,
            1.0,
            1.0,
            1.0,
            1.0,
            1.0,
            1.0,
            1.0,
            1.0,
            1.0,
            1.0,
            1.0
        ],
        "total_msgs_sent": [
            38000,
            38000,
            38000,
            38000,
            38000,
            38000,
            38000,
            38000,
            38000,
            38000,
            38000,
            38000,
            38000,
            38000,
            38000,
            38000,
            38000,
            38000,
            38000,
            38000,
            38000,
            38000,
            38000,
            38000,
            38000,
            38000,
            38000,
            38000,
            38000,
            38000,
            38000,
            38000,
            38000,
            38000,
            38000,
            38000,
            38000,
            38000,
            38000,
            38000,
            38000,
            38000,
            38000,
            38000,
            38000,
            38000,
            38000,
            38000,
            38000,
            38000
        ]
    },
    "RunTime": 328.267339139
}
