{
    "Results": {
        "c": 75,
        "delivery_nodes": [
            100.0,
            100.0,
            100.0,
            100.0,
            100.0,
            100.0,
            100.0,
            100.0,
            100.0,
            100.0,
            100.0,
            100.0,
            100.0,
            100.0,
            100.0,
            100.0,
            100.0,
            100.0,
            100.0,
            100.0,
            100.0,
            100.0,
            100.0,
            100.0,
            100.0,
            100.0,
            100.0,
            100.0,
            100.0,
            100.0,
            100.0,
            100.0,
            100.0,
            100.0,
            100.0,
            100.0,
            100.0,
            100.0,
            100.0,
            100.0,
            100.0,
            100.0,
            100.0,
            100.0,
            100.0,
            100.0,
            100.0,
            100.0,
            100.0,
            100.0
        ],
        "delivery_time": [
            18.36,
            18.8,
            18.266666666666666,
            17.613333333333333,
            18.106666666666666,
            18.04,
            17.906666666666666,
            18.506666666666668,
            18.2,
            18.16,
            18.30666666666667,
            18.586666666666666,
            17.933333333333334,
            18.0,
            19.026666666666667,
            18.026666666666667,
            18.573333333333334,
            18.453333333333333,
            18.026666666666667,
            18.506666666666668,
            18.506666666666668,
            18.30666666666667,
            18.84,
            18.44,
            17.706666666666667,
            17.666666666666668,
            18.986666666666668,
            17.69333333333333,
            18.586666666666666,
            18.026666666666667,
            18.493333333333332,
            18.72,
            19.173333333333332,
            18.04,
            17.186666666666667,
            18.373333333333335,
            17.933333333333334,
            18.346666666666668,
            18.533333333333335,
            18.653333333333332,
            18.653333333333332,
            18.293333333333333,
            17.906666666666666,
            18.28,
            18.426666666666666,
            18.373333333333335,
            17.946666666666665,
            17.893333333333334,
            18.16,
            18.786666666666665
        ],
        "disagreement": [
            0.0,
            0.0,
            0.0,
            0.0,
            0.0,
            0.0,
            0.0,
            0.0,
            0.0,
            0.0,
            0.0,
            0.0,
            0.0,
            0.0,
            0.0,
            0.0,
            0.0,
            0.0,
            0.0,
            0.0,
            0.0,
            0.0,
            0.0,
            0.0,
            0.0,
            0.0,
            0.0,
            0.0,
            0.0,
            0.0,
            0.0,
            0.0,
            0.0,
            0.0,
            0.0,
            0.0,
            0.0,
            0.0,
            0.0,
            0.0,
            0.0,
            0.0,
            0.0,
            0.0,
            0.0,
            0.0,
            0.0,
            0.0,
            0.0,
            0.0
        ],
        "disagreement_frequency": [],
        "f": 25,
        "finishing_steps": [
            3,
            3,
            3,
            3,
            3,
            3,
            3,
            3,
            3,
            3,
            3,
            3,
            3,
            3,
            3,
            3,
            3,
            3,
            3,
            3,
            3,
            3,
            3,
            3,
            3,
            3,
            3,
            3,
            3,
            3,
            3,
            3,
            3,
            3,
            3,
            3,
            3,
            3,
            3,
            3,
            3,
            3,
            3,
            3,
            3,
            3,
            3,
            3,
            3,
            3
        ],
        "n": 100,
        "p": 90,
        "termination_rate": [
            1.0,
            1.0,
            1.0,
            1.0,
            1.0,
            1.0,
            1.0,
            1.0,
            1.0,
            1.0,
            1.0,
            1.0,
            1.0,
            1.0,
            1.0,
            1.0,
            1.0,
            1.0,
            1.0,
            1.0,
            1.0,
            1.0,
            1.0,
            1.0,
            1.0,
            1.0,
            1.0,
            1.0,
            1.0,
            1.0,
            1.0,
            1.0,
            1.0,
            1.0,
            1.0,
            1.0,
            1.0,
            1.0,
            1.0,
            1.0,
            1.0,
            1.0,
            1.0,
            1.0,
            1.0,
            1.0,
            1.0,
            1.0,
            1.0,
            1.0
        ],
        "total_msgs_sent": [
            15000,
            15000,
            15000,
            15000,
            15000,
            15000,
            15000,
            15000,
            15000,
            15000,
            15000,
            15000,
            15000,
            15000,
            15000,
            15000,
            15000,
            15000,
            15000,
            15000,
            15000,
            15000,
            15000,
            15000,
            15000,
            15000,
            15000,
            15000,
            15000,
            15000,
            15000,
            15000,
            15000,
            15000,
            15000,
            15000,
            15000,
            15000,
            15000,
            15000,
            15000,
            15000,
            15000,
            15000,
            15000,
            15000,
            15000,
            15000,
            15000,
            15000
        ]
    },
    "RunTime": 135.586197206
}
