{
    "Results": {
        "c": 67,
        "delivery_nodes": [
            100.0,
            100.0,
            100.0,
            100.0,
            100.0,
            100.0,
            100.0,
            100.0,
            100.0,
            100.0,
            100.0,
            100.0,
            100.0,
            100.0,
            100.0,
            100.0,
            100.0,
            100.0,
            100.0,
            100.0,
            100.0,
            100.0,
            100.0,
            100.0,
            100.0,
            100.0,
            100.0,
            100.0,
            100.0,
            100.0,
            100.0,
            100.0,
            100.0,
            100.0,
            100.0,
            100.0,
            100.0,
            100.0,
            100.0,
            100.0,
            100.0,
            100.0,
            100.0,
            100.0,
            100.0,
            100.0,
            100.0,
            100.0,
            100.0,
            100.0
        ],
        "delivery_time": [
            15.865671641791044,
            15.537313432835822,
            14.0,
            13.701492537313433,
            14.701492537313433,
            14.119402985074627,
            14.835820895522389,
            15.402985074626866,
            14.895522388059701,
            15.328358208955224,
            15.029850746268657,
            14.059701492537313,
            15.253731343283581,
            13.791044776119403,
            14.253731343283581,
            14.611940298507463,
            15.343283582089553,
            14.835820895522389,
            14.970149253731343,
            14.761194029850746,
            13.82089552238806,
            15.582089552238806,
            15.35820895522388,
            14.552238805970148,
            14.402985074626866,
            14.477611940298507,
            15.417910447761194,
            15.373134328358208,
            14.17910447761194,
            15.850746268656716,
            14.432835820895523,
            14.492537313432836,
            14.283582089552239,
            15.134328358208956,
            15.373134328358208,
            15.283582089552239,
            15.328358208955224,
            14.059701492537313,
            14.462686567164178,
            15.283582089552239,
            14.656716417910447,
            14.567164179104477,
            14.417910447761194,
            13.791044776119403,
            15.970149253731343,
            14.537313432835822,
            15.35820895522388,
            16.0,
            13.776119402985074,
            14.223880597014926
        ],
        "disagreement": [
            0.0,
            0.0,
            0.0,
            0.0,
            0.0,
            0.0,
            0.0,
            0.0,
            0.0,
            0.0,
            0.0,
            0.0,
            0.0,
            0.0,
            0.0,
            0.0,
            0.0,
            0.0,
            0.0,
            0.0,
            0.0,
            0.0,
            0.0,
            0.0,
            0.0,
            0.0,
            0.0,
            0.0,
            0.0,
            0.0,
            0.0,
            0.0,
            0.0,
            0.0,
            0.0,
            0.0,
            0.0,
            0.0,
            0.0,
            0.0,
            0.0,
            0.0,
            0.0,
            0.0,
            0.0,
            0.0,
            0.0,
            0.0,
            0.0,
            0.0
        ],
        "disagreement_frequency": [],
        "f": 33,
        "finishing_steps": [
            2,
            2,
            2,
            2,
            2,
            2,
            2,
            2,
            2,
            2,
            2,
            2,
            2,
            2,
            2,
            2,
            2,
            2,
            2,
            2,
            2,
            2,
            2,
            2,
            2,
            2,
            2,
            2,
            2,
            2,
            2,
            2,
            2,
            2,
            2,
            2,
            2,
            2,
            2,
            2,
            2,
            2,
            2,
            2,
            2,
            2,
            2,
            2,
            2,
            2
        ],
        "n": 100,
        "p": 80,
        "termination_rate": [
            1.0,
            1.0,
            1.0,
            1.0,
            1.0,
            1.0,
            1.0,
            1.0,
            1.0,
            1.0,
            1.0,
            1.0,
            1.0,
            1.0,
            1.0,
            1.0,
            1.0,
            1.0,
            1.0,
            1.0,
            1.0,
            1.0,
            1.0,
            1.0,
            1.0,
            1.0,
            1.0,
            1.0,
            1.0,
            1.0,
            1.0,
            1.0,
            1.0,
            1.0,
            1.0,
            1.0,
            1.0,
            1.0,
            1.0,
            1.0,
            1.0,
            1.0,
            1.0,
            1.0,
            1.0,
            1.0,
            1.0,
            1.0,
            1.0,
            1.0
        ],
        "total_msgs_sent": [
            28000,
            31700,
            28700,
            29400,
            31200,
            28300,
            31100,
            30500,
            30300,
            31200,
            29300,
            29700,
            27900,
            29100,
            30500,
            31200,
            31600,
            28000,
            29500,
            29100,
            28100,
            30900,
            31100,
            29500,
            29900,
            30000,
            29000,
            30300,
            27200,
            31300,
            29300,
            30200,
            29000,
            30400,
            30700,
            31000,
            29300,
            29600,
            29400,
            30700,
            29300,
            29800,
            29600,
            29300,
            31500,
            29900,
            31400,
            29900,
            29700,
            29600
        ]
    },
    "RunTime": 252.321661896
}
