{
    "Results": {
        "c": 60,
        "delivery_nodes": [
            100.0,
            100.0,
            100.0,
            100.0,
            100.0,
            100.0,
            100.0,
            100.0,
            100.0,
            100.0,
            100.0,
            100.0,
            100.0,
            100.0,
            100.0,
            100.0,
            100.0,
            100.0,
            100.0,
            100.0,
            100.0,
            100.0,
            100.0,
            100.0,
            100.0,
            100.0,
            100.0,
            100.0,
            100.0,
            100.0,
            100.0,
            100.0,
            100.0,
            100.0,
            100.0,
            100.0,
            100.0,
            100.0,
            100.0,
            100.0,
            100.0,
            100.0,
            100.0,
            100.0,
            100.0,
            100.0,
            100.0,
            100.0,
            100.0,
            100.0
        ],
        "delivery_time": [
            12.2,
            13.633333333333333,
            12.916666666666666,
            12.916666666666666,
            13.166666666666666,
            13.55,
            13.283333333333333,
            13.416666666666666,
            12.633333333333333,
            13.516666666666667,
            13.116666666666667,
            13.05,
            12.65,
            13.033333333333333,
            12.3,
            12.916666666666666,
            12.783333333333333,
            12.366666666666667,
            13.6,
            12.95,
            12.733333333333333,
            13.05,
            13.633333333333333,
            13.416666666666666,
            13.55,
            12.666666666666666,
            12.233333333333333,
            13.066666666666666,
            13.533333333333333,
            13.25,
            12.716666666666667,
            13.45,
            13.466666666666667,
            12.733333333333333,
            13.0,
            13.316666666666666,
            12.983333333333333,
            12.983333333333333,
            12.883333333333333,
            14.2,
            12.8,
            12.9,
            13.85,
            14.033333333333333,
            12.55,
            13.683333333333334,
            13.383333333333333,
            13.116666666666667,
            12.833333333333334,
            12.35
        ],
        "disagreement": [
            0.0,
            0.0,
            0.0,
            0.0,
            0.0,
            0.0,
            0.0,
            0.0,
            0.0,
            0.0,
            0.0,
            0.0,
            0.0,
            0.0,
            0.0,
            0.0,
            0.0,
            0.0,
            0.0,
            0.0,
            0.0,
            0.0,
            0.0,
            0.0,
            0.0,
            0.0,
            0.0,
            0.0,
            0.0,
            0.0,
            0.0,
            0.0,
            0.0,
            0.0,
            0.0,
            0.0,
            0.0,
            0.0,
            0.0,
            0.0,
            0.0,
            0.0,
            0.0,
            0.0,
            0.0,
            0.0,
            0.0,
            0.0,
            0.0,
            0.0
        ],
        "disagreement_frequency": [],
        "f": 40,
        "finishing_steps": [
            2,
            2,
            2,
            2,
            2,
            2,
            2,
            2,
            2,
            2,
            2,
            2,
            2,
            2,
            2,
            2,
            2,
            2,
            2,
            2,
            2,
            2,
            2,
            2,
            2,
            2,
            2,
            2,
            2,
            2,
            2,
            2,
            2,
            2,
            2,
            2,
            2,
            2,
            2,
            2,
            2,
            2,
            2,
            2,
            2,
            2,
            2,
            2,
            2,
            2
        ],
        "n": 100,
        "p": 80,
        "termination_rate": [
            1.0,
            1.0,
            1.0,
            1.0,
            1.0,
            1.0,
            1.0,
            1.0,
            1.0,
            1.0,
            1.0,
            1.0,
            1.0,
            1.0,
            1.0,
            1.0,
            1.0,
            1.0,
            1.0,
            1.0,
            1.0,
            1.0,
            1.0,
            1.0,
            1.0,
            1.0,
            1.0,
            1.0,
            1.0,
            1.0,
            1.0,
            1.0,
            1.0,
            1.0,
            1.0,
            1.0,
            1.0,
            1.0,
            1.0,
            1.0,
            1.0,
            1.0,
            1.0,
            1.0,
            1.0,
            1.0,
            1.0,
            1.0,
            1.0,
            1.0
        ],
        "total_msgs_sent": [
            29400,
            30000,
            29500,
            29800,
            29600,
            30000,
            29700,
            30000,
            29800,
            30000,
            30000,
            30000,
            29800,
            29900,
            29900,
            29800,
            29900,
            29200,
            29800,
            29700,
            29700,
            29700,
            29900,
            29700,
            29800,
            29400,
            29800,
            29800,
            30000,
            30000,
            29000,
            30000,
            29800,
            30000,
            30000,
            29900,
            29900,
            29800,
            29300,
            29900,
            29700,
            29800,
            30000,
            30000,
            28500,
            30000,
            30000,
            29900,
            29800,
            29800
        ]
    },
    "RunTime": 290.141998974
}
