{
    "Results": {
        "c": 60,
        "delivery_nodes": [
            0.0,
            100.0,
            100.0,
            100.0,
            100.0,
            100.0,
            100.0,
            100.0,
            100.0,
            100.0,
            0.0,
            100.0,
            0.0,
            0.0,
            100.0,
            100.0,
            100.0,
            100.0,
            100.0,
            100.0,
            100.0,
            100.0,
            100.0,
            100.0,
            100.0,
            100.0,
            100.0,
            100.0,
            100.0,
            100.0,
            0.0,
            100.0,
            100.0,
            100.0,
            100.0,
            100.0,
            0.0,
            100.0,
            100.0,
            100.0,
            100.0,
            100.0,
            100.0,
            100.0,
            100.0,
            100.0,
            100.0,
            100.0,
            0.0,
            0.0
        ],
        "delivery_time": [
            0.0,
            27.35,
            27.0,
            28.383333333333333,
            27.0,
            27.0,
            25.75,
            28.783333333333335,
            24.883333333333333,
            28.0,
            0.0,
            24.15,
            0.0,
            0.0,
            27.933333333333334,
            23.483333333333334,
            25.4,
            26.016666666666666,
            24.533333333333335,
            24.85,
            26.85,
            26.983333333333334,
            25.783333333333335,
            27.516666666666666,
            23.733333333333334,
            25.45,
            27.866666666666667,
            24.6,
            27.0,
            27.85,
            0.0,
            27.0,
            25.566666666666666,
            23.95,
            27.933333333333334,
            28.0,
            0.0,
            26.566666666666666,
            28.0,
            24.433333333333334,
            27.033333333333335,
            24.383333333333333,
            23.15,
            24.45,
            25.366666666666667,
            27.083333333333332,
            25.316666666666666,
            25.933333333333334,
            0.0,
            0.0
        ],
        "disagreement": [
            0.0,
            0.0,
            0.0,
            0.0,
            0.0,
            0.0,
            0.0,
            0.0,
            0.0,
            0.0,
            0.0,
            0.0,
            0.0,
            0.0,
            0.0,
            0.0,
            0.0,
            0.0,
            0.0,
            0.0,
            0.0,
            0.0,
            0.0,
            0.0,
            0.0,
            0.0,
            0.0,
            0.0,
            0.0,
            0.0,
            0.0,
            0.0,
            0.0,
            0.0,
            0.0,
            0.0,
            0.0,
            0.0,
            0.0,
            0.0,
            0.0,
            0.0,
            0.0,
            0.0,
            0.0,
            0.0,
            0.0,
            0.0,
            0.0,
            0.0
        ],
        "disagreement_frequency": [],
        "f": 40,
        "finishing_steps": [
            0,
            4,
            4,
            4,
            4,
            4,
            4,
            4,
            4,
            4,
            0,
            4,
            0,
            0,
            4,
            4,
            4,
            4,
            4,
            4,
            4,
            4,
            4,
            4,
            4,
            4,
            4,
            4,
            4,
            4,
            0,
            4,
            4,
            4,
            4,
            4,
            0,
            4,
            4,
            4,
            4,
            4,
            4,
            4,
            4,
            4,
            4,
            4,
            0,
            0
        ],
        "n": 100,
        "p": 50,
        "termination_rate": [
            0.0,
            1.0,
            1.0,
            1.0,
            1.0,
            1.0,
            1.0,
            1.0,
            1.0,
            1.0,
            0.0,
            1.0,
            0.0,
            0.0,
            1.0,
            1.0,
            1.0,
            1.0,
            1.0,
            1.0,
            1.0,
            1.0,
            1.0,
            1.0,
            1.0,
            1.0,
            1.0,
            1.0,
            1.0,
            1.0,
            0.0,
            1.0,
            1.0,
            1.0,
            1.0,
            1.0,
            0.0,
            1.0,
            1.0,
            1.0,
            1.0,
            1.0,
            1.0,
            1.0,
            1.0,
            1.0,
            1.0,
            1.0,
            0.0,
            0.0
        ],
        "total_msgs_sent": [
            12000,
            18000,
            18000,
            18000,
            18000,
            18000,
            18000,
            18000,
            18000,
            18000,
            12000,
            18000,
            12000,
            12000,
            18000,
            18000,
            18000,
            18000,
            18000,
            18000,
            18000,
            18000,
            18000,
            18000,
            18000,
            18000,
            18000,
            18000,
            18000,
            18000,
            12000,
            18000,
            18000,
            18000,
            18000,
            18000,
            12000,
            18000,
            18000,
            18000,
            18000,
            18000,
            18000,
            18000,
            18000,
            18000,
            18000,
            18000,
            12000,
            12000
        ]
    },
    "RunTime": 153.232373333
}
