{
    "Results": {
        "c": 75,
        "delivery_nodes": [
            100.0,
            100.0,
            100.0,
            100.0,
            100.0,
            100.0,
            100.0,
            100.0,
            100.0,
            100.0,
            100.0,
            100.0,
            100.0,
            100.0,
            100.0,
            100.0,
            100.0,
            100.0,
            100.0,
            100.0,
            100.0,
            100.0,
            100.0,
            100.0,
            100.0,
            100.0,
            100.0,
            100.0,
            100.0,
            100.0,
            100.0,
            100.0,
            100.0,
            100.0,
            100.0,
            100.0,
            100.0,
            100.0,
            100.0,
            100.0,
            100.0,
            100.0,
            100.0,
            100.0,
            100.0,
            100.0,
            100.0,
            100.0,
            100.0,
            100.0
        ],
        "delivery_time": [
            17.266666666666666,
            16.346666666666668,
            17.48,
            17.626666666666665,
            17.14666666666667,
            16.706666666666667,
            16.013333333333332,
            15.546666666666667,
            16.373333333333335,
            17.626666666666665,
            17.28,
            17.466666666666665,
            17.0,
            16.906666666666666,
            16.453333333333333,
            17.0,
            16.76,
            17.56,
            16.506666666666668,
            16.573333333333334,
            16.72,
            16.76,
            17.293333333333333,
            17.133333333333333,
            16.96,
            16.30666666666667,
            17.133333333333333,
            16.506666666666668,
            17.613333333333333,
            16.933333333333334,
            15.786666666666667,
            16.14666666666667,
            17.30666666666667,
            16.16,
            17.026666666666667,
            16.933333333333334,
            17.6,
            17.12,
            16.453333333333333,
            16.76,
            16.92,
            16.466666666666665,
            16.44,
            16.506666666666668,
            17.213333333333335,
            16.613333333333333,
            16.96,
            16.173333333333332,
            17.30666666666667,
            17.106666666666666
        ],
        "disagreement": [
            0.0,
            0.0,
            0.0,
            0.0,
            0.0,
            0.0,
            0.0,
            0.0,
            0.0,
            0.0,
            0.0,
            0.0,
            0.0,
            0.0,
            0.0,
            0.0,
            0.0,
            0.0,
            0.0,
            0.0,
            0.0,
            0.0,
            0.0,
            0.0,
            0.0,
            0.0,
            0.0,
            0.0,
            0.0,
            0.0,
            0.0,
            0.0,
            0.0,
            0.0,
            0.0,
            0.0,
            0.0,
            0.0,
            0.0,
            0.0,
            0.0,
            0.0,
            0.0,
            0.0,
            0.0,
            0.0,
            0.0,
            0.0,
            0.0,
            0.0
        ],
        "disagreement_frequency": [],
        "f": 25,
        "finishing_steps": [
            2,
            2,
            2,
            2,
            2,
            2,
            2,
            2,
            2,
            2,
            2,
            2,
            2,
            2,
            2,
            2,
            2,
            2,
            2,
            2,
            2,
            2,
            2,
            2,
            2,
            2,
            2,
            2,
            2,
            2,
            2,
            2,
            2,
            2,
            2,
            2,
            2,
            2,
            2,
            2,
            2,
            2,
            2,
            2,
            2,
            2,
            2,
            2,
            2,
            2
        ],
        "n": 100,
        "p": 80,
        "termination_rate": [
            1.0,
            1.0,
            1.0,
            1.0,
            1.0,
            1.0,
            1.0,
            1.0,
            1.0,
            1.0,
            1.0,
            1.0,
            1.0,
            1.0,
            1.0,
            1.0,
            1.0,
            1.0,
            1.0,
            1.0,
            1.0,
            1.0,
            1.0,
            1.0,
            1.0,
            1.0,
            1.0,
            1.0,
            1.0,
            1.0,
            1.0,
            1.0,
            1.0,
            1.0,
            1.0,
            1.0,
            1.0,
            1.0,
            1.0,
            1.0,
            1.0,
            1.0,
            1.0,
            1.0,
            1.0,
            1.0,
            1.0,
            1.0,
            1.0,
            1.0
        ],
        "total_msgs_sent": [
            30500,
            30300,
            30500,
            30400,
            30300,
            30500,
            30100,
            30000,
            30400,
            30500,
            30500,
            30300,
            30300,
            30400,
            30200,
            30100,
            30200,
            30400,
            30200,
            30200,
            30400,
            30500,
            30800,
            30200,
            30500,
            30500,
            30500,
            30100,
            30800,
            30500,
            30200,
            30300,
            30300,
            30400,
            31300,
            30500,
            30500,
            30400,
            30600,
            30300,
            30100,
            30400,
            30700,
            30400,
            30800,
            30200,
            30100,
            30000,
            30100,
            30200
        ]
    },
    "RunTime": 253.392334156
}
