{
    "Results": {
        "c": 67,
        "delivery_nodes": [
            100.0,
            100.0,
            0.0,
            100.0,
            0.0,
            0.0,
            100.0,
            0.0,
            100.0,
            0.0,
            100.0,
            0.0,
            0.0,
            0.0,
            0.0,
            0.0,
            0.0,
            0.0,
            0.0,
            100.0,
            0.0,
            100.0,
            100.0,
            100.0,
            100.0,
            0.0,
            0.0,
            0.0,
            100.0,
            0.0,
            100.0,
            100.0,
            100.0,
            100.0,
            100.0,
            100.0,
            100.0,
            0.0,
            0.0,
            100.0,
            100.0,
            100.0,
            0.0,
            0.0,
            100.0,
            100.0,
            0.0,
            100.0,
            100.0,
            100.0
        ],
        "delivery_time": [
            31.0,
            31.776119402985074,
            0.0,
            31.29850746268657,
            0.0,
            0.0,
            31.0,
            0.0,
            31.0,
            0.0,
            30.0,
            0.0,
            0.0,
            0.0,
            0.0,
            0.0,
            0.0,
            0.0,
            0.0,
            31.98507462686567,
            0.0,
            30.492537313432837,
            31.0,
            31.0,
            32.0,
            0.0,
            0.0,
            0.0,
            33.0,
            0.0,
            30.34328358208955,
            30.98507462686567,
            29.970149253731343,
            28.970149253731343,
            30.940298507462686,
            31.0,
            30.26865671641791,
            0.0,
            0.0,
            31.0,
            29.880597014925375,
            32.0,
            0.0,
            0.0,
            32.0,
            30.0,
            0.0,
            32.0,
            30.0,
            30.0
        ],
        "disagreement": [
            0.0,
            0.0,
            0.0,
            0.0,
            0.0,
            0.0,
            0.0,
            0.0,
            0.0,
            0.0,
            0.0,
            0.0,
            0.0,
            0.0,
            0.0,
            0.0,
            0.0,
            0.0,
            0.0,
            0.0,
            0.0,
            0.0,
            0.0,
            0.0,
            0.0,
            0.0,
            0.0,
            0.0,
            0.0,
            0.0,
            0.0,
            0.0,
            0.0,
            0.0,
            0.0,
            0.0,
            0.0,
            0.0,
            0.0,
            0.0,
            0.0,
            0.0,
            0.0,
            0.0,
            0.0,
            0.0,
            0.0,
            0.0,
            0.0,
            0.0
        ],
        "disagreement_frequency": [],
        "f": 33,
        "finishing_steps": [
            4,
            4,
            0,
            4,
            0,
            0,
            4,
            0,
            4,
            0,
            4,
            0,
            0,
            0,
            0,
            0,
            0,
            0,
            0,
            4,
            0,
            4,
            4,
            4,
            4,
            0,
            0,
            0,
            4,
            0,
            4,
            4,
            4,
            4,
            4,
            4,
            4,
            0,
            0,
            4,
            4,
            4,
            0,
            0,
            4,
            4,
            0,
            4,
            4,
            4
        ],
        "n": 100,
        "p": 50,
        "termination_rate": [
            1.0,
            1.0,
            0.0,
            1.0,
            0.0,
            0.0,
            1.0,
            0.0,
            1.0,
            0.0,
            1.0,
            0.0,
            0.0,
            0.0,
            0.0,
            0.0,
            0.0,
            0.0,
            0.0,
            1.0,
            0.0,
            1.0,
            1.0,
            1.0,
            1.0,
            0.0,
            0.0,
            0.0,
            1.0,
            0.0,
            1.0,
            1.0,
            1.0,
            1.0,
            1.0,
            1.0,
            1.0,
            0.0,
            0.0,
            1.0,
            1.0,
            1.0,
            0.0,
            0.0,
            1.0,
            1.0,
            0.0,
            1.0,
            1.0,
            1.0
        ],
        "total_msgs_sent": [
            20100,
            20100,
            13400,
            20100,
            13400,
            13400,
            20100,
            13400,
            20100,
            13400,
            20100,
            13400,
            13400,
            13400,
            13400,
            13400,
            13400,
            13400,
            13400,
            20100,
            13400,
            20100,
            20100,
            20100,
            20100,
            13400,
            13400,
            13400,
            20100,
            13400,
            20100,
            20100,
            20100,
            20100,
            20100,
            20100,
            20100,
            13400,
            13400,
            20100,
            20100,
            20100,
            13400,
            13400,
            20100,
            20100,
            13400,
            20100,
            20100,
            20100
        ]
    },
    "RunTime": 186.401001448
}
