{
    "Results": {
        "c": 60,
        "delivery_nodes": [
            100.0,
            100.0,
            100.0,
            100.0,
            100.0,
            100.0,
            100.0,
            100.0,
            100.0,
            100.0,
            100.0,
            100.0,
            100.0,
            100.0,
            100.0,
            100.0,
            100.0,
            100.0,
            100.0,
            100.0,
            100.0,
            100.0,
            100.0,
            100.0,
            100.0,
            100.0,
            100.0,
            100.0,
            100.0,
            100.0,
            100.0,
            100.0,
            100.0,
            100.0,
            100.0,
            100.0,
            100.0,
            100.0,
            100.0,
            100.0,
            100.0,
            100.0,
            100.0,
            100.0,
            100.0,
            100.0,
            100.0,
            100.0,
            100.0,
            100.0
        ],
        "delivery_time": [
            12.3,
            11.416666666666666,
            11.95,
            12.116666666666667,
            11.966666666666667,
            12.45,
            12.266666666666667,
            11.8,
            11.666666666666666,
            11.8,
            12.483333333333333,
            12.466666666666667,
            12.15,
            11.3,
            12.333333333333334,
            11.383333333333333,
            12.216666666666667,
            11.75,
            11.283333333333333,
            12.2,
            11.85,
            12.233333333333333,
            11.55,
            11.883333333333333,
            12.2,
            11.633333333333333,
            11.583333333333334,
            11.9,
            12.116666666666667,
            11.7,
            11.766666666666667,
            12.383333333333333,
            11.65,
            11.633333333333333,
            12.133333333333333,
            11.85,
            11.833333333333334,
            12.05,
            11.65,
            11.616666666666667,
            11.9,
            11.733333333333333,
            11.316666666666666,
            11.716666666666667,
            12.366666666666667,
            12.65,
            11.966666666666667,
            11.55,
            11.55,
            11.95
        ],
        "disagreement": [
            0.0,
            0.0,
            0.0,
            0.0,
            0.0,
            0.0,
            0.0,
            0.0,
            0.0,
            0.0,
            0.0,
            0.0,
            0.0,
            0.0,
            0.0,
            0.0,
            0.0,
            0.0,
            0.0,
            0.0,
            0.0,
            0.0,
            0.0,
            0.0,
            0.0,
            0.0,
            0.0,
            0.0,
            0.0,
            0.0,
            0.0,
            0.0,
            0.0,
            0.0,
            0.0,
            0.0,
            0.0,
            0.0,
            0.0,
            0.0,
            0.0,
            0.0,
            0.0,
            0.0,
            0.0,
            0.0,
            0.0,
            0.0,
            0.0,
            0.0
        ],
        "disagreement_frequency": [],
        "f": 40,
        "finishing_steps": [
            2,
            2,
            2,
            2,
            2,
            2,
            2,
            2,
            2,
            2,
            2,
            2,
            2,
            2,
            2,
            2,
            2,
            2,
            2,
            2,
            2,
            2,
            2,
            2,
            2,
            2,
            2,
            2,
            2,
            2,
            2,
            2,
            2,
            2,
            2,
            2,
            2,
            2,
            2,
            2,
            2,
            2,
            2,
            2,
            2,
            2,
            2,
            2,
            2,
            2
        ],
        "n": 100,
        "p": 90,
        "termination_rate": [
            1.0,
            1.0,
            1.0,
            1.0,
            1.0,
            1.0,
            1.0,
            1.0,
            1.0,
            1.0,
            1.0,
            1.0,
            1.0,
            1.0,
            1.0,
            1.0,
            1.0,
            1.0,
            1.0,
            1.0,
            1.0,
            1.0,
            1.0,
            1.0,
            1.0,
            1.0,
            1.0,
            1.0,
            1.0,
            1.0,
            1.0,
            1.0,
            1.0,
            1.0,
            1.0,
            1.0,
            1.0,
            1.0,
            1.0,
            1.0,
            1.0,
            1.0,
            1.0,
            1.0,
            1.0,
            1.0,
            1.0,
            1.0,
            1.0,
            1.0
        ],
        "total_msgs_sent": [
            30000,
            28800,
            29300,
            29000,
            29800,
            29700,
            28900,
            28400,
            28800,
            29900,
            28500,
            29700,
            28900,
            25900,
            29700,
            29100,
            29800,
            29600,
            27500,
            29600,
            29400,
            28600,
            27800,
            27700,
            29400,
            29200,
            27500,
            28800,
            29000,
            29200,
            29800,
            29700,
            28900,
            28600,
            28300,
            29100,
            29200,
            29300,
            28900,
            27800,
            29100,
            29800,
            29300,
            28600,
            29700,
            29800,
            28900,
            28200,
            29100,
            29600
        ]
    },
    "RunTime": 259.766000863
}
