{
    "Results": {
        "c": 67,
        "delivery_nodes": [
            100.0,
            100.0,
            100.0,
            100.0,
            100.0,
            100.0,
            100.0,
            100.0,
            100.0,
            100.0,
            100.0,
            100.0,
            100.0,
            100.0,
            100.0,
            100.0,
            100.0,
            100.0,
            100.0,
            100.0,
            100.0,
            100.0,
            100.0,
            100.0,
            100.0,
            100.0,
            100.0,
            100.0,
            100.0,
            100.0,
            100.0,
            100.0,
            100.0,
            100.0,
            100.0,
            100.0,
            100.0,
            100.0,
            100.0,
            100.0,
            100.0,
            100.0,
            100.0,
            100.0,
            100.0,
            100.0,
            100.0,
            100.0,
            100.0,
            100.0
        ],
        "delivery_time": [
            12.238805970149254,
            12.880597014925373,
            12.835820895522389,
            12.895522388059701,
            12.880597014925373,
            12.35820895522388,
            12.895522388059701,
            13.17910447761194,
            12.805970149253731,
            12.373134328358208,
            12.373134328358208,
            12.507462686567164,
            12.791044776119403,
            12.029850746268657,
            12.940298507462687,
            12.35820895522388,
            12.611940298507463,
            13.074626865671641,
            12.805970149253731,
            13.253731343283581,
            12.64179104477612,
            13.283582089552239,
            13.716417910447761,
            13.014925373134329,
            12.223880597014926,
            11.686567164179104,
            12.044776119402986,
            12.343283582089553,
            12.91044776119403,
            13.507462686567164,
            13.447761194029852,
            12.970149253731343,
            13.119402985074627,
            13.328358208955224,
            12.552238805970148,
            12.044776119402986,
            12.73134328358209,
            12.507462686567164,
            13.134328358208956,
            13.552238805970148,
            12.373134328358208,
            12.626865671641792,
            12.626865671641792,
            12.850746268656716,
            12.432835820895523,
            12.417910447761194,
            13.029850746268657,
            12.880597014925373,
            12.64179104477612,
            11.835820895522389
        ],
        "disagreement": [
            0.0,
            0.0,
            0.0,
            0.0,
            0.0,
            0.0,
            0.0,
            0.0,
            0.0,
            0.0,
            0.0,
            0.0,
            0.0,
            0.0,
            0.0,
            0.0,
            0.0,
            0.0,
            0.0,
            0.0,
            0.0,
            0.0,
            0.0,
            0.0,
            0.0,
            0.0,
            0.0,
            0.0,
            0.0,
            0.0,
            0.0,
            0.0,
            0.0,
            0.0,
            0.0,
            0.0,
            0.0,
            0.0,
            0.0,
            0.0,
            0.0,
            0.0,
            0.0,
            0.0,
            0.0,
            0.0,
            0.0,
            0.0,
            0.0,
            0.0
        ],
        "disagreement_frequency": [],
        "f": 33,
        "finishing_steps": [
            2,
            2,
            2,
            2,
            2,
            2,
            2,
            2,
            2,
            2,
            2,
            2,
            2,
            2,
            2,
            2,
            2,
            2,
            2,
            2,
            2,
            2,
            2,
            2,
            2,
            2,
            2,
            2,
            2,
            2,
            2,
            2,
            2,
            2,
            2,
            2,
            2,
            2,
            2,
            2,
            2,
            2,
            2,
            2,
            2,
            2,
            2,
            2,
            2,
            2
        ],
        "n": 100,
        "p": 90,
        "termination_rate": [
            1.0,
            1.0,
            1.0,
            1.0,
            1.0,
            1.0,
            1.0,
            1.0,
            1.0,
            1.0,
            1.0,
            1.0,
            1.0,
            1.0,
            1.0,
            1.0,
            1.0,
            1.0,
            1.0,
            1.0,
            1.0,
            1.0,
            1.0,
            1.0,
            1.0,
            1.0,
            1.0,
            1.0,
            1.0,
            1.0,
            1.0,
            1.0,
            1.0,
            1.0,
            1.0,
            1.0,
            1.0,
            1.0,
            1.0,
            1.0,
            1.0,
            1.0,
            1.0,
            1.0,
            1.0,
            1.0,
            1.0,
            1.0,
            1.0,
            1.0
        ],
        "total_msgs_sent": [
            26900,
            26800,
            27000,
            27200,
            27300,
            26800,
            26800,
            27200,
            26800,
            26900,
            26900,
            27000,
            27000,
            26900,
            26800,
            27000,
            26900,
            27000,
            27000,
            27300,
            26800,
            26800,
            26900,
            27000,
            26900,
            26800,
            26800,
            26900,
            27000,
            28400,
            26800,
            26900,
            27200,
            26800,
            27100,
            26800,
            27500,
            27600,
            26900,
            26900,
            26800,
            26900,
            26900,
            26900,
            27200,
            27000,
            26900,
            26800,
            26800,
            26800
        ]
    },
    "RunTime": 239.720036295
}
