{
    "Results": {
        "c": 67,
        "delivery_nodes": [
            100.0,
            100.0,
            100.0,
            100.0,
            100.0,
            100.0,
            100.0,
            100.0,
            100.0,
            100.0,
            100.0,
            100.0,
            100.0,
            100.0,
            100.0,
            100.0,
            100.0,
            100.0,
            100.0,
            100.0,
            100.0,
            100.0,
            100.0,
            100.0,
            100.0,
            100.0,
            100.0,
            100.0,
            100.0,
            100.0,
            100.0,
            100.0,
            100.0,
            100.0,
            100.0,
            100.0,
            100.0,
            100.0,
            100.0,
            100.0,
            100.0,
            100.0,
            100.0,
            100.0,
            100.0,
            100.0,
            100.0,
            100.0,
            100.0,
            100.0
        ],
        "delivery_time": [
            14.73134328358209,
            14.537313432835822,
            13.761194029850746,
            14.253731343283581,
            14.492537313432836,
            13.865671641791044,
            13.417910447761194,
            15.492537313432836,
            13.835820895522389,
            13.716417910447761,
            14.850746268656716,
            14.298507462686567,
            15.074626865671641,
            13.850746268656716,
            14.522388059701493,
            15.402985074626866,
            15.208955223880597,
            13.791044776119403,
            13.985074626865671,
            14.447761194029852,
            15.059701492537313,
            14.462686567164178,
            14.805970149253731,
            14.82089552238806,
            14.626865671641792,
            14.611940298507463,
            14.477611940298507,
            14.716417910447761,
            14.044776119402986,
            14.014925373134329,
            14.895522388059701,
            13.970149253731343,
            14.955223880597014,
            14.82089552238806,
            15.373134328358208,
            14.686567164179104,
            15.328358208955224,
            15.014925373134329,
            14.492537313432836,
            15.507462686567164,
            14.343283582089553,
            14.492537313432836,
            13.701492537313433,
            15.194029850746269,
            15.507462686567164,
            14.432835820895523,
            14.149253731343284,
            15.328358208955224,
            14.328358208955224,
            13.716417910447761
        ],
        "disagreement": [
            0.0,
            0.0,
            0.0,
            0.0,
            0.0,
            0.0,
            0.0,
            0.0,
            0.0,
            0.0,
            0.0,
            0.0,
            0.0,
            0.0,
            0.0,
            0.0,
            0.0,
            0.0,
            0.0,
            0.0,
            0.0,
            0.0,
            0.0,
            0.0,
            0.0,
            0.0,
            0.0,
            0.0,
            0.0,
            0.0,
            0.0,
            0.0,
            0.0,
            0.0,
            0.0,
            0.0,
            0.0,
            0.0,
            0.0,
            0.0,
            0.0,
            0.0,
            0.0,
            0.0,
            0.0,
            0.0,
            0.0,
            0.0,
            0.0,
            0.0
        ],
        "disagreement_frequency": [],
        "f": 33,
        "finishing_steps": [
            2,
            2,
            2,
            2,
            2,
            2,
            2,
            2,
            2,
            2,
            2,
            2,
            2,
            2,
            2,
            2,
            2,
            2,
            2,
            2,
            2,
            2,
            2,
            2,
            2,
            2,
            2,
            2,
            2,
            2,
            2,
            2,
            2,
            2,
            2,
            2,
            2,
            2,
            2,
            2,
            2,
            2,
            2,
            2,
            2,
            2,
            2,
            2,
            2,
            2
        ],
        "n": 100,
        "p": 80,
        "termination_rate": [
            1.0,
            1.0,
            1.0,
            1.0,
            1.0,
            1.0,
            1.0,
            1.0,
            1.0,
            1.0,
            1.0,
            1.0,
            1.0,
            1.0,
            1.0,
            1.0,
            1.0,
            1.0,
            1.0,
            1.0,
            1.0,
            1.0,
            1.0,
            1.0,
            1.0,
            1.0,
            1.0,
            1.0,
            1.0,
            1.0,
            1.0,
            1.0,
            1.0,
            1.0,
            1.0,
            1.0,
            1.0,
            1.0,
            1.0,
            1.0,
            1.0,
            1.0,
            1.0,
            1.0,
            1.0,
            1.0,
            1.0,
            1.0,
            1.0,
            1.0
        ],
        "total_msgs_sent": [
            30900,
            29100,
            28200,
            30300,
            29100,
            29600,
            28100,
            32100,
            29300,
            28700,
            30100,
            30200,
            31500,
            29000,
            30700,
            30100,
            30700,
            29900,
            30700,
            29800,
            31500,
            31800,
            30300,
            30200,
            31500,
            30700,
            29300,
            29900,
            29900,
            29700,
            29000,
            30700,
            31700,
            29500,
            30500,
            31500,
            31900,
            29800,
            30000,
            31500,
            29200,
            29500,
            29300,
            28800,
            31400,
            30400,
            30400,
            31400,
            29700,
            29200
        ]
    },
    "RunTime": 255.011006862
}
