{
    "Results": {
        "c": 67,
        "delivery_nodes": [
            100.0,
            100.0,
            100.0,
            100.0,
            100.0,
            100.0,
            100.0,
            100.0,
            100.0,
            100.0,
            100.0,
            100.0,
            100.0,
            100.0,
            100.0,
            100.0,
            100.0,
            100.0,
            100.0,
            100.0,
            100.0,
            100.0,
            100.0,
            100.0,
            100.0,
            100.0,
            100.0,
            100.0,
            100.0,
            100.0,
            100.0,
            100.0,
            100.0,
            100.0,
            100.0,
            100.0,
            100.0,
            100.0,
            100.0,
            100.0,
            100.0,
            100.0,
            100.0,
            100.0,
            100.0,
            100.0,
            100.0,
            100.0,
            100.0,
            100.0
        ],
        "delivery_time": [
            11.432835820895523,
            11.91044776119403,
            11.701492537313433,
            12.149253731343284,
            11.970149253731343,
            11.597014925373134,
            11.238805970149254,
            12.164179104477611,
            11.865671641791044,
            11.940298507462687,
            11.626865671641792,
            12.223880597014926,
            11.955223880597014,
            11.73134328358209,
            12.701492537313433,
            12.432835820895523,
            12.164179104477611,
            11.82089552238806,
            11.73134328358209,
            12.507462686567164,
            11.462686567164178,
            11.805970149253731,
            12.388059701492537,
            12.701492537313433,
            11.82089552238806,
            11.671641791044776,
            11.208955223880597,
            11.746268656716419,
            11.253731343283581,
            11.776119402985074,
            11.343283582089553,
            11.35820895522388,
            11.477611940298507,
            12.17910447761194,
            12.402985074626866,
            12.462686567164178,
            11.880597014925373,
            12.208955223880597,
            11.64179104477612,
            11.761194029850746,
            12.238805970149254,
            11.194029850746269,
            12.835820895522389,
            12.17910447761194,
            11.940298507462687,
            12.059701492537313,
            11.955223880597014,
            11.865671641791044,
            11.64179104477612,
            11.865671641791044
        ],
        "disagreement": [
            0.0,
            0.0,
            0.0,
            0.0,
            0.0,
            0.0,
            0.0,
            0.0,
            0.0,
            0.0,
            0.0,
            0.0,
            0.0,
            0.0,
            0.0,
            0.0,
            0.0,
            0.0,
            0.0,
            0.0,
            0.0,
            0.0,
            0.0,
            0.0,
            0.0,
            0.0,
            0.0,
            0.0,
            0.0,
            0.0,
            0.0,
            0.0,
            0.0,
            0.0,
            0.0,
            0.0,
            0.0,
            0.0,
            0.0,
            0.0,
            0.0,
            0.0,
            0.0,
            0.0,
            0.0,
            0.0,
            0.0,
            0.0,
            0.0,
            0.0
        ],
        "disagreement_frequency": [],
        "f": 33,
        "finishing_steps": [
            2,
            2,
            2,
            2,
            2,
            2,
            2,
            2,
            2,
            2,
            2,
            2,
            2,
            2,
            2,
            2,
            2,
            2,
            2,
            2,
            2,
            2,
            2,
            2,
            2,
            2,
            2,
            2,
            2,
            2,
            2,
            2,
            2,
            2,
            2,
            2,
            2,
            2,
            2,
            2,
            2,
            2,
            2,
            2,
            2,
            2,
            2,
            2,
            2,
            2
        ],
        "n": 100,
        "p": 100,
        "termination_rate": [
            1.0,
            1.0,
            1.0,
            1.0,
            1.0,
            1.0,
            1.0,
            1.0,
            1.0,
            1.0,
            1.0,
            1.0,
            1.0,
            1.0,
            1.0,
            1.0,
            1.0,
            1.0,
            1.0,
            1.0,
            1.0,
            1.0,
            1.0,
            1.0,
            1.0,
            1.0,
            1.0,
            1.0,
            1.0,
            1.0,
            1.0,
            1.0,
            1.0,
            1.0,
            1.0,
            1.0,
            1.0,
            1.0,
            1.0,
            1.0,
            1.0,
            1.0,
            1.0,
            1.0,
            1.0,
            1.0,
            1.0,
            1.0,
            1.0,
            1.0
        ],
        "total_msgs_sent": [
            26800,
            26900,
            26800,
            26800,
            26800,
            26800,
            26800,
            26800,
            26800,
            26800,
            26800,
            26800,
            26800,
            26800,
            27000,
            26900,
            26800,
            26800,
            26800,
            26800,
            26800,
            26800,
            27100,
            27100,
            26900,
            26800,
            26800,
            26800,
            26900,
            26800,
            26900,
            26800,
            26800,
            26800,
            26900,
            26800,
            26900,
            26800,
            26800,
            26800,
            26900,
            26800,
            26800,
            26800,
            26800,
            26800,
            26900,
            26800,
            26800,
            26900
        ]
    },
    "RunTime": 205.92091029
}
