{
    "Results": {
        "c": 67,
        "delivery_nodes": [
            100.0,
            100.0,
            100.0,
            100.0,
            100.0,
            100.0,
            100.0,
            100.0,
            100.0,
            100.0,
            100.0,
            100.0,
            100.0,
            100.0,
            100.0,
            100.0,
            100.0,
            100.0,
            100.0,
            100.0,
            100.0,
            100.0,
            100.0,
            100.0,
            100.0,
            100.0,
            100.0,
            100.0,
            100.0,
            100.0,
            100.0,
            100.0,
            100.0,
            100.0,
            100.0,
            100.0,
            100.0,
            100.0,
            100.0,
            100.0,
            100.0,
            100.0,
            100.0,
            100.0,
            100.0,
            100.0,
            100.0,
            100.0,
            100.0,
            100.0
        ],
        "delivery_time": [
            12.776119402985074,
            12.388059701492537,
            13.17910447761194,
            13.402985074626866,
            13.432835820895523,
            12.253731343283581,
            12.761194029850746,
            14.029850746268657,
            13.104477611940299,
            13.223880597014926,
            11.880597014925373,
            12.91044776119403,
            12.835820895522389,
            12.91044776119403,
            12.597014925373134,
            12.895522388059701,
            12.402985074626866,
            12.880597014925373,
            13.582089552238806,
            13.059701492537313,
            13.402985074626866,
            12.850746268656716,
            11.91044776119403,
            12.611940298507463,
            12.73134328358209,
            13.17910447761194,
            12.373134328358208,
            13.477611940298507,
            12.776119402985074,
            12.298507462686567,
            13.477611940298507,
            12.686567164179104,
            12.925373134328359,
            13.402985074626866,
            12.253731343283581,
            12.865671641791044,
            12.746268656716419,
            12.343283582089553,
            12.701492537313433,
            13.746268656716419,
            12.925373134328359,
            12.582089552238806,
            12.671641791044776,
            12.477611940298507,
            13.104477611940299,
            13.208955223880597,
            13.522388059701493,
            12.447761194029852,
            12.507462686567164,
            13.059701492537313
        ],
        "disagreement": [
            0.0,
            0.0,
            0.0,
            0.0,
            0.0,
            0.0,
            0.0,
            0.0,
            0.0,
            0.0,
            0.0,
            0.0,
            0.0,
            0.0,
            0.0,
            0.0,
            0.0,
            0.0,
            0.0,
            0.0,
            0.0,
            0.0,
            0.0,
            0.0,
            0.0,
            0.0,
            0.0,
            0.0,
            0.0,
            0.0,
            0.0,
            0.0,
            0.0,
            0.0,
            0.0,
            0.0,
            0.0,
            0.0,
            0.0,
            0.0,
            0.0,
            0.0,
            0.0,
            0.0,
            0.0,
            0.0,
            0.0,
            0.0,
            0.0,
            0.0
        ],
        "disagreement_frequency": [],
        "f": 33,
        "finishing_steps": [
            2,
            2,
            2,
            2,
            2,
            2,
            2,
            2,
            2,
            2,
            2,
            2,
            2,
            2,
            2,
            2,
            2,
            2,
            2,
            2,
            2,
            2,
            2,
            2,
            2,
            2,
            2,
            2,
            2,
            2,
            2,
            2,
            2,
            2,
            2,
            2,
            2,
            2,
            2,
            2,
            2,
            2,
            2,
            2,
            2,
            2,
            2,
            2,
            2,
            2
        ],
        "n": 100,
        "p": 90,
        "termination_rate": [
            1.0,
            1.0,
            1.0,
            1.0,
            1.0,
            1.0,
            1.0,
            1.0,
            1.0,
            1.0,
            1.0,
            1.0,
            1.0,
            1.0,
            1.0,
            1.0,
            1.0,
            1.0,
            1.0,
            1.0,
            1.0,
            1.0,
            1.0,
            1.0,
            1.0,
            1.0,
            1.0,
            1.0,
            1.0,
            1.0,
            1.0,
            1.0,
            1.0,
            1.0,
            1.0,
            1.0,
            1.0,
            1.0,
            1.0,
            1.0,
            1.0,
            1.0,
            1.0,
            1.0,
            1.0,
            1.0,
            1.0,
            1.0,
            1.0,
            1.0
        ],
        "total_msgs_sent": [
            27700,
            27100,
            27400,
            28400,
            27100,
            26800,
            27700,
            27400,
            27000,
            27100,
            26900,
            27200,
            27100,
            27300,
            26800,
            28800,
            26900,
            27100,
            27900,
            27400,
            27100,
            27400,
            26800,
            27100,
            27000,
            27700,
            27600,
            27200,
            27100,
            26900,
            27300,
            27200,
            27200,
            28300,
            27000,
            27100,
            28100,
            27200,
            26800,
            27300,
            27100,
            27700,
            26800,
            26900,
            27500,
            27400,
            27200,
            27000,
            26800,
            26900
        ]
    },
    "RunTime": 237.722402654
}
