{
    "Results": {
        "c": 60,
        "delivery_nodes": [
            100.0,
            100.0,
            0.0,
            100.0,
            100.0,
            0.0,
            100.0,
            100.0,
            100.0,
            100.0,
            100.0,
            100.0,
            100.0,
            0.0,
            100.0,
            100.0,
            100.0,
            0.0,
            100.0,
            0.0,
            0.0,
            100.0,
            0.0,
            100.0,
            100.0,
            100.0,
            100.0,
            0.0,
            0.0,
            100.0,
            100.0,
            100.0,
            100.0,
            100.0,
            100.0,
            100.0,
            100.0,
            100.0,
            100.0,
            100.0,
            0.0,
            100.0,
            0.0,
            100.0,
            100.0,
            0.0,
            100.0,
            0.0,
            100.0,
            100.0
        ],
        "delivery_time": [
            25.916666666666668,
            24.6,
            0.0,
            27.983333333333334,
            27.1,
            0.0,
            23.566666666666666,
            28.0,
            28.05,
            23.95,
            27.6,
            27.983333333333334,
            26.983333333333334,
            0.0,
            28.0,
            27.45,
            26.883333333333333,
            0.0,
            26.75,
            0.0,
            0.0,
            26.216666666666665,
            0.0,
            25.266666666666666,
            26.933333333333334,
            25.45,
            27.766666666666666,
            0.0,
            0.0,
            27.416666666666668,
            26.983333333333334,
            23.216666666666665,
            25.816666666666666,
            26.466666666666665,
            26.983333333333334,
            25.016666666666666,
            25.1,
            26.8,
            25.566666666666666,
            26.233333333333334,
            0.0,
            27.0,
            0.0,
            27.0,
            24.883333333333333,
            0.0,
            26.816666666666666,
            0.0,
            25.5,
            28.0
        ],
        "disagreement": [
            0.0,
            0.0,
            0.0,
            0.0,
            0.0,
            0.0,
            0.0,
            0.0,
            0.0,
            0.0,
            0.0,
            0.0,
            0.0,
            0.0,
            0.0,
            0.0,
            0.0,
            0.0,
            0.0,
            0.0,
            0.0,
            0.0,
            0.0,
            0.0,
            0.0,
            0.0,
            0.0,
            0.0,
            0.0,
            0.0,
            0.0,
            0.0,
            0.0,
            0.0,
            0.0,
            0.0,
            0.0,
            0.0,
            0.0,
            0.0,
            0.0,
            0.0,
            0.0,
            0.0,
            0.0,
            0.0,
            0.0,
            0.0,
            0.0,
            0.0
        ],
        "disagreement_frequency": [],
        "f": 40,
        "finishing_steps": [
            4,
            4,
            0,
            4,
            4,
            0,
            4,
            4,
            4,
            4,
            4,
            4,
            4,
            0,
            4,
            4,
            4,
            0,
            4,
            0,
            0,
            4,
            0,
            4,
            4,
            4,
            4,
            0,
            0,
            4,
            4,
            4,
            4,
            4,
            4,
            4,
            4,
            4,
            4,
            4,
            0,
            4,
            0,
            4,
            4,
            0,
            4,
            0,
            4,
            4
        ],
        "n": 100,
        "p": 50,
        "termination_rate": [
            1.0,
            1.0,
            0.0,
            1.0,
            1.0,
            0.0,
            1.0,
            1.0,
            1.0,
            1.0,
            1.0,
            1.0,
            1.0,
            0.0,
            1.0,
            1.0,
            1.0,
            0.0,
            1.0,
            0.0,
            0.0,
            1.0,
            0.0,
            1.0,
            1.0,
            1.0,
            1.0,
            0.0,
            0.0,
            1.0,
            1.0,
            1.0,
            1.0,
            1.0,
            1.0,
            1.0,
            1.0,
            1.0,
            1.0,
            1.0,
            0.0,
            1.0,
            0.0,
            1.0,
            1.0,
            0.0,
            1.0,
            0.0,
            1.0,
            1.0
        ],
        "total_msgs_sent": [
            18000,
            18000,
            12000,
            18000,
            18000,
            12000,
            18000,
            18000,
            18000,
            18000,
            18000,
            18000,
            18000,
            12000,
            18000,
            18000,
            18000,
            12000,
            18000,
            12000,
            12000,
            18000,
            12000,
            18000,
            18000,
            18000,
            18000,
            12000,
            12000,
            18000,
            18000,
            18000,
            18000,
            18000,
            18000,
            18000,
            18000,
            18000,
            18000,
            18000,
            12000,
            18000,
            12000,
            18000,
            18000,
            12000,
            18000,
            12000,
            18000,
            18000
        ]
    },
    "RunTime": 159.869764109
}
