{
    "Results": {
        "c": 75,
        "delivery_nodes": [
            100.0,
            100.0,
            100.0,
            100.0,
            100.0,
            100.0,
            100.0,
            100.0,
            100.0,
            100.0,
            100.0,
            100.0,
            100.0,
            100.0,
            100.0,
            100.0,
            100.0,
            100.0,
            100.0,
            100.0,
            100.0,
            100.0,
            100.0,
            100.0,
            100.0,
            100.0,
            100.0,
            100.0,
            100.0,
            100.0,
            100.0,
            100.0,
            100.0,
            100.0,
            100.0,
            100.0,
            100.0,
            100.0,
            100.0,
            100.0,
            100.0,
            100.0,
            100.0,
            100.0,
            100.0,
            100.0,
            100.0,
            100.0,
            100.0,
            100.0
        ],
        "delivery_time": [
            16.546666666666667,
            17.133333333333333,
            17.213333333333335,
            16.253333333333334,
            16.56,
            16.733333333333334,
            16.32,
            17.053333333333335,
            17.04,
            16.253333333333334,
            16.613333333333333,
            16.426666666666666,
            16.226666666666667,
            16.906666666666666,
            16.586666666666666,
            17.013333333333332,
            16.56,
            16.76,
            16.88,
            16.226666666666667,
            16.4,
            17.573333333333334,
            16.08,
            15.946666666666667,
            17.466666666666665,
            16.0,
            16.173333333333332,
            15.986666666666666,
            16.76,
            17.266666666666666,
            17.32,
            17.0,
            16.8,
            17.36,
            17.4,
            17.346666666666668,
            16.786666666666665,
            16.973333333333333,
            16.76,
            16.493333333333332,
            17.28,
            16.293333333333333,
            16.56,
            16.453333333333333,
            16.36,
            17.426666666666666,
            16.28,
            17.92,
            17.213333333333335,
            16.866666666666667
        ],
        "disagreement": [
            0.0,
            0.0,
            0.0,
            0.0,
            0.0,
            0.0,
            0.0,
            0.0,
            0.0,
            0.0,
            0.0,
            0.0,
            0.0,
            0.0,
            0.0,
            0.0,
            0.0,
            0.0,
            0.0,
            0.0,
            0.0,
            0.0,
            0.0,
            0.0,
            0.0,
            0.0,
            0.0,
            0.0,
            0.0,
            0.0,
            0.0,
            0.0,
            0.0,
            0.0,
            0.0,
            0.0,
            0.0,
            0.0,
            0.0,
            0.0,
            0.0,
            0.0,
            0.0,
            0.0,
            0.0,
            0.0,
            0.0,
            0.0,
            0.0,
            0.0
        ],
        "disagreement_frequency": [],
        "f": 25,
        "finishing_steps": [
            2,
            2,
            2,
            2,
            2,
            2,
            2,
            2,
            2,
            2,
            2,
            2,
            2,
            2,
            2,
            2,
            2,
            2,
            2,
            2,
            2,
            2,
            2,
            2,
            2,
            2,
            2,
            2,
            2,
            2,
            2,
            2,
            2,
            2,
            2,
            2,
            2,
            2,
            2,
            2,
            2,
            2,
            2,
            2,
            2,
            2,
            2,
            2,
            2,
            2
        ],
        "n": 100,
        "p": 80,
        "termination_rate": [
            1.0,
            1.0,
            1.0,
            1.0,
            1.0,
            1.0,
            1.0,
            1.0,
            1.0,
            1.0,
            1.0,
            1.0,
            1.0,
            1.0,
            1.0,
            1.0,
            1.0,
            1.0,
            1.0,
            1.0,
            1.0,
            1.0,
            1.0,
            1.0,
            1.0,
            1.0,
            1.0,
            1.0,
            1.0,
            1.0,
            1.0,
            1.0,
            1.0,
            1.0,
            1.0,
            1.0,
            1.0,
            1.0,
            1.0,
            1.0,
            1.0,
            1.0,
            1.0,
            1.0,
            1.0,
            1.0,
            1.0,
            1.0,
            1.0,
            1.0
        ],
        "total_msgs_sent": [
            30300,
            30300,
            30400,
            30200,
            30500,
            30100,
            30300,
            30400,
            30500,
            30200,
            30200,
            30700,
            30000,
            30300,
            30000,
            30300,
            30300,
            30200,
            30400,
            30200,
            30200,
            30500,
            30000,
            30100,
            30200,
            30300,
            30000,
            30100,
            30200,
            30200,
            30900,
            30100,
            30000,
            30500,
            30400,
            30400,
            30400,
            30000,
            30000,
            30000,
            30100,
            30100,
            30200,
            30200,
            30200,
            30500,
            30100,
            30600,
            30400,
            30300
        ]
    },
    "RunTime": 244.298150739
}
