{
    "Results": {
        "c": 67,
        "delivery_nodes": [
            100.0,
            100.0,
            100.0,
            100.0,
            100.0,
            100.0,
            100.0,
            100.0,
            100.0,
            100.0,
            100.0,
            100.0,
            100.0,
            100.0,
            100.0,
            100.0,
            100.0,
            100.0,
            100.0,
            100.0,
            100.0,
            100.0,
            100.0,
            100.0,
            100.0,
            100.0,
            100.0,
            100.0,
            100.0,
            100.0,
            100.0,
            100.0,
            100.0,
            100.0,
            100.0,
            100.0,
            100.0,
            100.0,
            100.0,
            100.0,
            100.0,
            100.0,
            100.0,
            100.0,
            100.0,
            100.0,
            100.0,
            100.0,
            100.0,
            100.0
        ],
        "delivery_time": [
            17.52238805970149,
            19.08955223880597,
            18.104477611940297,
            19.104477611940297,
            18.850746268656717,
            19.044776119402986,
            18.507462686567163,
            19.074626865671643,
            17.64179104477612,
            18.059701492537314,
            18.850746268656717,
            18.417910447761194,
            18.83582089552239,
            18.52238805970149,
            18.62686567164179,
            18.73134328358209,
            18.791044776119403,
            18.850746268656717,
            18.0,
            17.34328358208955,
            17.91044776119403,
            18.71641791044776,
            18.34328358208955,
            18.19402985074627,
            18.925373134328357,
            18.08955223880597,
            18.71641791044776,
            17.880597014925375,
            17.29850746268657,
            18.82089552238806,
            17.82089552238806,
            18.73134328358209,
            18.238805970149254,
            17.761194029850746,
            18.761194029850746,
            18.865671641791046,
            17.671641791044777,
            17.238805970149254,
            18.91044776119403,
            17.850746268656717,
            17.62686567164179,
            18.53731343283582,
            17.28358208955224,
            18.29850746268657,
            18.47761194029851,
            19.0,
            19.029850746268657,
            18.104477611940297,
            17.671641791044777,
            17.507462686567163
        ],
        "disagreement": [
            0.0,
            0.0,
            0.0,
            0.0,
            0.0,
            0.0,
            0.0,
            0.0,
            0.0,
            0.0,
            0.0,
            0.0,
            0.0,
            0.0,
            0.0,
            0.0,
            0.0,
            0.0,
            0.0,
            0.0,
            0.0,
            0.0,
            0.0,
            0.0,
            0.0,
            0.0,
            0.0,
            0.0,
            0.0,
            0.0,
            0.0,
            0.0,
            0.0,
            0.0,
            0.0,
            0.0,
            0.0,
            0.0,
            0.0,
            0.0,
            0.0,
            0.0,
            0.0,
            0.0,
            0.0,
            0.0,
            0.0,
            0.0,
            0.0,
            0.0
        ],
        "disagreement_frequency": [],
        "f": 33,
        "finishing_steps": [
            2,
            2,
            2,
            2,
            2,
            2,
            2,
            2,
            2,
            2,
            2,
            2,
            2,
            2,
            2,
            2,
            2,
            2,
            2,
            2,
            2,
            2,
            2,
            2,
            2,
            2,
            2,
            2,
            2,
            2,
            2,
            2,
            2,
            2,
            2,
            2,
            2,
            2,
            2,
            2,
            2,
            2,
            2,
            2,
            2,
            2,
            2,
            2,
            2,
            2
        ],
        "n": 100,
        "p": 70,
        "termination_rate": [
            1.0,
            1.0,
            1.0,
            1.0,
            1.0,
            1.0,
            1.0,
            1.0,
            1.0,
            1.0,
            1.0,
            1.0,
            1.0,
            1.0,
            1.0,
            1.0,
            1.0,
            1.0,
            1.0,
            1.0,
            1.0,
            1.0,
            1.0,
            1.0,
            1.0,
            1.0,
            1.0,
            1.0,
            1.0,
            1.0,
            1.0,
            1.0,
            1.0,
            1.0,
            1.0,
            1.0,
            1.0,
            1.0,
            1.0,
            1.0,
            1.0,
            1.0,
            1.0,
            1.0,
            1.0,
            1.0,
            1.0,
            1.0,
            1.0,
            1.0
        ],
        "total_msgs_sent": [
            33500,
            33500,
            33400,
            33500,
            33500,
            33500,
            33400,
            33300,
            33500,
            33500,
            33500,
            33400,
            32900,
            33400,
            33500,
            33500,
            33400,
            32900,
            33400,
            33300,
            33000,
            33500,
            33500,
            33500,
            33300,
            33400,
            33300,
            33200,
            33500,
            33500,
            33300,
            33500,
            33400,
            33500,
            33400,
            33500,
            33400,
            33100,
            33500,
            32900,
            33300,
            33400,
            33400,
            33400,
            33500,
            33500,
            33400,
            33500,
            33500,
            33300
        ]
    },
    "RunTime": 271.770651931
}
