{
    "Results": {
        "c": 60,
        "delivery_nodes": [
            100.0,
            100.0,
            100.0,
            100.0,
            100.0,
            100.0,
            100.0,
            100.0,
            100.0,
            100.0,
            100.0,
            100.0,
            100.0,
            100.0,
            100.0,
            100.0,
            100.0,
            100.0,
            100.0,
            100.0,
            100.0,
            100.0,
            100.0,
            100.0,
            100.0,
            100.0,
            100.0,
            100.0,
            100.0,
            100.0,
            100.0,
            100.0,
            100.0,
            100.0,
            100.0,
            100.0,
            100.0,
            100.0,
            100.0,
            100.0,
            100.0,
            100.0,
            100.0,
            100.0,
            100.0,
            100.0,
            100.0,
            100.0,
            100.0,
            100.0
        ],
        "delivery_time": [
            11.783333333333333,
            11.7,
            11.95,
            12.016666666666667,
            11.3,
            11.766666666666667,
            12.483333333333333,
            12.3,
            11.8,
            12.066666666666666,
            12.2,
            11.683333333333334,
            11.633333333333333,
            11.833333333333334,
            11.616666666666667,
            11.65,
            11.75,
            12.266666666666667,
            11.4,
            11.55,
            12.133333333333333,
            11.85,
            12.183333333333334,
            13.0,
            11.966666666666667,
            12.283333333333333,
            11.5,
            12.083333333333334,
            12.166666666666666,
            11.65,
            11.65,
            11.716666666666667,
            11.366666666666667,
            11.9,
            12.016666666666667,
            11.966666666666667,
            11.666666666666666,
            12.25,
            11.816666666666666,
            11.966666666666667,
            11.566666666666666,
            11.666666666666666,
            12.233333333333333,
            12.966666666666667,
            11.433333333333334,
            11.983333333333333,
            11.583333333333334,
            12.55,
            11.833333333333334,
            11.283333333333333
        ],
        "disagreement": [
            0.0,
            0.0,
            0.0,
            0.0,
            0.0,
            0.0,
            0.0,
            0.0,
            0.0,
            0.0,
            0.0,
            0.0,
            0.0,
            0.0,
            0.0,
            0.0,
            0.0,
            0.0,
            0.0,
            0.0,
            0.0,
            0.0,
            0.0,
            0.0,
            0.0,
            0.0,
            0.0,
            0.0,
            0.0,
            0.0,
            0.0,
            0.0,
            0.0,
            0.0,
            0.0,
            0.0,
            0.0,
            0.0,
            0.0,
            0.0,
            0.0,
            0.0,
            0.0,
            0.0,
            0.0,
            0.0,
            0.0,
            0.0,
            0.0,
            0.0
        ],
        "disagreement_frequency": [],
        "f": 40,
        "finishing_steps": [
            2,
            2,
            2,
            2,
            2,
            2,
            2,
            2,
            2,
            2,
            2,
            2,
            2,
            2,
            2,
            2,
            2,
            2,
            2,
            2,
            2,
            2,
            2,
            2,
            2,
            2,
            2,
            2,
            2,
            2,
            2,
            2,
            2,
            2,
            2,
            2,
            2,
            2,
            2,
            2,
            2,
            2,
            2,
            2,
            2,
            2,
            2,
            2,
            2,
            2
        ],
        "n": 100,
        "p": 90,
        "termination_rate": [
            1.0,
            1.0,
            1.0,
            1.0,
            1.0,
            1.0,
            1.0,
            1.0,
            1.0,
            1.0,
            1.0,
            1.0,
            1.0,
            1.0,
            1.0,
            1.0,
            1.0,
            1.0,
            1.0,
            1.0,
            1.0,
            1.0,
            1.0,
            1.0,
            1.0,
            1.0,
            1.0,
            1.0,
            1.0,
            1.0,
            1.0,
            1.0,
            1.0,
            1.0,
            1.0,
            1.0,
            1.0,
            1.0,
            1.0,
            1.0,
            1.0,
            1.0,
            1.0,
            1.0,
            1.0,
            1.0,
            1.0,
            1.0,
            1.0,
            1.0
        ],
        "total_msgs_sent": [
            29400,
            27400,
            29500,
            28900,
            29100,
            29200,
            29500,
            28500,
            29400,
            28200,
            29400,
            27000,
            27900,
            29400,
            29700,
            29600,
            28700,
            29700,
            28600,
            28500,
            29600,
            29500,
            29800,
            29200,
            29500,
            28300,
            29400,
            29100,
            29000,
            29100,
            28100,
            28200,
            28400,
            29900,
            29200,
            29400,
            29600,
            29200,
            29100,
            28000,
            29200,
            28000,
            28400,
            29800,
            27100,
            29100,
            28400,
            29400,
            29100,
            27500
        ]
    },
    "RunTime": 271.054567391
}
