{
    "Results": {
        "c": 81,
        "delivery_nodes": [
            100.0,
            100.0,
            100.0,
            100.0,
            100.0,
            100.0,
            100.0,
            100.0,
            100.0,
            100.0,
            100.0,
            100.0,
            100.0,
            100.0,
            100.0,
            100.0,
            100.0,
            100.0,
            100.0,
            100.0,
            100.0,
            100.0,
            100.0,
            100.0,
            100.0,
            100.0,
            100.0,
            100.0,
            100.0,
            100.0,
            100.0,
            100.0,
            100.0,
            100.0,
            100.0,
            100.0,
            100.0,
            100.0,
            100.0,
            100.0,
            100.0,
            100.0,
            100.0,
            100.0,
            100.0,
            100.0,
            100.0,
            100.0,
            100.0,
            100.0
        ],
        "delivery_time": [
            15.925925925925926,
            15.74074074074074,
            15.901234567901234,
            16.74074074074074,
            15.395061728395062,
            16.617283950617285,
            16.320987654320987,
            15.604938271604938,
            16.666666666666668,
            15.901234567901234,
            16.506172839506174,
            16.28395061728395,
            16.308641975308642,
            15.91358024691358,
            16.530864197530864,
            16.358024691358025,
            16.82716049382716,
            17.234567901234566,
            15.333333333333334,
            16.469135802469136,
            17.074074074074073,
            16.80246913580247,
            16.432098765432098,
            16.419753086419753,
            15.814814814814815,
            16.135802469135804,
            15.962962962962964,
            16.160493827160494,
            16.45679012345679,
            17.02469135802469,
            16.493827160493826,
            16.864197530864196,
            16.679012345679013,
            16.419753086419753,
            16.296296296296298,
            16.074074074074073,
            16.950617283950617,
            16.0,
            16.14814814814815,
            15.802469135802468,
            17.320987654320987,
            16.901234567901234,
            16.209876543209877,
            16.679012345679013,
            16.962962962962962,
            16.074074074074073,
            16.987654320987655,
            16.308641975308642,
            16.185185185185187,
            16.296296296296298
        ],
        "disagreement": [
            0.0,
            0.0,
            0.0,
            0.0,
            0.0,
            0.0,
            0.0,
            0.0,
            0.0,
            0.0,
            0.0,
            0.0,
            0.0,
            0.0,
            0.0,
            0.0,
            0.0,
            0.0,
            0.0,
            0.0,
            0.0,
            0.0,
            0.0,
            0.0,
            0.0,
            0.0,
            0.0,
            0.0,
            0.0,
            0.0,
            0.0,
            0.0,
            0.0,
            0.0,
            0.0,
            0.0,
            0.0,
            0.0,
            0.0,
            0.0,
            0.0,
            0.0,
            0.0,
            0.0,
            0.0,
            0.0,
            0.0,
            0.0,
            0.0,
            0.0
        ],
        "disagreement_frequency": [],
        "f": 19,
        "finishing_steps": [
            2,
            2,
            2,
            2,
            2,
            2,
            2,
            2,
            2,
            2,
            2,
            2,
            2,
            2,
            2,
            2,
            2,
            2,
            2,
            2,
            2,
            2,
            2,
            2,
            2,
            2,
            2,
            2,
            2,
            2,
            2,
            2,
            2,
            2,
            2,
            2,
            2,
            2,
            2,
            2,
            2,
            2,
            2,
            2,
            2,
            2,
            2,
            2,
            2,
            2
        ],
        "n": 100,
        "p": 100,
        "termination_rate": [
            1.0,
            1.0,
            1.0,
            1.0,
            1.0,
            1.0,
            1.0,
            1.0,
            1.0,
            1.0,
            1.0,
            1.0,
            1.0,
            1.0,
            1.0,
            1.0,
            1.0,
            1.0,
            1.0,
            1.0,
            1.0,
            1.0,
            1.0,
            1.0,
            1.0,
            1.0,
            1.0,
            1.0,
            1.0,
            1.0,
            1.0,
            1.0,
            1.0,
            1.0,
            1.0,
            1.0,
            1.0,
            1.0,
            1.0,
            1.0,
            1.0,
            1.0,
            1.0,
            1.0,
            1.0,
            1.0,
            1.0,
            1.0,
            1.0,
            1.0
        ],
        "total_msgs_sent": [
            16200,
            16200,
            16200,
            16200,
            16200,
            16200,
            16200,
            16200,
            16200,
            16200,
            16200,
            16200,
            16200,
            16200,
            16200,
            16200,
            16200,
            16200,
            16200,
            16200,
            16200,
            16200,
            16200,
            16200,
            16200,
            16200,
            16200,
            16200,
            16200,
            16200,
            16200,
            16200,
            16200,
            16200,
            16200,
            16200,
            16200,
            16200,
            16200,
            16200,
            16200,
            16200,
            16200,
            16200,
            16200,
            16200,
            16200,
            16200,
            16200,
            16200
        ]
    },
    "RunTime": 135.727153044
}
