{
    "Results": {
        "c": 67,
        "delivery_nodes": [
            100.0,
            100.0,
            100.0,
            100.0,
            100.0,
            100.0,
            100.0,
            100.0,
            100.0,
            100.0,
            100.0,
            100.0,
            100.0,
            100.0,
            100.0,
            100.0,
            100.0,
            100.0,
            100.0,
            100.0,
            100.0,
            100.0,
            100.0,
            100.0,
            100.0,
            100.0,
            100.0,
            100.0,
            100.0,
            100.0,
            100.0,
            100.0,
            100.0,
            100.0,
            100.0,
            100.0,
            100.0,
            100.0,
            100.0,
            100.0,
            100.0,
            100.0,
            100.0,
            100.0,
            100.0,
            100.0,
            100.0,
            100.0,
            100.0,
            100.0
        ],
        "delivery_time": [
            19.328358208955223,
            19.313432835820894,
            19.402985074626866,
            19.253731343283583,
            19.776119402985074,
            19.417910447761194,
            19.47761194029851,
            19.388059701492537,
            19.71641791044776,
            19.611940298507463,
            19.388059701492537,
            19.52238805970149,
            18.970149253731343,
            19.582089552238806,
            19.19402985074627,
            19.149253731343283,
            19.52238805970149,
            19.53731343283582,
            19.53731343283582,
            19.567164179104477,
            19.73134328358209,
            18.925373134328357,
            19.029850746268657,
            19.64179104477612,
            19.29850746268657,
            19.597014925373134,
            19.55223880597015,
            19.73134328358209,
            19.417910447761194,
            19.46268656716418,
            19.611940298507463,
            19.65671641791045,
            19.64179104477612,
            19.71641791044776,
            19.70149253731343,
            19.37313432835821,
            19.134328358208954,
            19.507462686567163,
            19.62686567164179,
            19.104477611940297,
            19.611940298507463,
            19.19402985074627,
            19.83582089552239,
            19.402985074626866,
            19.208955223880597,
            19.52238805970149,
            19.134328358208954,
            19.46268656716418,
            19.149253731343283,
            19.611940298507463
        ],
        "disagreement": [
            0.0,
            0.0,
            0.0,
            0.0,
            0.0,
            0.0,
            0.0,
            0.0,
            0.0,
            0.0,
            0.0,
            0.0,
            0.0,
            0.0,
            0.0,
            0.0,
            0.0,
            0.0,
            0.0,
            0.0,
            0.0,
            0.0,
            0.0,
            0.0,
            0.0,
            0.0,
            0.0,
            0.0,
            0.0,
            0.0,
            0.0,
            0.0,
            0.0,
            0.0,
            0.0,
            0.0,
            0.0,
            0.0,
            0.0,
            0.0,
            0.0,
            0.0,
            0.0,
            0.0,
            0.0,
            0.0,
            0.0,
            0.0,
            0.0,
            0.0
        ],
        "disagreement_frequency": [],
        "f": 33,
        "finishing_steps": [
            2,
            2,
            2,
            2,
            2,
            2,
            2,
            2,
            2,
            2,
            2,
            2,
            2,
            2,
            2,
            2,
            2,
            2,
            2,
            2,
            2,
            2,
            2,
            2,
            2,
            2,
            2,
            2,
            2,
            2,
            2,
            2,
            2,
            2,
            2,
            2,
            2,
            2,
            2,
            2,
            2,
            2,
            2,
            2,
            2,
            2,
            2,
            2,
            2,
            2
        ],
        "n": 100,
        "p": 100,
        "termination_rate": [
            1.0,
            1.0,
            1.0,
            1.0,
            1.0,
            1.0,
            1.0,
            1.0,
            1.0,
            1.0,
            1.0,
            1.0,
            1.0,
            1.0,
            1.0,
            1.0,
            1.0,
            1.0,
            1.0,
            1.0,
            1.0,
            1.0,
            1.0,
            1.0,
            1.0,
            1.0,
            1.0,
            1.0,
            1.0,
            1.0,
            1.0,
            1.0,
            1.0,
            1.0,
            1.0,
            1.0,
            1.0,
            1.0,
            1.0,
            1.0,
            1.0,
            1.0,
            1.0,
            1.0,
            1.0,
            1.0,
            1.0,
            1.0,
            1.0,
            1.0
        ],
        "total_msgs_sent": [
            33400,
            33500,
            33500,
            33500,
            33500,
            33500,
            33500,
            33500,
            33400,
            33500,
            33500,
            33500,
            33500,
            33500,
            33500,
            33500,
            33500,
            33500,
            33400,
            33500,
            33500,
            33500,
            33500,
            33500,
            33500,
            33500,
            33500,
            33400,
            33500,
            33500,
            33500,
            33500,
            33500,
            33500,
            33400,
            33500,
            33500,
            33500,
            33500,
            33500,
            33500,
            33500,
            33500,
            33500,
            33500,
            33500,
            33500,
            33500,
            33500,
            33500
        ]
    },
    "RunTime": 322.380303739
}
