{
    "Results": {
        "c": 75,
        "delivery_nodes": [
            100.0,
            100.0,
            100.0,
            100.0,
            100.0,
            100.0,
            100.0,
            100.0,
            100.0,
            100.0,
            100.0,
            100.0,
            100.0,
            100.0,
            100.0,
            100.0,
            100.0,
            100.0,
            100.0,
            100.0,
            100.0,
            100.0,
            100.0,
            100.0,
            100.0,
            100.0,
            100.0,
            100.0,
            100.0,
            100.0,
            100.0,
            100.0,
            100.0,
            100.0,
            100.0,
            100.0,
            100.0,
            100.0,
            100.0,
            100.0,
            100.0,
            100.0,
            100.0,
            100.0,
            100.0,
            100.0,
            100.0,
            100.0,
            100.0,
            100.0
        ],
        "delivery_time": [
            19.36,
            19.186666666666667,
            19.733333333333334,
            19.053333333333335,
            19.44,
            19.186666666666667,
            18.72,
            19.386666666666667,
            19.653333333333332,
            18.52,
            19.373333333333335,
            19.173333333333332,
            19.666666666666668,
            19.786666666666665,
            19.32,
            19.44,
            19.346666666666668,
            18.293333333333333,
            19.92,
            19.666666666666668,
            19.48,
            19.773333333333333,
            19.173333333333332,
            19.706666666666667,
            19.586666666666666,
            19.56,
            18.85333333333333,
            19.12,
            19.666666666666668,
            19.546666666666667,
            19.386666666666667,
            19.2,
            18.813333333333333,
            18.706666666666667,
            19.32,
            19.0,
            19.373333333333335,
            18.893333333333334,
            19.666666666666668,
            18.946666666666665,
            19.106666666666666,
            19.44,
            19.626666666666665,
            19.466666666666665,
            19.746666666666666,
            18.933333333333334,
            19.44,
            19.12,
            18.48,
            19.56
        ],
        "disagreement": [
            0.0,
            0.0,
            0.0,
            0.0,
            0.0,
            0.0,
            0.0,
            0.0,
            0.0,
            0.0,
            0.0,
            0.0,
            0.0,
            0.0,
            0.0,
            0.0,
            0.0,
            0.0,
            0.0,
            0.0,
            0.0,
            0.0,
            0.0,
            0.0,
            0.0,
            0.0,
            0.0,
            0.0,
            0.0,
            0.0,
            0.0,
            0.0,
            0.0,
            0.0,
            0.0,
            0.0,
            0.0,
            0.0,
            0.0,
            0.0,
            0.0,
            0.0,
            0.0,
            0.0,
            0.0,
            0.0,
            0.0,
            0.0,
            0.0,
            0.0
        ],
        "disagreement_frequency": [],
        "f": 25,
        "finishing_steps": [
            2,
            2,
            2,
            2,
            2,
            2,
            2,
            2,
            2,
            2,
            2,
            2,
            2,
            2,
            2,
            2,
            2,
            2,
            2,
            2,
            2,
            2,
            2,
            2,
            2,
            2,
            2,
            2,
            2,
            2,
            2,
            2,
            2,
            2,
            2,
            2,
            2,
            2,
            2,
            2,
            2,
            2,
            2,
            2,
            2,
            2,
            2,
            2,
            2,
            2
        ],
        "n": 100,
        "p": 100,
        "termination_rate": [
            1.0,
            1.0,
            1.0,
            1.0,
            1.0,
            1.0,
            1.0,
            1.0,
            1.0,
            1.0,
            1.0,
            1.0,
            1.0,
            1.0,
            1.0,
            1.0,
            1.0,
            1.0,
            1.0,
            1.0,
            1.0,
            1.0,
            1.0,
            1.0,
            1.0,
            1.0,
            1.0,
            1.0,
            1.0,
            1.0,
            1.0,
            1.0,
            1.0,
            1.0,
            1.0,
            1.0,
            1.0,
            1.0,
            1.0,
            1.0,
            1.0,
            1.0,
            1.0,
            1.0,
            1.0,
            1.0,
            1.0,
            1.0,
            1.0,
            1.0
        ],
        "total_msgs_sent": [
            35500,
            34300,
            35000,
            35500,
            35600,
            35200,
            34200,
            35400,
            34700,
            33600,
            35100,
            34300,
            34000,
            35500,
            34800,
            34800,
            34900,
            35400,
            36400,
            34700,
            35800,
            34300,
            34000,
            35400,
            35000,
            35000,
            34200,
            35000,
            35300,
            36100,
            35400,
            36000,
            34000,
            34300,
            34500,
            34400,
            34100,
            34800,
            34700,
            35000,
            35000,
            35000,
            34800,
            34500,
            34900,
            34500,
            35400,
            34800,
            33400,
            34900
        ]
    },
    "RunTime": 292.518174725
}
