{
    "Results": {
        "c": 81,
        "delivery_nodes": [
            100.0,
            100.0,
            100.0,
            100.0,
            100.0,
            100.0,
            100.0,
            100.0,
            100.0,
            100.0,
            100.0,
            100.0,
            100.0,
            100.0,
            100.0,
            100.0,
            100.0,
            100.0,
            100.0,
            100.0,
            100.0,
            100.0,
            100.0,
            100.0,
            100.0,
            100.0,
            100.0,
            100.0,
            100.0,
            100.0,
            100.0,
            100.0,
            100.0,
            100.0,
            100.0,
            100.0,
            100.0,
            100.0,
            100.0,
            100.0,
            100.0,
            100.0,
            100.0,
            100.0,
            100.0,
            100.0,
            100.0,
            100.0,
            100.0,
            100.0
        ],
        "delivery_time": [
            40.72839506172839,
            40.95061728395062,
            40.82716049382716,
            40.864197530864196,
            40.96296296296296,
            40.864197530864196,
            40.888888888888886,
            40.91358024691358,
            40.81481481481482,
            40.81481481481482,
            40.839506172839506,
            40.851851851851855,
            40.96296296296296,
            40.901234567901234,
            40.75308641975309,
            40.71604938271605,
            40.864197530864196,
            40.864197530864196,
            40.864197530864196,
            40.93827160493827,
            40.80246913580247,
            40.876543209876544,
            40.98765432098765,
            40.69135802469136,
            40.901234567901234,
            40.901234567901234,
            40.851851851851855,
            40.925925925925924,
            40.851851851851855,
            40.71604938271605,
            40.876543209876544,
            40.82716049382716,
            40.91358024691358,
            40.864197530864196,
            40.77777777777778,
            40.901234567901234,
            40.79012345679013,
            40.77777777777778,
            40.839506172839506,
            41.02469135802469,
            40.925925925925924,
            40.901234567901234,
            40.888888888888886,
            40.80246913580247,
            40.851851851851855,
            40.69135802469136,
            40.851851851851855,
            40.925925925925924,
            40.97530864197531,
            40.864197530864196
        ],
        "disagreement": [
            0.0,
            0.0,
            0.0,
            0.0,
            0.0,
            0.0,
            0.0,
            0.0,
            0.0,
            0.0,
            0.0,
            0.0,
            0.0,
            0.0,
            0.0,
            0.0,
            0.0,
            0.0,
            0.0,
            0.0,
            0.0,
            0.0,
            0.0,
            0.0,
            0.0,
            0.0,
            0.0,
            0.0,
            0.0,
            0.0,
            0.0,
            0.0,
            0.0,
            0.0,
            0.0,
            0.0,
            0.0,
            0.0,
            0.0,
            0.0,
            0.0,
            0.0,
            0.0,
            0.0,
            0.0,
            0.0,
            0.0,
            0.0,
            0.0,
            0.0
        ],
        "disagreement_frequency": [],
        "f": 19,
        "finishing_steps": [
            7,
            7,
            7,
            7,
            7,
            7,
            7,
            7,
            7,
            7,
            7,
            7,
            7,
            7,
            7,
            7,
            7,
            7,
            7,
            7,
            7,
            7,
            7,
            7,
            7,
            7,
            7,
            7,
            7,
            7,
            7,
            7,
            7,
            7,
            7,
            7,
            7,
            7,
            7,
            7,
            7,
            7,
            7,
            7,
            7,
            7,
            7,
            7,
            7,
            7
        ],
        "n": 100,
        "p": 100,
        "termination_rate": [
            1.0,
            1.0,
            1.0,
            1.0,
            1.0,
            1.0,
            1.0,
            1.0,
            1.0,
            1.0,
            1.0,
            1.0,
            1.0,
            1.0,
            1.0,
            1.0,
            1.0,
            1.0,
            1.0,
            1.0,
            1.0,
            1.0,
            1.0,
            1.0,
            1.0,
            1.0,
            1.0,
            1.0,
            1.0,
            1.0,
            1.0,
            1.0,
            1.0,
            1.0,
            1.0,
            1.0,
            1.0,
            1.0,
            1.0,
            1.0,
            1.0,
            1.0,
            1.0,
            1.0,
            1.0,
            1.0,
            1.0,
            1.0,
            1.0,
            1.0
        ],
        "total_msgs_sent": [
            50500,
            50500,
            50500,
            50500,
            50500,
            50500,
            50500,
            50500,
            50500,
            50500,
            50500,
            50500,
            50500,
            50500,
            50500,
            50500,
            50500,
            50500,
            50500,
            50500,
            50500,
            50500,
            50500,
            50500,
            50500,
            50500,
            50500,
            50500,
            50500,
            50500,
            50500,
            50500,
            50500,
            50500,
            50500,
            50500,
            50500,
            50500,
            50500,
            50500,
            50500,
            50500,
            50500,
            50500,
            50500,
            50500,
            50500,
            50500,
            50500,
            50500
        ]
    },
    "RunTime": 327.504766989
}
