{
    "Results": {
        "c": 60,
        "delivery_nodes": [
            100.0,
            100.0,
            100.0,
            100.0,
            100.0,
            100.0,
            100.0,
            100.0,
            100.0,
            100.0,
            100.0,
            100.0,
            100.0,
            100.0,
            100.0,
            100.0,
            100.0,
            100.0,
            100.0,
            100.0,
            100.0,
            100.0,
            100.0,
            100.0,
            100.0,
            100.0,
            100.0,
            100.0,
            100.0,
            100.0,
            100.0,
            100.0,
            100.0,
            100.0,
            100.0,
            100.0,
            100.0,
            100.0,
            100.0,
            100.0,
            100.0,
            100.0,
            100.0,
            100.0,
            100.0,
            100.0,
            100.0,
            100.0,
            100.0,
            100.0
        ],
        "delivery_time": [
            11.85,
            11.033333333333333,
            11.55,
            11.466666666666667,
            11.516666666666667,
            11.716666666666667,
            11.316666666666666,
            11.816666666666666,
            11.316666666666666,
            11.016666666666667,
            11.9,
            11.15,
            11.933333333333334,
            12.15,
            11.9,
            11.766666666666667,
            11.383333333333333,
            11.383333333333333,
            11.216666666666667,
            11.8,
            11.25,
            11.683333333333334,
            11.55,
            11.283333333333333,
            11.383333333333333,
            11.333333333333334,
            11.233333333333333,
            11.35,
            11.3,
            11.65,
            11.566666666666666,
            11.6,
            12.15,
            11.25,
            11.166666666666666,
            11.416666666666666,
            11.2,
            11.283333333333333,
            11.383333333333333,
            11.733333333333333,
            11.5,
            12.2,
            11.25,
            11.2,
            11.383333333333333,
            11.616666666666667,
            11.166666666666666,
            11.45,
            11.233333333333333,
            11.95
        ],
        "disagreement": [
            45.0,
            36.666666666666664,
            38.333333333333336,
            40.0,
            38.333333333333336,
            25.0,
            31.666666666666668,
            15.0,
            43.333333333333336,
            43.333333333333336,
            48.333333333333336,
            15.0,
            36.666666666666664,
            31.666666666666668,
            33.333333333333336,
            41.666666666666664,
            48.333333333333336,
            21.666666666666668,
            35.0,
            45.0,
            46.666666666666664,
            26.666666666666668,
            36.666666666666664,
            33.333333333333336,
            38.333333333333336,
            31.666666666666668,
            31.666666666666668,
            43.333333333333336,
            26.666666666666668,
            33.333333333333336,
            45.0,
            33.333333333333336,
            26.666666666666668,
            40.0,
            45.0,
            33.333333333333336,
            23.333333333333332,
            33.333333333333336,
            8.333333333333334,
            43.333333333333336,
            18.333333333333332,
            16.666666666666668,
            15.0,
            45.0,
            31.666666666666668,
            18.333333333333332,
            13.333333333333334,
            43.333333333333336,
            38.333333333333336,
            21.666666666666668
        ],
        "disagreement_frequency": [],
        "f": 40,
        "finishing_steps": [
            3,
            3,
            3,
            3,
            3,
            3,
            3,
            3,
            3,
            3,
            3,
            3,
            3,
            3,
            3,
            3,
            3,
            3,
            3,
            3,
            3,
            3,
            3,
            3,
            3,
            3,
            3,
            3,
            3,
            3,
            3,
            3,
            3,
            3,
            3,
            3,
            3,
            3,
            3,
            3,
            3,
            3,
            3,
            3,
            3,
            3,
            3,
            3,
            3,
            3
        ],
        "n": 100,
        "p": 50,
        "termination_rate": [
            1.0,
            1.0,
            1.0,
            1.0,
            1.0,
            1.0,
            1.0,
            1.0,
            1.0,
            1.0,
            1.0,
            1.0,
            1.0,
            1.0,
            1.0,
            1.0,
            1.0,
            1.0,
            1.0,
            1.0,
            1.0,
            1.0,
            1.0,
            1.0,
            1.0,
            1.0,
            1.0,
            1.0,
            1.0,
            1.0,
            1.0,
            1.0,
            1.0,
            1.0,
            1.0,
            1.0,
            1.0,
            1.0,
            1.0,
            1.0,
            1.0,
            1.0,
            1.0,
            1.0,
            1.0,
            1.0,
            1.0,
            1.0,
            1.0,
            1.0
        ],
        "total_msgs_sent": [
            13700,
            13000,
            13400,
            12900,
            13300,
            13500,
            13700,
            13800,
            13200,
            13300,
            13600,
            13000,
            13100,
            13500,
            13600,
            13400,
            13400,
            13200,
            13000,
            14000,
            13500,
            13400,
            13900,
            13800,
            13300,
            13400,
            13400,
            12900,
            13500,
            13600,
            13600,
            13600,
            13600,
            13500,
            13800,
            13200,
            13400,
            13000,
            13800,
            13300,
            13200,
            13500,
            13700,
            13100,
            13000,
            13600,
            13500,
            13600,
            13200,
            14000
        ]
    },
    "RunTime": 172.25428758
}
