{
    "Results": {
        "c": 60,
        "delivery_nodes": [
            100.0,
            100.0,
            100.0,
            100.0,
            100.0,
            100.0,
            100.0,
            100.0,
            100.0,
            100.0,
            100.0,
            100.0,
            100.0,
            100.0,
            100.0,
            100.0,
            100.0,
            100.0,
            100.0,
            100.0,
            100.0,
            100.0,
            100.0,
            100.0,
            100.0,
            100.0,
            100.0,
            100.0,
            100.0,
            100.0,
            100.0,
            100.0,
            100.0,
            100.0,
            100.0,
            100.0,
            100.0,
            100.0,
            100.0,
            100.0,
            100.0,
            100.0,
            100.0,
            100.0,
            100.0,
            100.0,
            100.0,
            100.0,
            100.0,
            100.0
        ],
        "delivery_time": [
            11.566666666666666,
            11.25,
            11.316666666666666,
            11.116666666666667,
            11.366666666666667,
            11.666666666666666,
            11.25,
            12.3,
            12.083333333333334,
            11.483333333333333,
            11.516666666666667,
            11.283333333333333,
            12.133333333333333,
            11.883333333333333,
            11.683333333333334,
            10.95,
            11.6,
            11.366666666666667,
            11.4,
            11.633333333333333,
            11.15,
            11.233333333333333,
            11.85,
            11.75,
            11.483333333333333,
            11.383333333333333,
            11.433333333333334,
            11.516666666666667,
            11.366666666666667,
            11.15,
            11.183333333333334,
            11.016666666666667,
            11.333333333333334,
            11.166666666666666,
            12.35,
            11.8,
            11.816666666666666,
            11.816666666666666,
            11.833333333333334,
            11.266666666666667,
            11.85,
            11.35,
            11.2,
            11.716666666666667,
            11.95,
            11.266666666666667,
            11.3,
            11.716666666666667,
            11.633333333333333,
            11.3
        ],
        "disagreement": [
            3.3333333333333335,
            3.3333333333333335,
            10.0,
            0.0,
            10.0,
            5.0,
            3.3333333333333335,
            10.0,
            1.6666666666666667,
            0.0,
            8.333333333333334,
            1.6666666666666667,
            0.0,
            3.3333333333333335,
            3.3333333333333335,
            10.0,
            3.3333333333333335,
            3.3333333333333335,
            3.3333333333333335,
            1.6666666666666667,
            1.6666666666666667,
            0.0,
            3.3333333333333335,
            5.0,
            1.6666666666666667,
            6.666666666666667,
            1.6666666666666667,
            1.6666666666666667,
            1.6666666666666667,
            1.6666666666666667,
            5.0,
            1.6666666666666667,
            5.0,
            1.6666666666666667,
            3.3333333333333335,
            1.6666666666666667,
            3.3333333333333335,
            1.6666666666666667,
            15.0,
            1.6666666666666667,
            8.333333333333334,
            0.0,
            3.3333333333333335,
            1.6666666666666667,
            5.0,
            1.6666666666666667,
            3.3333333333333335,
            3.3333333333333335,
            1.6666666666666667,
            1.6666666666666667
        ],
        "disagreement_frequency": [],
        "f": 40,
        "finishing_steps": [
            3,
            3,
            3,
            3,
            3,
            3,
            3,
            3,
            3,
            3,
            3,
            3,
            3,
            3,
            3,
            3,
            3,
            3,
            3,
            3,
            3,
            3,
            3,
            3,
            3,
            3,
            3,
            3,
            3,
            3,
            3,
            3,
            3,
            3,
            3,
            3,
            3,
            3,
            3,
            3,
            3,
            3,
            3,
            3,
            3,
            3,
            3,
            3,
            3,
            3
        ],
        "n": 100,
        "p": 100,
        "termination_rate": [
            1.0,
            1.0,
            1.0,
            1.0,
            1.0,
            1.0,
            1.0,
            1.0,
            1.0,
            1.0,
            1.0,
            1.0,
            1.0,
            1.0,
            1.0,
            1.0,
            1.0,
            1.0,
            1.0,
            1.0,
            1.0,
            1.0,
            1.0,
            1.0,
            1.0,
            1.0,
            1.0,
            1.0,
            1.0,
            1.0,
            1.0,
            1.0,
            1.0,
            1.0,
            1.0,
            1.0,
            1.0,
            1.0,
            1.0,
            1.0,
            1.0,
            1.0,
            1.0,
            1.0,
            1.0,
            1.0,
            1.0,
            1.0,
            1.0,
            1.0
        ],
        "total_msgs_sent": [
            13600,
            13500,
            13700,
            13500,
            13700,
            13800,
            13600,
            13300,
            14300,
            13600,
            13900,
            13900,
            13800,
            13900,
            13800,
            13800,
            13800,
            13900,
            13300,
            14000,
            13900,
            14000,
            14200,
            13500,
            13700,
            13900,
            14200,
            13900,
            13600,
            13500,
            13600,
            13200,
            13300,
            13300,
            13900,
            14000,
            13900,
            14000,
            13800,
            13000,
            13400,
            13600,
            13700,
            13800,
            13900,
            14400,
            13600,
            14200,
            14200,
            13600
        ]
    },
    "RunTime": 148.812234736
}
