{
    "Results": {
        "c": 75,
        "delivery_nodes": [
            100.0,
            100.0,
            100.0,
            100.0,
            100.0,
            100.0,
            100.0,
            100.0,
            100.0,
            100.0,
            100.0,
            100.0,
            100.0,
            100.0,
            100.0,
            100.0,
            100.0,
            100.0,
            100.0,
            100.0,
            100.0,
            100.0,
            100.0,
            100.0,
            100.0,
            100.0,
            100.0,
            100.0,
            100.0,
            100.0,
            100.0,
            100.0,
            100.0,
            100.0,
            100.0,
            100.0,
            100.0,
            100.0,
            100.0,
            100.0,
            100.0,
            100.0,
            100.0,
            100.0,
            100.0,
            100.0,
            100.0,
            100.0,
            100.0,
            100.0
        ],
        "delivery_time": [
            18.946666666666665,
            20.053333333333335,
            19.746666666666666,
            19.493333333333332,
            18.706666666666667,
            19.4,
            18.6,
            19.346666666666668,
            19.946666666666665,
            19.16,
            20.48,
            19.813333333333333,
            20.066666666666666,
            19.12,
            19.626666666666665,
            19.4,
            19.533333333333335,
            19.453333333333333,
            19.586666666666666,
            19.92,
            19.72,
            19.773333333333333,
            19.8,
            19.453333333333333,
            19.44,
            19.613333333333333,
            19.293333333333333,
            19.253333333333334,
            18.933333333333334,
            19.373333333333335,
            18.986666666666668,
            19.026666666666667,
            19.986666666666668,
            19.88,
            19.48,
            19.28,
            20.093333333333334,
            19.36,
            19.826666666666668,
            20.186666666666667,
            20.373333333333335,
            20.106666666666666,
            19.973333333333333,
            18.813333333333333,
            19.546666666666667,
            19.893333333333334,
            20.8,
            20.24,
            20.213333333333335,
            19.973333333333333
        ],
        "disagreement": [
            0.0,
            1.3333333333333333,
            1.3333333333333333,
            0.0,
            0.0,
            0.0,
            0.0,
            2.6666666666666665,
            0.0,
            0.0,
            0.0,
            0.0,
            0.0,
            1.3333333333333333,
            0.0,
            0.0,
            0.0,
            0.0,
            0.0,
            0.0,
            1.3333333333333333,
            0.0,
            0.0,
            1.3333333333333333,
            1.3333333333333333,
            0.0,
            0.0,
            1.3333333333333333,
            0.0,
            1.3333333333333333,
            1.3333333333333333,
            0.0,
            2.6666666666666665,
            0.0,
            1.3333333333333333,
            1.3333333333333333,
            0.0,
            1.3333333333333333,
            1.3333333333333333,
            1.3333333333333333,
            1.3333333333333333,
            0.0,
            0.0,
            0.0,
            0.0,
            1.3333333333333333,
            1.3333333333333333,
            2.6666666666666665,
            0.0,
            0.0
        ],
        "disagreement_frequency": [],
        "f": 25,
        "finishing_steps": [
            3,
            3,
            3,
            3,
            3,
            3,
            3,
            3,
            3,
            3,
            3,
            3,
            3,
            3,
            3,
            3,
            3,
            3,
            3,
            3,
            3,
            3,
            3,
            3,
            3,
            3,
            3,
            3,
            3,
            3,
            3,
            3,
            3,
            3,
            3,
            3,
            3,
            3,
            3,
            3,
            3,
            3,
            3,
            3,
            3,
            3,
            3,
            3,
            3,
            3
        ],
        "n": 100,
        "p": 60,
        "termination_rate": [
            1.0,
            1.0,
            1.0,
            1.0,
            1.0,
            1.0,
            1.0,
            1.0,
            1.0,
            1.0,
            1.0,
            1.0,
            1.0,
            1.0,
            1.0,
            1.0,
            1.0,
            1.0,
            1.0,
            1.0,
            1.0,
            1.0,
            1.0,
            1.0,
            1.0,
            1.0,
            1.0,
            1.0,
            1.0,
            1.0,
            1.0,
            1.0,
            1.0,
            1.0,
            1.0,
            1.0,
            1.0,
            1.0,
            1.0,
            1.0,
            1.0,
            1.0,
            1.0,
            1.0,
            1.0,
            1.0,
            1.0,
            1.0,
            1.0,
            1.0
        ],
        "total_msgs_sent": [
            15000,
            15000,
            14900,
            15000,
            15000,
            15000,
            15000,
            15000,
            15000,
            15000,
            15000,
            15000,
            15000,
            15000,
            15000,
            14900,
            15000,
            15000,
            15000,
            15000,
            15000,
            15000,
            14900,
            15000,
            15000,
            15000,
            15000,
            15000,
            15000,
            15000,
            14900,
            15000,
            15000,
            15000,
            15000,
            15000,
            15000,
            15000,
            15000,
            15000,
            15000,
            15000,
            15000,
            14900,
            15000,
            15000,
            15000,
            15000,
            14900,
            15000
        ]
    },
    "RunTime": 170.137768077
}
