{
    "Results": {
        "c": 67,
        "delivery_nodes": [
            100.0,
            100.0,
            100.0,
            100.0,
            100.0,
            100.0,
            100.0,
            100.0,
            100.0,
            100.0,
            100.0,
            100.0,
            100.0,
            100.0,
            100.0,
            100.0,
            100.0,
            100.0,
            100.0,
            100.0,
            100.0,
            100.0,
            100.0,
            100.0,
            100.0,
            100.0,
            100.0,
            100.0,
            100.0,
            100.0,
            100.0,
            100.0,
            100.0,
            100.0,
            100.0,
            100.0,
            100.0,
            100.0,
            100.0,
            100.0,
            100.0,
            100.0,
            100.0,
            100.0,
            100.0,
            100.0,
            100.0,
            100.0,
            100.0,
            100.0
        ],
        "delivery_time": [
            15.283582089552239,
            14.761194029850746,
            15.119402985074627,
            14.82089552238806,
            14.865671641791044,
            14.880597014925373,
            14.373134328358208,
            15.402985074626866,
            15.029850746268657,
            15.26865671641791,
            14.850746268656716,
            15.08955223880597,
            15.955223880597014,
            15.029850746268657,
            15.208955223880597,
            15.164179104477611,
            15.477611940298507,
            14.805970149253731,
            15.298507462686567,
            13.73134328358209,
            15.059701492537313,
            15.328358208955224,
            15.059701492537313,
            15.26865671641791,
            15.537313432835822,
            15.537313432835822,
            14.35820895522388,
            14.880597014925373,
            15.014925373134329,
            15.761194029850746,
            15.164179104477611,
            15.149253731343284,
            15.552238805970148,
            15.119402985074627,
            15.0,
            14.671641791044776,
            15.044776119402986,
            14.402985074626866,
            15.194029850746269,
            14.850746268656716,
            14.567164179104477,
            14.014925373134329,
            14.671641791044776,
            15.134328358208956,
            15.164179104477611,
            15.238805970149254,
            15.417910447761194,
            15.134328358208956,
            15.761194029850746,
            15.552238805970148
        ],
        "disagreement": [
            1.492537313432836,
            1.492537313432836,
            0.0,
            4.477611940298507,
            0.0,
            4.477611940298507,
            0.0,
            0.0,
            5.970149253731344,
            0.0,
            0.0,
            0.0,
            2.985074626865672,
            2.985074626865672,
            7.462686567164179,
            1.492537313432836,
            1.492537313432836,
            2.985074626865672,
            0.0,
            0.0,
            0.0,
            7.462686567164179,
            1.492537313432836,
            1.492537313432836,
            5.970149253731344,
            4.477611940298507,
            1.492537313432836,
            1.492537313432836,
            1.492537313432836,
            0.0,
            0.0,
            2.985074626865672,
            8.955223880597014,
            0.0,
            0.0,
            0.0,
            4.477611940298507,
            0.0,
            0.0,
            0.0,
            0.0,
            1.492537313432836,
            2.985074626865672,
            0.0,
            2.985074626865672,
            1.492537313432836,
            1.492537313432836,
            4.477611940298507,
            2.985074626865672,
            1.492537313432836
        ],
        "disagreement_frequency": [],
        "f": 33,
        "finishing_steps": [
            3,
            3,
            3,
            3,
            3,
            3,
            3,
            3,
            3,
            3,
            3,
            3,
            3,
            3,
            3,
            3,
            3,
            3,
            3,
            3,
            3,
            3,
            3,
            3,
            3,
            3,
            3,
            3,
            3,
            3,
            3,
            3,
            3,
            3,
            3,
            3,
            3,
            3,
            3,
            3,
            3,
            3,
            3,
            3,
            3,
            3,
            3,
            3,
            3,
            3
        ],
        "n": 100,
        "p": 80,
        "termination_rate": [
            1.0,
            1.0,
            1.0,
            1.0,
            1.0,
            1.0,
            1.0,
            1.0,
            1.0,
            1.0,
            1.0,
            1.0,
            1.0,
            1.0,
            1.0,
            1.0,
            1.0,
            1.0,
            1.0,
            1.0,
            1.0,
            1.0,
            1.0,
            1.0,
            1.0,
            1.0,
            1.0,
            1.0,
            1.0,
            1.0,
            1.0,
            1.0,
            1.0,
            1.0,
            1.0,
            1.0,
            1.0,
            1.0,
            1.0,
            1.0,
            1.0,
            1.0,
            1.0,
            1.0,
            1.0,
            1.0,
            1.0,
            1.0,
            1.0,
            1.0
        ],
        "total_msgs_sent": [
            13600,
            13600,
            13800,
            13600,
            13500,
            13600,
            13800,
            13500,
            13400,
            13500,
            13800,
            13600,
            13500,
            13900,
            13400,
            13700,
            13400,
            13600,
            13500,
            14100,
            13800,
            13400,
            13600,
            13700,
            13400,
            13400,
            13700,
            13400,
            13500,
            13600,
            13600,
            13700,
            13400,
            13600,
            13500,
            13800,
            13400,
            13800,
            13700,
            13800,
            14100,
            13900,
            13700,
            13700,
            13400,
            13500,
            13500,
            13500,
            13400,
            13500
        ]
    },
    "RunTime": 160.051643959
}
