{
    "Results": {
        "c": 67,
        "delivery_nodes": [
            100.0,
            100.0,
            100.0,
            100.0,
            100.0,
            100.0,
            100.0,
            100.0,
            100.0,
            100.0,
            100.0,
            100.0,
            100.0,
            100.0,
            100.0,
            100.0,
            100.0,
            100.0,
            100.0,
            100.0,
            100.0,
            100.0,
            100.0,
            100.0,
            100.0,
            100.0,
            100.0,
            100.0,
            100.0,
            100.0,
            100.0,
            100.0,
            100.0,
            100.0,
            100.0,
            100.0,
            100.0,
            100.0,
            100.0,
            100.0,
            100.0,
            100.0,
            100.0,
            100.0,
            100.0,
            100.0,
            100.0,
            100.0,
            100.0,
            100.0
        ],
        "delivery_time": [
            15.104477611940299,
            16.432835820895523,
            14.477611940298507,
            14.701492537313433,
            14.746268656716419,
            15.298507462686567,
            14.253731343283581,
            14.895522388059701,
            14.686567164179104,
            15.447761194029852,
            14.73134328358209,
            15.776119402985074,
            15.582089552238806,
            15.895522388059701,
            14.746268656716419,
            15.64179104477612,
            15.238805970149254,
            15.417910447761194,
            15.253731343283581,
            14.835820895522389,
            14.746268656716419,
            15.074626865671641,
            15.35820895522388,
            15.059701492537313,
            15.447761194029852,
            14.119402985074627,
            15.791044776119403,
            16.73134328358209,
            15.014925373134329,
            15.776119402985074,
            14.626865671641792,
            15.134328358208956,
            16.238805970149254,
            14.82089552238806,
            14.940298507462687,
            15.238805970149254,
            14.82089552238806,
            16.08955223880597,
            14.761194029850746,
            15.313432835820896,
            15.462686567164178,
            15.328358208955224,
            14.805970149253731,
            16.059701492537314,
            14.149253731343284,
            14.791044776119403,
            14.880597014925373,
            14.402985074626866,
            14.940298507462687,
            15.73134328358209
        ],
        "disagreement": [
            0.0,
            0.0,
            0.0,
            0.0,
            0.0,
            0.0,
            0.0,
            0.0,
            0.0,
            0.0,
            0.0,
            0.0,
            0.0,
            0.0,
            0.0,
            0.0,
            0.0,
            0.0,
            0.0,
            0.0,
            0.0,
            0.0,
            0.0,
            1.492537313432836,
            0.0,
            0.0,
            0.0,
            0.0,
            0.0,
            0.0,
            0.0,
            0.0,
            0.0,
            0.0,
            0.0,
            0.0,
            0.0,
            0.0,
            0.0,
            0.0,
            0.0,
            0.0,
            0.0,
            0.0,
            0.0,
            0.0,
            0.0,
            0.0,
            0.0,
            0.0
        ],
        "disagreement_frequency": [],
        "f": 33,
        "finishing_steps": [
            3,
            3,
            3,
            3,
            3,
            3,
            3,
            3,
            3,
            3,
            3,
            3,
            3,
            3,
            3,
            3,
            3,
            3,
            3,
            3,
            3,
            3,
            3,
            3,
            3,
            3,
            3,
            3,
            3,
            3,
            3,
            3,
            3,
            3,
            3,
            3,
            3,
            3,
            3,
            3,
            3,
            3,
            3,
            3,
            3,
            3,
            3,
            3,
            3,
            3
        ],
        "n": 100,
        "p": 90,
        "termination_rate": [
            1.0,
            1.0,
            1.0,
            1.0,
            1.0,
            1.0,
            1.0,
            1.0,
            1.0,
            1.0,
            1.0,
            1.0,
            1.0,
            1.0,
            1.0,
            1.0,
            1.0,
            1.0,
            1.0,
            1.0,
            1.0,
            1.0,
            1.0,
            1.0,
            1.0,
            1.0,
            1.0,
            1.0,
            1.0,
            1.0,
            1.0,
            1.0,
            1.0,
            1.0,
            1.0,
            1.0,
            1.0,
            1.0,
            1.0,
            1.0,
            1.0,
            1.0,
            1.0,
            1.0,
            1.0,
            1.0,
            1.0,
            1.0,
            1.0,
            1.0
        ],
        "total_msgs_sent": [
            13700,
            13300,
            13900,
            14100,
            13900,
            14100,
            13800,
            13800,
            14000,
            13700,
            13500,
            13800,
            13600,
            13700,
            14300,
            13700,
            13700,
            13900,
            13600,
            13900,
            14000,
            13800,
            13800,
            14000,
            13900,
            13900,
            13500,
            13400,
            14000,
            13500,
            13300,
            13800,
            13400,
            13800,
            13900,
            13600,
            14100,
            13700,
            14000,
            13800,
            13700,
            13800,
            14100,
            13400,
            14400,
            14100,
            14100,
            13500,
            13700,
            13500
        ]
    },
    "RunTime": 160.698722083
}
