{
    "Results": {
        "c": 60,
        "delivery_nodes": [
            100.0,
            100.0,
            100.0,
            100.0,
            100.0,
            100.0,
            100.0,
            100.0,
            100.0,
            100.0,
            100.0,
            100.0,
            100.0,
            100.0,
            100.0,
            100.0,
            100.0,
            100.0,
            100.0,
            100.0,
            100.0,
            100.0,
            100.0,
            100.0,
            100.0,
            100.0,
            100.0,
            100.0,
            100.0,
            100.0,
            100.0,
            100.0,
            100.0,
            100.0,
            100.0,
            100.0,
            100.0,
            100.0,
            100.0,
            100.0,
            100.0,
            100.0,
            100.0,
            100.0,
            100.0,
            100.0,
            100.0,
            100.0,
            100.0,
            100.0
        ],
        "delivery_time": [
            10.766666666666667,
            11.083333333333334,
            11.8,
            11.483333333333333,
            11.466666666666667,
            11.583333333333334,
            11.0,
            11.316666666666666,
            11.2,
            11.583333333333334,
            11.583333333333334,
            11.533333333333333,
            10.833333333333334,
            11.066666666666666,
            11.266666666666667,
            11.733333333333333,
            11.716666666666667,
            11.733333333333333,
            11.85,
            11.15,
            11.85,
            11.366666666666667,
            11.3,
            11.033333333333333,
            11.383333333333333,
            11.35,
            11.166666666666666,
            12.016666666666667,
            11.266666666666667,
            11.116666666666667,
            11.45,
            11.933333333333334,
            11.6,
            11.0,
            11.433333333333334,
            11.75,
            11.216666666666667,
            11.433333333333334,
            11.25,
            11.633333333333333,
            10.966666666666667,
            11.516666666666667,
            11.466666666666667,
            11.383333333333333,
            11.6,
            10.916666666666666,
            10.933333333333334,
            11.233333333333333,
            11.3,
            11.333333333333334
        ],
        "disagreement": [
            0.0,
            3.3333333333333335,
            3.3333333333333335,
            1.6666666666666667,
            5.0,
            8.333333333333334,
            0.0,
            0.0,
            1.6666666666666667,
            18.333333333333332,
            0.0,
            0.0,
            0.0,
            1.6666666666666667,
            1.6666666666666667,
            5.0,
            18.333333333333332,
            10.0,
            0.0,
            5.0,
            0.0,
            0.0,
            3.3333333333333335,
            5.0,
            1.6666666666666667,
            3.3333333333333335,
            1.6666666666666667,
            0.0,
            0.0,
            1.6666666666666667,
            3.3333333333333335,
            3.3333333333333335,
            1.6666666666666667,
            5.0,
            0.0,
            3.3333333333333335,
            1.6666666666666667,
            3.3333333333333335,
            0.0,
            1.6666666666666667,
            1.6666666666666667,
            1.6666666666666667,
            0.0,
            5.0,
            1.6666666666666667,
            0.0,
            1.6666666666666667,
            0.0,
            3.3333333333333335,
            3.3333333333333335
        ],
        "disagreement_frequency": [],
        "f": 40,
        "finishing_steps": [
            3,
            3,
            3,
            3,
            3,
            3,
            3,
            3,
            3,
            3,
            3,
            3,
            3,
            3,
            3,
            3,
            3,
            3,
            3,
            3,
            3,
            3,
            3,
            3,
            3,
            3,
            3,
            3,
            3,
            3,
            3,
            3,
            3,
            3,
            3,
            3,
            3,
            3,
            3,
            3,
            3,
            3,
            3,
            3,
            3,
            3,
            3,
            3,
            3,
            3
        ],
        "n": 100,
        "p": 90,
        "termination_rate": [
            1.0,
            1.0,
            1.0,
            1.0,
            1.0,
            1.0,
            1.0,
            1.0,
            1.0,
            1.0,
            1.0,
            1.0,
            1.0,
            1.0,
            1.0,
            1.0,
            1.0,
            1.0,
            1.0,
            1.0,
            1.0,
            1.0,
            1.0,
            1.0,
            1.0,
            1.0,
            1.0,
            1.0,
            1.0,
            1.0,
            1.0,
            1.0,
            1.0,
            1.0,
            1.0,
            1.0,
            1.0,
            1.0,
            1.0,
            1.0,
            1.0,
            1.0,
            1.0,
            1.0,
            1.0,
            1.0,
            1.0,
            1.0,
            1.0,
            1.0
        ],
        "total_msgs_sent": [
            13600,
            13000,
            14000,
            14100,
            13900,
            13500,
            14000,
            14500,
            13600,
            13600,
            13600,
            13500,
            13700,
            13200,
            13900,
            14000,
            13900,
            13700,
            13900,
            13400,
            13900,
            13600,
            13600,
            13700,
            13600,
            13900,
            13700,
            14200,
            14000,
            13900,
            14000,
            14100,
            13300,
            13600,
            13700,
            13800,
            13800,
            14000,
            13700,
            13800,
            14200,
            13300,
            13800,
            14000,
            13500,
            13600,
            14000,
            13800,
            13800,
            14100
        ]
    },
    "RunTime": 151.377402653
}
