{
    "Results": {
        "c": 60,
        "delivery_nodes": [
            100.0,
            100.0,
            100.0,
            100.0,
            100.0,
            100.0,
            100.0,
            100.0,
            100.0,
            100.0,
            100.0,
            100.0,
            100.0,
            100.0,
            100.0,
            100.0,
            100.0,
            100.0,
            100.0,
            100.0,
            100.0,
            100.0,
            100.0,
            100.0,
            100.0,
            100.0,
            100.0,
            100.0,
            100.0,
            100.0,
            100.0,
            100.0,
            100.0,
            100.0,
            100.0,
            100.0,
            100.0,
            100.0,
            100.0,
            100.0,
            100.0,
            100.0,
            100.0,
            100.0,
            100.0,
            100.0,
            100.0,
            100.0,
            100.0,
            100.0
        ],
        "delivery_time": [
            11.866666666666667,
            11.116666666666667,
            11.733333333333333,
            11.266666666666667,
            11.8,
            11.45,
            11.3,
            11.533333333333333,
            10.966666666666667,
            11.933333333333334,
            11.666666666666666,
            11.816666666666666,
            11.583333333333334,
            11.05,
            11.816666666666666,
            11.333333333333334,
            12.066666666666666,
            11.166666666666666,
            11.583333333333334,
            11.633333333333333,
            11.8,
            11.85,
            11.766666666666667,
            11.883333333333333,
            11.6,
            11.183333333333334,
            11.35,
            11.166666666666666,
            11.683333333333334,
            11.05,
            11.183333333333334,
            12.05,
            11.466666666666667,
            12.4,
            11.583333333333334,
            11.016666666666667,
            11.6,
            11.566666666666666,
            10.7,
            11.85,
            11.083333333333334,
            11.983333333333333,
            11.116666666666667,
            11.7,
            11.533333333333333,
            11.1,
            11.15,
            11.4,
            11.15,
            12.0
        ],
        "disagreement": [
            10.0,
            30.0,
            18.333333333333332,
            35.0,
            8.333333333333334,
            18.333333333333332,
            11.666666666666666,
            20.0,
            8.333333333333334,
            41.666666666666664,
            10.0,
            6.666666666666667,
            38.333333333333336,
            16.666666666666668,
            48.333333333333336,
            6.666666666666667,
            18.333333333333332,
            11.666666666666666,
            28.333333333333332,
            18.333333333333332,
            36.666666666666664,
            15.0,
            10.0,
            36.666666666666664,
            40.0,
            48.333333333333336,
            33.333333333333336,
            16.666666666666668,
            18.333333333333332,
            26.666666666666668,
            6.666666666666667,
            31.666666666666668,
            10.0,
            20.0,
            13.333333333333334,
            16.666666666666668,
            0.0,
            18.333333333333332,
            23.333333333333332,
            10.0,
            11.666666666666666,
            35.0,
            23.333333333333332,
            16.666666666666668,
            41.666666666666664,
            33.333333333333336,
            23.333333333333332,
            15.0,
            15.0,
            20.0
        ],
        "disagreement_frequency": [],
        "f": 40,
        "finishing_steps": [
            3,
            3,
            3,
            3,
            3,
            3,
            3,
            3,
            3,
            3,
            3,
            3,
            3,
            3,
            3,
            3,
            3,
            3,
            3,
            3,
            3,
            3,
            3,
            3,
            3,
            3,
            3,
            3,
            3,
            3,
            3,
            3,
            3,
            3,
            3,
            3,
            3,
            3,
            3,
            3,
            3,
            3,
            3,
            3,
            3,
            3,
            3,
            3,
            3,
            3
        ],
        "n": 100,
        "p": 80,
        "termination_rate": [
            1.0,
            1.0,
            1.0,
            1.0,
            1.0,
            1.0,
            1.0,
            1.0,
            1.0,
            1.0,
            1.0,
            1.0,
            1.0,
            1.0,
            1.0,
            1.0,
            1.0,
            1.0,
            1.0,
            1.0,
            1.0,
            1.0,
            1.0,
            1.0,
            1.0,
            1.0,
            1.0,
            1.0,
            1.0,
            1.0,
            1.0,
            1.0,
            1.0,
            1.0,
            1.0,
            1.0,
            1.0,
            1.0,
            1.0,
            1.0,
            1.0,
            1.0,
            1.0,
            1.0,
            1.0,
            1.0,
            1.0,
            1.0,
            1.0,
            1.0
        ],
        "total_msgs_sent": [
            13600,
            13000,
            14000,
            13500,
            13900,
            13900,
            13900,
            13500,
            13600,
            14000,
            13600,
            13800,
            13600,
            13400,
            13900,
            13800,
            13600,
            13700,
            13900,
            13700,
            13900,
            13700,
            13700,
            13800,
            13900,
            13700,
            13700,
            13100,
            13900,
            14000,
            13700,
            14100,
            13600,
            14200,
            13900,
            13800,
            14200,
            13800,
            13500,
            13800,
            13700,
            14000,
            13600,
            13300,
            13700,
            13500,
            13500,
            13800,
            13700,
            13800
        ]
    },
    "RunTime": 151.609812641
}
