{
    "Results": {
        "c": 81,
        "delivery_nodes": [
            100.0,
            100.0,
            100.0,
            100.0,
            100.0,
            100.0,
            100.0,
            100.0,
            100.0,
            100.0,
            100.0,
            100.0,
            100.0,
            100.0,
            100.0,
            100.0,
            100.0,
            100.0,
            100.0,
            100.0,
            100.0,
            100.0,
            100.0,
            100.0,
            100.0,
            100.0,
            100.0,
            100.0,
            100.0,
            100.0,
            100.0,
            100.0,
            100.0,
            100.0,
            100.0,
            100.0,
            100.0,
            100.0,
            100.0,
            100.0,
            100.0,
            100.0,
            100.0,
            100.0,
            100.0,
            100.0,
            100.0,
            100.0,
            100.0,
            100.0
        ],
        "delivery_time": [
            19.444444444444443,
            19.604938271604937,
            19.753086419753085,
            19.567901234567902,
            19.51851851851852,
            19.074074074074073,
            19.506172839506174,
            19.666666666666668,
            19.555555555555557,
            19.74074074074074,
            19.358024691358025,
            19.333333333333332,
            19.234567901234566,
            19.382716049382715,
            19.45679012345679,
            19.753086419753085,
            19.0,
            19.567901234567902,
            19.432098765432098,
            19.493827160493826,
            19.51851851851852,
            19.728395061728396,
            19.814814814814813,
            19.11111111111111,
            19.333333333333332,
            19.358024691358025,
            19.530864197530864,
            19.51851851851852,
            19.555555555555557,
            18.876543209876544,
            19.88888888888889,
            19.419753086419753,
            19.469135802469136,
            19.135802469135804,
            19.08641975308642,
            19.308641975308642,
            19.37037037037037,
            18.19753086419753,
            19.22222222222222,
            19.135802469135804,
            18.54320987654321,
            19.48148148148148,
            19.580246913580247,
            19.703703703703702,
            19.77777777777778,
            19.506172839506174,
            19.74074074074074,
            19.308641975308642,
            19.617283950617285,
            18.74074074074074
        ],
        "disagreement": [
            0.0,
            0.0,
            0.0,
            0.0,
            0.0,
            0.0,
            0.0,
            0.0,
            0.0,
            0.0,
            0.0,
            0.0,
            0.0,
            0.0,
            0.0,
            0.0,
            0.0,
            0.0,
            0.0,
            0.0,
            0.0,
            0.0,
            0.0,
            0.0,
            0.0,
            0.0,
            0.0,
            0.0,
            0.0,
            0.0,
            0.0,
            0.0,
            0.0,
            0.0,
            0.0,
            0.0,
            0.0,
            0.0,
            0.0,
            0.0,
            0.0,
            0.0,
            0.0,
            0.0,
            0.0,
            0.0,
            0.0,
            0.0,
            0.0,
            0.0
        ],
        "disagreement_frequency": [],
        "f": 19,
        "finishing_steps": [
            2,
            2,
            2,
            2,
            2,
            2,
            2,
            2,
            2,
            2,
            2,
            2,
            2,
            2,
            2,
            2,
            2,
            2,
            2,
            2,
            2,
            2,
            2,
            2,
            2,
            2,
            2,
            2,
            2,
            2,
            2,
            2,
            2,
            2,
            2,
            2,
            2,
            2,
            2,
            2,
            2,
            2,
            2,
            2,
            2,
            2,
            2,
            2,
            2,
            2
        ],
        "n": 100,
        "p": 100,
        "termination_rate": [
            1.0,
            1.0,
            1.0,
            1.0,
            1.0,
            1.0,
            1.0,
            1.0,
            1.0,
            1.0,
            1.0,
            1.0,
            1.0,
            1.0,
            1.0,
            1.0,
            1.0,
            1.0,
            1.0,
            1.0,
            1.0,
            1.0,
            1.0,
            1.0,
            1.0,
            1.0,
            1.0,
            1.0,
            1.0,
            1.0,
            1.0,
            1.0,
            1.0,
            1.0,
            1.0,
            1.0,
            1.0,
            1.0,
            1.0,
            1.0,
            1.0,
            1.0,
            1.0,
            1.0,
            1.0,
            1.0,
            1.0,
            1.0,
            1.0,
            1.0
        ],
        "total_msgs_sent": [
            8100,
            8100,
            8100,
            8100,
            8100,
            8100,
            8100,
            8100,
            8100,
            8100,
            8100,
            8100,
            8100,
            8100,
            8100,
            8100,
            8100,
            8100,
            8100,
            8100,
            8100,
            8100,
            8100,
            8100,
            8100,
            8100,
            8100,
            8100,
            8100,
            8100,
            8100,
            8100,
            8100,
            8100,
            8100,
            8100,
            8100,
            8100,
            8100,
            8100,
            8100,
            8100,
            8100,
            8100,
            8100,
            8100,
            8100,
            8100,
            8100,
            8100
        ]
    },
    "RunTime": 110.167401586
}
