{
    "Results": {
        "c": 67,
        "delivery_nodes": [
            100.0,
            100.0,
            100.0,
            100.0,
            100.0,
            100.0,
            100.0,
            100.0,
            100.0,
            100.0,
            100.0,
            100.0,
            100.0,
            100.0,
            100.0,
            100.0,
            100.0,
            100.0,
            100.0,
            100.0,
            100.0,
            100.0,
            100.0,
            100.0,
            100.0,
            100.0,
            100.0,
            100.0,
            100.0,
            100.0,
            100.0,
            100.0,
            100.0,
            100.0,
            100.0,
            100.0,
            100.0,
            100.0,
            100.0,
            100.0,
            100.0,
            100.0,
            100.0,
            100.0,
            100.0,
            100.0,
            100.0,
            100.0,
            100.0,
            100.0
        ],
        "delivery_time": [
            14.164179104477611,
            14.686567164179104,
            15.35820895522388,
            15.134328358208956,
            14.328358208955224,
            14.328358208955224,
            13.611940298507463,
            14.940298507462687,
            13.835820895522389,
            14.402985074626866,
            15.208955223880597,
            13.64179104477612,
            13.283582089552239,
            15.194029850746269,
            13.925373134328359,
            14.014925373134329,
            14.626865671641792,
            14.08955223880597,
            13.656716417910447,
            15.059701492537313,
            14.134328358208956,
            14.761194029850746,
            15.059701492537313,
            15.26865671641791,
            14.373134328358208,
            14.26865671641791,
            14.029850746268657,
            13.91044776119403,
            13.671641791044776,
            14.313432835820896,
            13.925373134328359,
            14.507462686567164,
            14.194029850746269,
            14.985074626865671,
            14.059701492537313,
            14.507462686567164,
            13.701492537313433,
            13.029850746268657,
            13.791044776119403,
            13.850746268656716,
            13.373134328358208,
            15.08955223880597,
            13.507462686567164,
            15.104477611940299,
            14.970149253731343,
            14.925373134328359,
            13.82089552238806,
            15.402985074626866,
            13.955223880597014,
            15.432835820895523
        ],
        "disagreement": [
            1.492537313432836,
            0.0,
            1.492537313432836,
            1.492537313432836,
            0.0,
            0.0,
            0.0,
            2.985074626865672,
            0.0,
            1.492537313432836,
            0.0,
            0.0,
            0.0,
            2.985074626865672,
            1.492537313432836,
            0.0,
            1.492537313432836,
            0.0,
            0.0,
            4.477611940298507,
            0.0,
            2.985074626865672,
            2.985074626865672,
            4.477611940298507,
            0.0,
            0.0,
            0.0,
            0.0,
            0.0,
            2.985074626865672,
            1.492537313432836,
            0.0,
            0.0,
            0.0,
            2.985074626865672,
            0.0,
            0.0,
            1.492537313432836,
            0.0,
            0.0,
            0.0,
            0.0,
            0.0,
            2.985074626865672,
            0.0,
            4.477611940298507,
            0.0,
            8.955223880597014,
            0.0,
            2.985074626865672
        ],
        "disagreement_frequency": [],
        "f": 33,
        "finishing_steps": [
            3,
            3,
            3,
            3,
            3,
            3,
            3,
            3,
            3,
            3,
            3,
            3,
            3,
            3,
            3,
            3,
            3,
            3,
            3,
            3,
            3,
            3,
            3,
            3,
            3,
            3,
            3,
            3,
            3,
            3,
            3,
            3,
            3,
            3,
            3,
            3,
            3,
            3,
            3,
            3,
            3,
            3,
            3,
            3,
            3,
            3,
            3,
            3,
            3,
            3
        ],
        "n": 100,
        "p": 60,
        "termination_rate": [
            1.0,
            1.0,
            1.0,
            1.0,
            1.0,
            1.0,
            1.0,
            1.0,
            1.0,
            1.0,
            1.0,
            1.0,
            1.0,
            1.0,
            1.0,
            1.0,
            1.0,
            1.0,
            1.0,
            1.0,
            1.0,
            1.0,
            1.0,
            1.0,
            1.0,
            1.0,
            1.0,
            1.0,
            1.0,
            1.0,
            1.0,
            1.0,
            1.0,
            1.0,
            1.0,
            1.0,
            1.0,
            1.0,
            1.0,
            1.0,
            1.0,
            1.0,
            1.0,
            1.0,
            1.0,
            1.0,
            1.0,
            1.0,
            1.0,
            1.0
        ],
        "total_msgs_sent": [
            13800,
            13800,
            13400,
            13500,
            13700,
            13900,
            13800,
            13600,
            14000,
            14000,
            13400,
            14000,
            13800,
            13400,
            13800,
            13700,
            13900,
            13900,
            13900,
            13400,
            13900,
            13400,
            13500,
            13500,
            13800,
            13900,
            14100,
            13900,
            14000,
            14000,
            13900,
            13800,
            13900,
            13600,
            13600,
            13700,
            14000,
            14000,
            13900,
            13800,
            14000,
            13800,
            14000,
            13500,
            13400,
            13500,
            14100,
            13500,
            13800,
            13400
        ]
    },
    "RunTime": 155.370712711
}
