{
    "Results": {
        "c": 75,
        "delivery_nodes": [
            100.0,
            100.0,
            100.0,
            100.0,
            100.0,
            100.0,
            100.0,
            100.0,
            100.0,
            100.0,
            100.0,
            100.0,
            100.0,
            100.0,
            100.0,
            100.0,
            100.0,
            100.0,
            100.0,
            100.0,
            100.0,
            100.0,
            100.0,
            100.0,
            100.0,
            100.0,
            100.0,
            100.0,
            100.0,
            100.0,
            100.0,
            100.0,
            100.0,
            100.0,
            100.0,
            100.0,
            100.0,
            100.0,
            100.0,
            100.0,
            100.0,
            100.0,
            100.0,
            100.0,
            100.0,
            100.0,
            100.0,
            100.0,
            100.0,
            100.0
        ],
        "delivery_time": [
            37.2,
            37.346666666666664,
            37.96,
            36.973333333333336,
            37.29333333333334,
            37.026666666666664,
            37.17333333333333,
            38.50666666666667,
            38.46666666666667,
            37.0,
            38.653333333333336,
            37.45333333333333,
            38.333333333333336,
            38.82666666666667,
            38.04,
            38.81333333333333,
            37.986666666666665,
            38.093333333333334,
            38.946666666666665,
            37.946666666666665,
            38.52,
            38.36,
            37.68,
            38.48,
            37.93333333333333,
            38.946666666666665,
            37.89333333333333,
            39.56,
            39.373333333333335,
            36.13333333333333,
            38.04,
            37.973333333333336,
            38.61333333333334,
            38.54666666666667,
            38.76,
            39.0,
            38.0,
            36.973333333333336,
            38.0,
            38.666666666666664,
            39.0,
            38.973333333333336,
            38.93333333333333,
            36.093333333333334,
            38.0,
            38.14666666666667,
            38.89333333333333,
            38.6,
            37.986666666666665,
            38.0
        ],
        "disagreement": [
            0.0,
            0.0,
            0.0,
            0.0,
            0.0,
            0.0,
            0.0,
            0.0,
            0.0,
            0.0,
            0.0,
            0.0,
            0.0,
            0.0,
            0.0,
            0.0,
            0.0,
            0.0,
            0.0,
            0.0,
            0.0,
            0.0,
            0.0,
            0.0,
            0.0,
            0.0,
            0.0,
            0.0,
            0.0,
            0.0,
            0.0,
            0.0,
            0.0,
            0.0,
            0.0,
            0.0,
            0.0,
            0.0,
            0.0,
            0.0,
            0.0,
            0.0,
            0.0,
            0.0,
            0.0,
            0.0,
            0.0,
            0.0,
            0.0,
            0.0
        ],
        "disagreement_frequency": [],
        "f": 25,
        "finishing_steps": [
            4,
            4,
            4,
            4,
            4,
            4,
            4,
            4,
            4,
            4,
            4,
            4,
            4,
            4,
            4,
            4,
            4,
            4,
            4,
            4,
            4,
            4,
            4,
            4,
            4,
            4,
            4,
            4,
            4,
            4,
            4,
            4,
            4,
            4,
            4,
            4,
            4,
            4,
            4,
            4,
            4,
            4,
            4,
            4,
            4,
            4,
            4,
            4,
            4,
            4
        ],
        "n": 100,
        "p": 70,
        "termination_rate": [
            1.0,
            1.0,
            1.0,
            1.0,
            1.0,
            1.0,
            1.0,
            1.0,
            1.0,
            1.0,
            1.0,
            1.0,
            1.0,
            1.0,
            1.0,
            1.0,
            1.0,
            1.0,
            1.0,
            1.0,
            1.0,
            1.0,
            1.0,
            1.0,
            1.0,
            1.0,
            1.0,
            1.0,
            1.0,
            1.0,
            1.0,
            1.0,
            1.0,
            1.0,
            1.0,
            1.0,
            1.0,
            1.0,
            1.0,
            1.0,
            1.0,
            1.0,
            1.0,
            1.0,
            1.0,
            1.0,
            1.0,
            1.0,
            1.0,
            1.0
        ],
        "total_msgs_sent": [
            22500,
            22500,
            22500,
            22500,
            22500,
            22500,
            22500,
            22500,
            22500,
            22500,
            22500,
            22500,
            22500,
            22500,
            22500,
            22500,
            22500,
            22500,
            22500,
            22500,
            22500,
            22500,
            22500,
            22500,
            22500,
            22500,
            22500,
            22500,
            22500,
            22500,
            22500,
            22500,
            22500,
            22500,
            22500,
            22500,
            22500,
            22500,
            22500,
            22500,
            22500,
            22500,
            22500,
            22500,
            22500,
            22500,
            22500,
            22500,
            22500,
            22500
        ]
    },
    "RunTime": 231.656687709
}
