{
    "Results": {
        "c": 60,
        "delivery_nodes": [
            0.0,
            100.0,
            100.0,
            0.0,
            100.0,
            0.0,
            0.0,
            100.0,
            100.0,
            0.0,
            100.0,
            100.0,
            0.0,
            0.0,
            0.0,
            100.0,
            100.0,
            100.0,
            100.0,
            100.0,
            0.0,
            100.0,
            0.0,
            100.0,
            100.0,
            100.0,
            100.0,
            100.0,
            0.0,
            0.0,
            100.0,
            100.0,
            100.0,
            0.0,
            0.0,
            100.0,
            100.0,
            100.0,
            0.0,
            100.0,
            100.0,
            100.0,
            100.0,
            100.0,
            100.0,
            0.0,
            100.0,
            100.0,
            100.0,
            100.0
        ],
        "delivery_time": [
            0.0,
            31.4,
            31.0,
            0.0,
            31.433333333333334,
            0.0,
            0.0,
            31.666666666666668,
            30.95,
            0.0,
            32.0,
            32.0,
            0.0,
            0.0,
            0.0,
            31.083333333333332,
            31.933333333333334,
            31.266666666666666,
            31.95,
            31.35,
            0.0,
            31.666666666666668,
            0.0,
            30.933333333333334,
            31.0,
            30.983333333333334,
            30.7,
            31.0,
            0.0,
            0.0,
            30.983333333333334,
            30.983333333333334,
            32.88333333333333,
            0.0,
            0.0,
            31.266666666666666,
            30.916666666666668,
            31.25,
            0.0,
            31.0,
            31.95,
            32.083333333333336,
            31.95,
            29.5,
            30.666666666666668,
            0.0,
            31.95,
            30.433333333333334,
            32.0,
            30.983333333333334
        ],
        "disagreement": [
            0.0,
            0.0,
            0.0,
            0.0,
            0.0,
            0.0,
            0.0,
            0.0,
            0.0,
            0.0,
            0.0,
            0.0,
            0.0,
            0.0,
            0.0,
            0.0,
            0.0,
            0.0,
            0.0,
            0.0,
            0.0,
            0.0,
            0.0,
            0.0,
            0.0,
            0.0,
            0.0,
            0.0,
            0.0,
            0.0,
            0.0,
            0.0,
            0.0,
            0.0,
            0.0,
            0.0,
            0.0,
            0.0,
            0.0,
            0.0,
            0.0,
            0.0,
            0.0,
            0.0,
            0.0,
            0.0,
            0.0,
            0.0,
            0.0,
            0.0
        ],
        "disagreement_frequency": [],
        "f": 40,
        "finishing_steps": [
            0,
            4,
            4,
            0,
            4,
            0,
            0,
            4,
            4,
            0,
            4,
            4,
            0,
            0,
            0,
            4,
            4,
            4,
            4,
            4,
            0,
            4,
            0,
            4,
            4,
            4,
            4,
            4,
            0,
            0,
            4,
            4,
            4,
            0,
            0,
            4,
            4,
            4,
            0,
            4,
            4,
            4,
            4,
            4,
            4,
            0,
            4,
            4,
            4,
            4
        ],
        "n": 100,
        "p": 60,
        "termination_rate": [
            0.0,
            1.0,
            1.0,
            0.0,
            1.0,
            0.0,
            0.0,
            1.0,
            1.0,
            0.0,
            1.0,
            1.0,
            0.0,
            0.0,
            0.0,
            1.0,
            1.0,
            1.0,
            1.0,
            1.0,
            0.0,
            1.0,
            0.0,
            1.0,
            1.0,
            1.0,
            1.0,
            1.0,
            0.0,
            0.0,
            1.0,
            1.0,
            1.0,
            0.0,
            0.0,
            1.0,
            1.0,
            1.0,
            0.0,
            1.0,
            1.0,
            1.0,
            1.0,
            1.0,
            1.0,
            0.0,
            1.0,
            1.0,
            1.0,
            1.0
        ],
        "total_msgs_sent": [
            12000,
            18000,
            18000,
            12000,
            18000,
            12000,
            12000,
            18000,
            18000,
            12000,
            18000,
            18000,
            12000,
            12000,
            12000,
            18000,
            18000,
            18000,
            18000,
            18000,
            12000,
            18000,
            12000,
            18000,
            18000,
            18000,
            18000,
            18000,
            12000,
            12000,
            18000,
            18000,
            18000,
            12000,
            12000,
            18000,
            18000,
            18000,
            12000,
            18000,
            18000,
            18000,
            18000,
            18000,
            18000,
            12000,
            18000,
            18000,
            18000,
            18000
        ]
    },
    "RunTime": 193.409909185
}
