{
    "Results": {
        "c": 60,
        "delivery_nodes": [
            0.0,
            100.0,
            0.0,
            0.0,
            0.0,
            0.0,
            100.0,
            0.0,
            0.0,
            0.0,
            0.0,
            0.0,
            0.0,
            0.0,
            0.0,
            0.0,
            100.0,
            0.0,
            0.0,
            0.0,
            0.0,
            0.0,
            0.0,
            100.0,
            100.0,
            100.0,
            100.0,
            100.0,
            0.0,
            100.0,
            100.0,
            100.0,
            100.0,
            0.0,
            100.0,
            0.0,
            0.0,
            0.0,
            100.0,
            100.0,
            0.0,
            100.0,
            0.0,
            0.0,
            100.0,
            0.0,
            0.0,
            0.0,
            100.0,
            0.0
        ],
        "delivery_time": [
            0.0,
            31.1,
            0.0,
            0.0,
            0.0,
            0.0,
            31.0,
            0.0,
            0.0,
            0.0,
            0.0,
            0.0,
            0.0,
            0.0,
            0.0,
            0.0,
            31.0,
            0.0,
            0.0,
            0.0,
            0.0,
            0.0,
            0.0,
            32.0,
            31.666666666666668,
            31.0,
            31.0,
            32.0,
            0.0,
            30.983333333333334,
            31.266666666666666,
            32.0,
            32.8,
            0.0,
            32.0,
            0.0,
            0.0,
            0.0,
            31.95,
            32.266666666666666,
            0.0,
            32.0,
            0.0,
            0.0,
            31.983333333333334,
            0.0,
            0.0,
            0.0,
            31.933333333333334,
            0.0
        ],
        "disagreement": [
            0.0,
            0.0,
            0.0,
            0.0,
            0.0,
            0.0,
            0.0,
            0.0,
            0.0,
            0.0,
            0.0,
            0.0,
            0.0,
            0.0,
            0.0,
            0.0,
            0.0,
            0.0,
            0.0,
            0.0,
            0.0,
            0.0,
            0.0,
            0.0,
            0.0,
            0.0,
            0.0,
            0.0,
            0.0,
            0.0,
            0.0,
            0.0,
            0.0,
            0.0,
            0.0,
            0.0,
            0.0,
            0.0,
            0.0,
            0.0,
            0.0,
            0.0,
            0.0,
            0.0,
            0.0,
            0.0,
            0.0,
            0.0,
            0.0,
            0.0
        ],
        "disagreement_frequency": [],
        "f": 40,
        "finishing_steps": [
            0,
            4,
            0,
            0,
            0,
            0,
            4,
            0,
            0,
            0,
            0,
            0,
            0,
            0,
            0,
            0,
            4,
            0,
            0,
            0,
            0,
            0,
            0,
            4,
            4,
            4,
            4,
            4,
            0,
            4,
            4,
            4,
            4,
            0,
            4,
            0,
            0,
            0,
            4,
            4,
            0,
            4,
            0,
            0,
            4,
            0,
            0,
            0,
            4,
            0
        ],
        "n": 100,
        "p": 50,
        "termination_rate": [
            0.0,
            1.0,
            0.0,
            0.0,
            0.0,
            0.0,
            1.0,
            0.0,
            0.0,
            0.0,
            0.0,
            0.0,
            0.0,
            0.0,
            0.0,
            0.0,
            1.0,
            0.0,
            0.0,
            0.0,
            0.0,
            0.0,
            0.0,
            1.0,
            1.0,
            1.0,
            1.0,
            1.0,
            0.0,
            1.0,
            1.0,
            1.0,
            1.0,
            0.0,
            1.0,
            0.0,
            0.0,
            0.0,
            1.0,
            1.0,
            0.0,
            1.0,
            0.0,
            0.0,
            1.0,
            0.0,
            0.0,
            0.0,
            1.0,
            0.0
        ],
        "total_msgs_sent": [
            12000,
            18000,
            12000,
            12000,
            12000,
            12000,
            18000,
            12000,
            12000,
            12000,
            12000,
            12000,
            12000,
            12000,
            12000,
            12000,
            18000,
            12000,
            12000,
            12000,
            12000,
            12000,
            12000,
            18000,
            18000,
            18000,
            18000,
            18000,
            12000,
            18000,
            18000,
            18000,
            18000,
            12000,
            18000,
            12000,
            12000,
            12000,
            18000,
            18000,
            12000,
            18000,
            12000,
            12000,
            18000,
            12000,
            12000,
            12000,
            18000,
            12000
        ]
    },
    "RunTime": 179.515368648
}
