{
    "Results": {
        "c": 60,
        "delivery_nodes": [
            100.0,
            100.0,
            100.0,
            100.0,
            100.0,
            100.0,
            100.0,
            100.0,
            100.0,
            100.0,
            100.0,
            100.0,
            100.0,
            100.0,
            100.0,
            100.0,
            100.0,
            100.0,
            100.0,
            100.0,
            100.0,
            100.0,
            100.0,
            100.0,
            100.0,
            100.0,
            100.0,
            100.0,
            100.0,
            100.0,
            100.0,
            100.0,
            100.0,
            100.0,
            100.0,
            100.0,
            100.0,
            100.0,
            100.0,
            100.0,
            100.0,
            100.0,
            100.0,
            100.0,
            100.0,
            100.0,
            100.0,
            100.0,
            100.0,
            100.0
        ],
        "delivery_time": [
            28.0,
            28.583333333333332,
            28.8,
            29.366666666666667,
            27.983333333333334,
            27.966666666666665,
            28.333333333333332,
            29.016666666666666,
            28.183333333333334,
            28.05,
            28.666666666666668,
            29.633333333333333,
            29.216666666666665,
            28.733333333333334,
            28.033333333333335,
            29.683333333333334,
            29.0,
            28.966666666666665,
            29.616666666666667,
            28.583333333333332,
            28.966666666666665,
            29.216666666666665,
            29.0,
            29.033333333333335,
            28.6,
            28.0,
            28.666666666666668,
            28.983333333333334,
            29.666666666666668,
            27.616666666666667,
            28.9,
            29.25,
            28.1,
            28.916666666666668,
            28.033333333333335,
            28.916666666666668,
            27.983333333333334,
            28.616666666666667,
            29.15,
            29.583333333333332,
            28.983333333333334,
            29.666666666666668,
            29.0,
            30.233333333333334,
            28.416666666666668,
            28.766666666666666,
            28.7,
            28.0,
            28.55,
            28.95
        ],
        "disagreement": [
            0.0,
            0.0,
            0.0,
            0.0,
            0.0,
            0.0,
            0.0,
            0.0,
            0.0,
            0.0,
            0.0,
            0.0,
            0.0,
            0.0,
            0.0,
            0.0,
            0.0,
            0.0,
            0.0,
            0.0,
            0.0,
            0.0,
            0.0,
            0.0,
            0.0,
            0.0,
            0.0,
            0.0,
            0.0,
            0.0,
            0.0,
            0.0,
            0.0,
            0.0,
            0.0,
            0.0,
            0.0,
            0.0,
            0.0,
            0.0,
            0.0,
            0.0,
            0.0,
            0.0,
            0.0,
            0.0,
            0.0,
            0.0,
            0.0,
            0.0
        ],
        "disagreement_frequency": [],
        "f": 40,
        "finishing_steps": [
            4,
            4,
            4,
            4,
            4,
            4,
            4,
            4,
            4,
            4,
            4,
            4,
            4,
            4,
            4,
            4,
            4,
            4,
            4,
            4,
            4,
            4,
            4,
            4,
            4,
            4,
            4,
            4,
            4,
            4,
            4,
            4,
            4,
            4,
            4,
            4,
            4,
            4,
            4,
            4,
            4,
            4,
            4,
            4,
            4,
            4,
            4,
            4,
            4,
            4
        ],
        "n": 100,
        "p": 80,
        "termination_rate": [
            1.0,
            1.0,
            1.0,
            1.0,
            1.0,
            1.0,
            1.0,
            1.0,
            1.0,
            1.0,
            1.0,
            1.0,
            1.0,
            1.0,
            1.0,
            1.0,
            1.0,
            1.0,
            1.0,
            1.0,
            1.0,
            1.0,
            1.0,
            1.0,
            1.0,
            1.0,
            1.0,
            1.0,
            1.0,
            1.0,
            1.0,
            1.0,
            1.0,
            1.0,
            1.0,
            1.0,
            1.0,
            1.0,
            1.0,
            1.0,
            1.0,
            1.0,
            1.0,
            1.0,
            1.0,
            1.0,
            1.0,
            1.0,
            1.0,
            1.0
        ],
        "total_msgs_sent": [
            18000,
            18000,
            18000,
            18000,
            18000,
            18000,
            18000,
            18000,
            18000,
            18000,
            18000,
            18000,
            18000,
            18000,
            18000,
            18000,
            18000,
            18000,
            18000,
            18000,
            18000,
            18000,
            18000,
            18000,
            18000,
            18000,
            18000,
            18000,
            18000,
            18000,
            18000,
            18000,
            18000,
            18000,
            18000,
            18000,
            18000,
            18000,
            18000,
            18000,
            18000,
            18000,
            18000,
            18000,
            18000,
            18000,
            18000,
            18000,
            18000,
            18000
        ]
    },
    "RunTime": 179.02097605
}
