{
    "Results": {
        "c": 60,
        "delivery_nodes": [
            100.0,
            100.0,
            100.0,
            100.0,
            100.0,
            100.0,
            100.0,
            100.0,
            100.0,
            100.0,
            100.0,
            100.0,
            100.0,
            100.0,
            100.0,
            100.0,
            100.0,
            100.0,
            100.0,
            100.0,
            100.0,
            100.0,
            100.0,
            100.0,
            100.0,
            100.0,
            100.0,
            100.0,
            100.0,
            100.0,
            100.0,
            100.0,
            100.0,
            100.0,
            100.0,
            100.0,
            100.0,
            100.0,
            100.0,
            100.0,
            100.0,
            100.0,
            100.0,
            100.0,
            100.0,
            100.0,
            100.0,
            100.0,
            100.0,
            100.0
        ],
        "delivery_time": [
            19.05,
            19.5,
            19.266666666666666,
            18.816666666666666,
            19.083333333333332,
            18.966666666666665,
            18.816666666666666,
            19.266666666666666,
            19.133333333333333,
            19.383333333333333,
            19.466666666666665,
            19.5,
            19.116666666666667,
            19.483333333333334,
            19.383333333333333,
            16.833333333333332,
            18.95,
            18.816666666666666,
            18.616666666666667,
            19.733333333333334,
            19.166666666666668,
            19.05,
            18.116666666666667,
            19.75,
            18.966666666666665,
            18.2,
            18.816666666666666,
            18.9,
            19.383333333333333,
            18.766666666666666,
            18.3,
            18.466666666666665,
            19.566666666666666,
            19.283333333333335,
            18.616666666666667,
            18.883333333333333,
            19.433333333333334,
            19.166666666666668,
            18.916666666666668,
            19.45,
            19.65,
            19.25,
            19.366666666666667,
            18.75,
            18.233333333333334,
            19.566666666666666,
            18.85,
            18.0,
            18.766666666666666,
            19.483333333333334
        ],
        "disagreement": [
            0.0,
            0.0,
            0.0,
            0.0,
            0.0,
            0.0,
            0.0,
            0.0,
            0.0,
            0.0,
            0.0,
            0.0,
            0.0,
            0.0,
            0.0,
            0.0,
            0.0,
            0.0,
            0.0,
            0.0,
            0.0,
            0.0,
            0.0,
            0.0,
            0.0,
            0.0,
            0.0,
            0.0,
            0.0,
            0.0,
            0.0,
            0.0,
            0.0,
            0.0,
            0.0,
            0.0,
            0.0,
            0.0,
            0.0,
            0.0,
            0.0,
            0.0,
            0.0,
            0.0,
            0.0,
            0.0,
            0.0,
            0.0,
            0.0,
            0.0
        ],
        "disagreement_frequency": [],
        "f": 40,
        "finishing_steps": [
            2,
            2,
            2,
            2,
            2,
            2,
            2,
            2,
            2,
            2,
            2,
            2,
            2,
            2,
            2,
            2,
            2,
            2,
            2,
            2,
            2,
            2,
            2,
            2,
            2,
            2,
            2,
            2,
            2,
            2,
            2,
            2,
            2,
            2,
            2,
            2,
            2,
            2,
            2,
            2,
            2,
            2,
            2,
            2,
            2,
            2,
            2,
            2,
            2,
            2
        ],
        "n": 100,
        "p": 100,
        "termination_rate": [
            1.0,
            1.0,
            1.0,
            1.0,
            1.0,
            1.0,
            1.0,
            1.0,
            1.0,
            1.0,
            1.0,
            1.0,
            1.0,
            1.0,
            1.0,
            1.0,
            1.0,
            1.0,
            1.0,
            1.0,
            1.0,
            1.0,
            1.0,
            1.0,
            1.0,
            1.0,
            1.0,
            1.0,
            1.0,
            1.0,
            1.0,
            1.0,
            1.0,
            1.0,
            1.0,
            1.0,
            1.0,
            1.0,
            1.0,
            1.0,
            1.0,
            1.0,
            1.0,
            1.0,
            1.0,
            1.0,
            1.0,
            1.0,
            1.0,
            1.0
        ],
        "total_msgs_sent": [
            29200,
            29600,
            29700,
            28400,
            29400,
            29400,
            29500,
            29800,
            28900,
            29200,
            29300,
            29300,
            29500,
            29700,
            29700,
            26700,
            29400,
            29800,
            29000,
            28500,
            29300,
            28700,
            29000,
            29900,
            28800,
            27800,
            29000,
            29500,
            29900,
            29300,
            28800,
            28800,
            29700,
            29300,
            28900,
            29600,
            29700,
            29400,
            28100,
            29700,
            29900,
            30000,
            29600,
            29400,
            28400,
            29800,
            29300,
            29200,
            28800,
            30000
        ]
    },
    "RunTime": 246.982236364
}
