{
    "Results": {
        "c": 81,
        "delivery_nodes": [
            100.0,
            100.0,
            100.0,
            100.0,
            100.0,
            100.0,
            100.0,
            100.0,
            100.0,
            100.0,
            100.0,
            100.0,
            100.0,
            100.0,
            100.0,
            100.0,
            100.0,
            100.0,
            100.0,
            100.0,
            100.0,
            100.0,
            100.0,
            100.0,
            100.0,
            100.0,
            100.0,
            100.0,
            100.0,
            100.0,
            100.0,
            100.0,
            100.0,
            100.0,
            100.0,
            100.0,
            100.0,
            100.0,
            100.0,
            100.0,
            100.0,
            100.0,
            100.0,
            100.0,
            100.0,
            100.0,
            100.0,
            100.0,
            100.0,
            100.0
        ],
        "delivery_time": [
            14.753086419753087,
            15.222222222222221,
            15.308641975308642,
            15.160493827160494,
            15.518518518518519,
            14.864197530864198,
            14.765432098765432,
            14.62962962962963,
            14.45679012345679,
            14.197530864197532,
            15.37037037037037,
            15.271604938271604,
            14.666666666666666,
            15.135802469135802,
            15.395061728395062,
            15.444444444444445,
            15.222222222222221,
            14.62962962962963,
            14.876543209876543,
            15.024691358024691,
            15.148148148148149,
            14.938271604938272,
            15.283950617283951,
            15.358024691358025,
            15.45679012345679,
            15.580246913580247,
            14.617283950617283,
            15.296296296296296,
            15.37037037037037,
            13.938271604938272,
            15.185185185185185,
            15.345679012345679,
            13.814814814814815,
            15.345679012345679,
            14.358024691358025,
            14.777777777777779,
            14.135802469135802,
            15.11111111111111,
            15.641975308641975,
            15.11111111111111,
            15.17283950617284,
            14.91358024691358,
            15.45679012345679,
            15.506172839506172,
            14.580246913580247,
            15.296296296296296,
            15.45679012345679,
            15.197530864197532,
            15.037037037037036,
            15.024691358024691
        ],
        "disagreement": [
            0.0,
            0.0,
            0.0,
            0.0,
            0.0,
            0.0,
            0.0,
            0.0,
            0.0,
            0.0,
            0.0,
            0.0,
            0.0,
            0.0,
            0.0,
            0.0,
            0.0,
            0.0,
            0.0,
            0.0,
            0.0,
            0.0,
            0.0,
            0.0,
            0.0,
            0.0,
            0.0,
            0.0,
            0.0,
            0.0,
            0.0,
            0.0,
            0.0,
            0.0,
            0.0,
            0.0,
            0.0,
            0.0,
            0.0,
            0.0,
            0.0,
            0.0,
            0.0,
            0.0,
            0.0,
            0.0,
            0.0,
            0.0,
            0.0,
            0.0
        ],
        "disagreement_frequency": [],
        "f": 19,
        "finishing_steps": [
            3,
            3,
            3,
            3,
            3,
            3,
            3,
            3,
            3,
            3,
            3,
            3,
            3,
            3,
            3,
            3,
            3,
            3,
            3,
            3,
            3,
            3,
            3,
            3,
            3,
            3,
            3,
            3,
            3,
            3,
            3,
            3,
            3,
            3,
            3,
            3,
            3,
            3,
            3,
            3,
            3,
            3,
            3,
            3,
            3,
            3,
            3,
            3,
            3,
            3
        ],
        "n": 100,
        "p": 100,
        "termination_rate": [
            1.0,
            1.0,
            1.0,
            1.0,
            1.0,
            1.0,
            1.0,
            1.0,
            1.0,
            1.0,
            1.0,
            1.0,
            1.0,
            1.0,
            1.0,
            1.0,
            1.0,
            1.0,
            1.0,
            1.0,
            1.0,
            1.0,
            1.0,
            1.0,
            1.0,
            1.0,
            1.0,
            1.0,
            1.0,
            1.0,
            1.0,
            1.0,
            1.0,
            1.0,
            1.0,
            1.0,
            1.0,
            1.0,
            1.0,
            1.0,
            1.0,
            1.0,
            1.0,
            1.0,
            1.0,
            1.0,
            1.0,
            1.0,
            1.0,
            1.0
        ],
        "total_msgs_sent": [
            16200,
            16200,
            16200,
            16200,
            16200,
            16200,
            16200,
            16200,
            16200,
            16200,
            16200,
            16200,
            16200,
            16200,
            16200,
            16200,
            16200,
            16200,
            16200,
            16200,
            16200,
            16200,
            16200,
            16200,
            16200,
            16200,
            16200,
            16200,
            16200,
            16200,
            16200,
            16200,
            16200,
            16200,
            16200,
            16200,
            16200,
            16200,
            16200,
            16200,
            16200,
            16200,
            16200,
            16200,
            16200,
            16200,
            16200,
            16200,
            16200,
            16200
        ]
    },
    "RunTime": 139.488826956
}
