{
    "Results": {
        "c": 67,
        "delivery_nodes": [
            100.0,
            100.0,
            100.0,
            100.0,
            100.0,
            100.0,
            100.0,
            100.0,
            100.0,
            100.0,
            100.0,
            100.0,
            100.0,
            100.0,
            100.0,
            100.0,
            100.0,
            100.0,
            100.0,
            100.0,
            100.0,
            100.0,
            100.0,
            100.0,
            100.0,
            100.0,
            100.0,
            100.0,
            100.0,
            100.0,
            100.0,
            100.0,
            100.0,
            100.0,
            100.0,
            100.0,
            100.0,
            100.0,
            100.0,
            100.0,
            100.0,
            100.0,
            100.0,
            100.0,
            100.0,
            100.0,
            100.0,
            100.0,
            100.0,
            100.0
        ],
        "delivery_time": [
            24.895522388059703,
            24.895522388059703,
            24.940298507462686,
            25.52238805970149,
            24.313432835820894,
            25.388059701492537,
            24.70149253731343,
            24.940298507462686,
            24.865671641791046,
            24.776119402985074,
            24.73134328358209,
            25.0,
            24.70149253731343,
            24.895522388059703,
            25.35820895522388,
            25.37313432835821,
            25.029850746268657,
            25.134328358208954,
            25.253731343283583,
            24.119402985074625,
            26.134328358208954,
            23.597014925373134,
            25.34328358208955,
            25.37313432835821,
            24.791044776119403,
            23.791044776119403,
            23.64179104477612,
            25.71641791044776,
            24.83582089552239,
            25.65671641791045,
            23.761194029850746,
            25.925373134328357,
            23.98507462686567,
            24.328358208955223,
            25.567164179104477,
            25.47761194029851,
            25.850746268656717,
            24.80597014925373,
            24.880597014925375,
            25.134328358208954,
            24.98507462686567,
            25.55223880597015,
            25.26865671641791,
            25.402985074626866,
            24.73134328358209,
            24.880597014925375,
            25.134328358208954,
            25.597014925373134,
            25.65671641791045,
            24.313432835820894
        ],
        "disagreement": [
            0.0,
            0.0,
            0.0,
            0.0,
            0.0,
            0.0,
            0.0,
            0.0,
            0.0,
            0.0,
            0.0,
            0.0,
            0.0,
            0.0,
            0.0,
            0.0,
            0.0,
            0.0,
            0.0,
            0.0,
            0.0,
            0.0,
            0.0,
            0.0,
            0.0,
            0.0,
            0.0,
            0.0,
            0.0,
            0.0,
            0.0,
            0.0,
            0.0,
            0.0,
            0.0,
            0.0,
            0.0,
            0.0,
            0.0,
            0.0,
            0.0,
            0.0,
            0.0,
            0.0,
            0.0,
            0.0,
            0.0,
            0.0,
            0.0,
            0.0
        ],
        "disagreement_frequency": [],
        "f": 33,
        "finishing_steps": [
            3,
            3,
            3,
            3,
            3,
            3,
            3,
            3,
            3,
            3,
            3,
            3,
            3,
            3,
            3,
            3,
            3,
            3,
            3,
            3,
            3,
            3,
            3,
            3,
            3,
            3,
            3,
            3,
            3,
            3,
            3,
            3,
            3,
            3,
            3,
            3,
            3,
            3,
            3,
            3,
            3,
            3,
            3,
            3,
            3,
            3,
            3,
            3,
            3,
            3
        ],
        "n": 100,
        "p": 80,
        "termination_rate": [
            1.0,
            1.0,
            1.0,
            1.0,
            1.0,
            1.0,
            1.0,
            1.0,
            1.0,
            1.0,
            1.0,
            1.0,
            1.0,
            1.0,
            1.0,
            1.0,
            1.0,
            1.0,
            1.0,
            1.0,
            1.0,
            1.0,
            1.0,
            1.0,
            1.0,
            1.0,
            1.0,
            1.0,
            1.0,
            1.0,
            1.0,
            1.0,
            1.0,
            1.0,
            1.0,
            1.0,
            1.0,
            1.0,
            1.0,
            1.0,
            1.0,
            1.0,
            1.0,
            1.0,
            1.0,
            1.0,
            1.0,
            1.0,
            1.0,
            1.0
        ],
        "total_msgs_sent": [
            13400,
            13400,
            13400,
            13400,
            13400,
            13400,
            13400,
            13400,
            13400,
            13400,
            13400,
            13400,
            13400,
            13400,
            13400,
            13400,
            13400,
            13400,
            13400,
            13400,
            13400,
            13400,
            13400,
            13400,
            13400,
            13400,
            13400,
            13400,
            13400,
            13400,
            13400,
            13400,
            13400,
            13400,
            13400,
            13400,
            13400,
            13400,
            13400,
            13400,
            13400,
            13400,
            13400,
            13400,
            13400,
            13400,
            13400,
            13400,
            13400,
            13400
        ]
    },
    "RunTime": 151.649056564
}
