{
    "Results": {
        "c": 60,
        "delivery_nodes": [
            0.0,
            100.0,
            0.0,
            0.0,
            100.0,
            0.0,
            100.0,
            100.0,
            0.0,
            100.0,
            100.0,
            100.0,
            0.0,
            0.0,
            0.0,
            100.0,
            0.0,
            0.0,
            100.0,
            0.0,
            0.0,
            0.0,
            0.0,
            0.0,
            0.0,
            100.0,
            0.0,
            100.0,
            100.0,
            0.0,
            0.0,
            0.0,
            0.0,
            100.0,
            0.0,
            0.0,
            100.0,
            0.0,
            0.0,
            0.0,
            0.0,
            0.0,
            100.0,
            0.0,
            0.0,
            100.0,
            0.0,
            100.0,
            0.0,
            0.0
        ],
        "delivery_time": [
            0.0,
            26.133333333333333,
            0.0,
            0.0,
            25.516666666666666,
            0.0,
            26.75,
            26.516666666666666,
            0.0,
            25.933333333333334,
            25.25,
            26.316666666666666,
            0.0,
            0.0,
            0.0,
            25.466666666666665,
            0.0,
            0.0,
            25.866666666666667,
            0.0,
            0.0,
            0.0,
            0.0,
            0.0,
            0.0,
            26.566666666666666,
            0.0,
            26.433333333333334,
            27.066666666666666,
            0.0,
            0.0,
            0.0,
            0.0,
            25.816666666666666,
            0.0,
            0.0,
            25.966666666666665,
            0.0,
            0.0,
            0.0,
            0.0,
            0.0,
            27.133333333333333,
            0.0,
            0.0,
            26.2,
            0.0,
            25.983333333333334,
            0.0,
            0.0
        ],
        "disagreement": [
            0.0,
            0.0,
            0.0,
            0.0,
            0.0,
            0.0,
            0.0,
            0.0,
            0.0,
            0.0,
            0.0,
            0.0,
            0.0,
            0.0,
            0.0,
            0.0,
            0.0,
            0.0,
            0.0,
            0.0,
            0.0,
            0.0,
            0.0,
            0.0,
            0.0,
            0.0,
            0.0,
            0.0,
            0.0,
            0.0,
            0.0,
            0.0,
            0.0,
            0.0,
            0.0,
            0.0,
            0.0,
            0.0,
            0.0,
            0.0,
            0.0,
            0.0,
            0.0,
            0.0,
            0.0,
            0.0,
            0.0,
            0.0,
            0.0,
            0.0
        ],
        "disagreement_frequency": [],
        "f": 40,
        "finishing_steps": [
            0,
            4,
            0,
            0,
            4,
            0,
            4,
            4,
            0,
            4,
            4,
            4,
            0,
            0,
            0,
            4,
            0,
            0,
            4,
            0,
            0,
            0,
            0,
            0,
            0,
            4,
            0,
            4,
            4,
            0,
            0,
            0,
            0,
            4,
            0,
            0,
            4,
            0,
            0,
            0,
            0,
            0,
            4,
            0,
            0,
            4,
            0,
            4,
            0,
            0
        ],
        "n": 100,
        "p": 50,
        "termination_rate": [
            0.0,
            1.0,
            0.0,
            0.0,
            1.0,
            0.0,
            1.0,
            1.0,
            0.0,
            1.0,
            1.0,
            1.0,
            0.0,
            0.0,
            0.0,
            1.0,
            0.0,
            0.0,
            1.0,
            0.0,
            0.0,
            0.0,
            0.0,
            0.0,
            0.0,
            1.0,
            0.0,
            1.0,
            1.0,
            0.0,
            0.0,
            0.0,
            0.0,
            1.0,
            0.0,
            0.0,
            1.0,
            0.0,
            0.0,
            0.0,
            0.0,
            0.0,
            1.0,
            0.0,
            0.0,
            1.0,
            0.0,
            1.0,
            0.0,
            0.0
        ],
        "total_msgs_sent": [
            12000,
            18000,
            12000,
            12000,
            18000,
            12000,
            18000,
            18000,
            12000,
            18000,
            18000,
            18000,
            12000,
            12000,
            12000,
            18000,
            12000,
            12000,
            18000,
            12000,
            12000,
            12000,
            12000,
            12000,
            12000,
            18000,
            12000,
            18000,
            18000,
            12000,
            12000,
            12000,
            12000,
            18000,
            12000,
            12000,
            18000,
            12000,
            12000,
            12000,
            12000,
            12000,
            18000,
            12000,
            12000,
            18000,
            12000,
            18000,
            12000,
            12000
        ]
    },
    "RunTime": 165.65901421
}
