{
    "Results": {
        "c": 67,
        "delivery_nodes": [
            100.0,
            100.0,
            100.0,
            100.0,
            100.0,
            100.0,
            100.0,
            100.0,
            100.0,
            100.0,
            100.0,
            100.0,
            100.0,
            100.0,
            100.0,
            100.0,
            100.0,
            100.0,
            100.0,
            100.0,
            100.0,
            100.0,
            100.0,
            100.0,
            100.0,
            100.0,
            100.0,
            100.0,
            100.0,
            100.0,
            100.0,
            100.0,
            100.0,
            100.0,
            100.0,
            100.0,
            100.0,
            100.0,
            100.0,
            100.0,
            100.0,
            100.0,
            100.0,
            100.0,
            100.0,
            100.0,
            100.0,
            100.0,
            100.0,
            100.0
        ],
        "delivery_time": [
            28.01492537313433,
            27.01492537313433,
            27.955223880597014,
            27.80597014925373,
            27.895522388059703,
            28.029850746268657,
            27.686567164179106,
            27.17910447761194,
            28.26865671641791,
            28.582089552238806,
            27.104477611940297,
            27.37313432835821,
            27.880597014925375,
            28.432835820895523,
            28.47761194029851,
            27.865671641791046,
            28.104477611940297,
            27.55223880597015,
            28.0,
            28.55223880597015,
            27.16417910447761,
            27.955223880597014,
            27.91044776119403,
            27.880597014925375,
            28.01492537313433,
            28.26865671641791,
            27.328358208955223,
            28.0,
            27.671641791044777,
            28.01492537313433,
            27.313432835820894,
            27.80597014925373,
            28.0,
            27.98507462686567,
            27.582089552238806,
            27.62686567164179,
            27.64179104477612,
            27.149253731343283,
            26.880597014925375,
            27.80597014925373,
            27.850746268656717,
            27.029850746268657,
            28.104477611940297,
            28.029850746268657,
            27.940298507462686,
            28.44776119402985,
            28.313432835820894,
            27.82089552238806,
            27.388059701492537,
            28.83582089552239
        ],
        "disagreement": [
            0.0,
            0.0,
            0.0,
            0.0,
            0.0,
            0.0,
            0.0,
            0.0,
            0.0,
            0.0,
            0.0,
            0.0,
            0.0,
            0.0,
            0.0,
            0.0,
            0.0,
            0.0,
            0.0,
            0.0,
            0.0,
            0.0,
            0.0,
            0.0,
            0.0,
            0.0,
            0.0,
            0.0,
            0.0,
            0.0,
            0.0,
            0.0,
            0.0,
            0.0,
            0.0,
            0.0,
            0.0,
            0.0,
            0.0,
            0.0,
            0.0,
            0.0,
            0.0,
            0.0,
            0.0,
            0.0,
            0.0,
            0.0,
            0.0,
            0.0
        ],
        "disagreement_frequency": [],
        "f": 33,
        "finishing_steps": [
            4,
            4,
            4,
            4,
            4,
            4,
            4,
            4,
            4,
            4,
            4,
            4,
            4,
            4,
            4,
            4,
            4,
            4,
            4,
            4,
            4,
            4,
            4,
            4,
            4,
            4,
            4,
            4,
            4,
            4,
            4,
            4,
            4,
            4,
            4,
            4,
            4,
            4,
            4,
            4,
            4,
            4,
            4,
            4,
            4,
            4,
            4,
            4,
            4,
            4
        ],
        "n": 100,
        "p": 80,
        "termination_rate": [
            1.0,
            1.0,
            1.0,
            1.0,
            1.0,
            1.0,
            1.0,
            1.0,
            1.0,
            1.0,
            1.0,
            1.0,
            1.0,
            1.0,
            1.0,
            1.0,
            1.0,
            1.0,
            1.0,
            1.0,
            1.0,
            1.0,
            1.0,
            1.0,
            1.0,
            1.0,
            1.0,
            1.0,
            1.0,
            1.0,
            1.0,
            1.0,
            1.0,
            1.0,
            1.0,
            1.0,
            1.0,
            1.0,
            1.0,
            1.0,
            1.0,
            1.0,
            1.0,
            1.0,
            1.0,
            1.0,
            1.0,
            1.0,
            1.0,
            1.0
        ],
        "total_msgs_sent": [
            20100,
            20100,
            20100,
            20100,
            20100,
            20100,
            20100,
            20100,
            20100,
            20100,
            20100,
            20100,
            20100,
            20100,
            20100,
            20100,
            20100,
            20100,
            20100,
            20100,
            20100,
            20100,
            20100,
            20100,
            20100,
            20100,
            20100,
            20100,
            20100,
            20100,
            20100,
            20100,
            20100,
            20100,
            20100,
            20100,
            20100,
            20100,
            20100,
            20100,
            20100,
            20100,
            20100,
            20100,
            20100,
            20100,
            20100,
            20100,
            20100,
            20100
        ]
    },
    "RunTime": 203.083835887
}
