{
    "Results": {
        "c": 60,
        "delivery_nodes": [
            100.0,
            100.0,
            100.0,
            100.0,
            100.0,
            100.0,
            100.0,
            100.0,
            100.0,
            100.0,
            100.0,
            100.0,
            100.0,
            100.0,
            100.0,
            100.0,
            100.0,
            100.0,
            100.0,
            100.0,
            100.0,
            100.0,
            100.0,
            100.0,
            100.0,
            100.0,
            100.0,
            100.0,
            100.0,
            100.0,
            100.0,
            100.0,
            100.0,
            100.0,
            100.0,
            100.0,
            100.0,
            100.0,
            100.0,
            100.0,
            100.0,
            100.0,
            100.0,
            100.0,
            100.0,
            100.0,
            100.0,
            100.0,
            100.0,
            100.0
        ],
        "delivery_time": [
            19.216666666666665,
            18.533333333333335,
            18.583333333333332,
            19.116666666666667,
            18.95,
            18.85,
            19.4,
            18.25,
            18.016666666666666,
            19.266666666666666,
            19.066666666666666,
            19.016666666666666,
            18.183333333333334,
            18.45,
            18.866666666666667,
            18.983333333333334,
            18.816666666666666,
            19.466666666666665,
            18.966666666666665,
            19.016666666666666,
            19.5,
            18.85,
            19.1,
            19.433333333333334,
            19.75,
            19.033333333333335,
            18.833333333333332,
            19.35,
            19.0,
            19.583333333333332,
            18.5,
            18.583333333333332,
            19.25,
            18.733333333333334,
            19.6,
            18.8,
            18.883333333333333,
            18.183333333333334,
            19.2,
            18.766666666666666,
            19.366666666666667,
            19.133333333333333,
            19.133333333333333,
            18.966666666666665,
            19.066666666666666,
            19.766666666666666,
            19.216666666666665,
            19.033333333333335,
            18.933333333333334,
            19.266666666666666
        ],
        "disagreement": [
            0.0,
            0.0,
            0.0,
            0.0,
            0.0,
            0.0,
            0.0,
            0.0,
            0.0,
            0.0,
            0.0,
            0.0,
            0.0,
            0.0,
            0.0,
            0.0,
            0.0,
            0.0,
            0.0,
            0.0,
            0.0,
            0.0,
            0.0,
            0.0,
            0.0,
            0.0,
            0.0,
            0.0,
            0.0,
            0.0,
            0.0,
            0.0,
            0.0,
            0.0,
            0.0,
            0.0,
            0.0,
            0.0,
            0.0,
            0.0,
            0.0,
            0.0,
            0.0,
            0.0,
            0.0,
            0.0,
            0.0,
            0.0,
            0.0,
            0.0
        ],
        "disagreement_frequency": [],
        "f": 40,
        "finishing_steps": [
            2,
            2,
            2,
            2,
            2,
            2,
            2,
            2,
            2,
            2,
            2,
            2,
            2,
            2,
            2,
            2,
            2,
            2,
            2,
            2,
            2,
            2,
            2,
            2,
            2,
            2,
            2,
            2,
            2,
            2,
            2,
            2,
            2,
            2,
            2,
            2,
            2,
            2,
            2,
            2,
            2,
            2,
            2,
            2,
            2,
            2,
            2,
            2,
            2,
            2
        ],
        "n": 100,
        "p": 100,
        "termination_rate": [
            1.0,
            1.0,
            1.0,
            1.0,
            1.0,
            1.0,
            1.0,
            1.0,
            1.0,
            1.0,
            1.0,
            1.0,
            1.0,
            1.0,
            1.0,
            1.0,
            1.0,
            1.0,
            1.0,
            1.0,
            1.0,
            1.0,
            1.0,
            1.0,
            1.0,
            1.0,
            1.0,
            1.0,
            1.0,
            1.0,
            1.0,
            1.0,
            1.0,
            1.0,
            1.0,
            1.0,
            1.0,
            1.0,
            1.0,
            1.0,
            1.0,
            1.0,
            1.0,
            1.0,
            1.0,
            1.0,
            1.0,
            1.0,
            1.0,
            1.0
        ],
        "total_msgs_sent": [
            29800,
            29400,
            29700,
            30000,
            28200,
            29700,
            29600,
            29300,
            28500,
            27900,
            29800,
            29400,
            29300,
            29000,
            29400,
            29500,
            29700,
            29600,
            29300,
            29800,
            29300,
            29400,
            29900,
            29700,
            29900,
            26900,
            29600,
            29500,
            29100,
            29900,
            29300,
            29300,
            29100,
            29500,
            29600,
            29600,
            29500,
            29300,
            29600,
            29200,
            29700,
            29300,
            29200,
            28900,
            29200,
            29900,
            29100,
            28800,
            29300,
            29500
        ]
    },
    "RunTime": 312.593851958
}
