{
    "Results": {
        "c": 81,
        "delivery_nodes": [
            100.0,
            100.0,
            100.0,
            100.0,
            100.0,
            100.0,
            100.0,
            100.0,
            100.0,
            100.0,
            100.0,
            100.0,
            100.0,
            100.0,
            100.0,
            100.0,
            100.0,
            100.0,
            100.0,
            100.0,
            100.0,
            100.0,
            100.0,
            100.0,
            100.0,
            100.0,
            100.0,
            100.0,
            100.0,
            100.0,
            100.0,
            100.0,
            100.0,
            100.0,
            100.0,
            100.0,
            100.0,
            100.0,
            100.0,
            100.0,
            100.0,
            100.0,
            100.0,
            100.0,
            100.0,
            100.0,
            100.0,
            100.0,
            100.0,
            100.0
        ],
        "delivery_time": [
            19.679012345679013,
            19.296296296296298,
            19.19753086419753,
            18.74074074074074,
            19.753086419753085,
            19.234567901234566,
            19.061728395061728,
            19.506172839506174,
            19.59259259259259,
            19.59259259259259,
            19.48148148148148,
            18.876543209876544,
            19.80246913580247,
            19.51851851851852,
            19.48148148148148,
            19.40740740740741,
            19.567901234567902,
            19.65432098765432,
            19.59259259259259,
            19.234567901234566,
            18.876543209876544,
            19.296296296296298,
            19.135802469135804,
            19.098765432098766,
            19.530864197530864,
            18.728395061728396,
            19.246913580246915,
            19.34567901234568,
            19.02469135802469,
            18.987654320987655,
            19.382716049382715,
            19.419753086419753,
            19.604938271604937,
            19.88888888888889,
            19.666666666666668,
            19.02469135802469,
            19.691358024691358,
            19.493827160493826,
            19.71604938271605,
            19.555555555555557,
            19.333333333333332,
            19.296296296296298,
            19.703703703703702,
            19.80246913580247,
            19.617283950617285,
            19.617283950617285,
            19.88888888888889,
            19.160493827160494,
            18.987654320987655,
            19.234567901234566
        ],
        "disagreement": [
            0.0,
            0.0,
            0.0,
            0.0,
            0.0,
            0.0,
            0.0,
            0.0,
            0.0,
            0.0,
            0.0,
            0.0,
            0.0,
            0.0,
            0.0,
            0.0,
            0.0,
            0.0,
            0.0,
            0.0,
            0.0,
            0.0,
            0.0,
            0.0,
            0.0,
            0.0,
            0.0,
            0.0,
            0.0,
            0.0,
            0.0,
            0.0,
            0.0,
            0.0,
            0.0,
            0.0,
            0.0,
            0.0,
            0.0,
            0.0,
            0.0,
            0.0,
            0.0,
            0.0,
            0.0,
            0.0,
            0.0,
            0.0,
            0.0,
            0.0
        ],
        "disagreement_frequency": [],
        "f": 19,
        "finishing_steps": [
            2,
            2,
            2,
            2,
            2,
            2,
            2,
            2,
            2,
            2,
            2,
            2,
            2,
            2,
            2,
            2,
            2,
            2,
            2,
            2,
            2,
            2,
            2,
            2,
            2,
            2,
            2,
            2,
            2,
            2,
            2,
            2,
            2,
            2,
            2,
            2,
            2,
            2,
            2,
            2,
            2,
            2,
            2,
            2,
            2,
            2,
            2,
            2,
            2,
            2
        ],
        "n": 100,
        "p": 100,
        "termination_rate": [
            1.0,
            1.0,
            1.0,
            1.0,
            1.0,
            1.0,
            1.0,
            1.0,
            1.0,
            1.0,
            1.0,
            1.0,
            1.0,
            1.0,
            1.0,
            1.0,
            1.0,
            1.0,
            1.0,
            1.0,
            1.0,
            1.0,
            1.0,
            1.0,
            1.0,
            1.0,
            1.0,
            1.0,
            1.0,
            1.0,
            1.0,
            1.0,
            1.0,
            1.0,
            1.0,
            1.0,
            1.0,
            1.0,
            1.0,
            1.0,
            1.0,
            1.0,
            1.0,
            1.0,
            1.0,
            1.0,
            1.0,
            1.0,
            1.0,
            1.0
        ],
        "total_msgs_sent": [
            32400,
            32400,
            32400,
            32400,
            32400,
            32400,
            32400,
            32400,
            32400,
            32400,
            32400,
            32400,
            32400,
            32400,
            32400,
            32400,
            32400,
            32400,
            32400,
            32400,
            32400,
            32400,
            32400,
            32400,
            32400,
            32400,
            32400,
            32400,
            32400,
            32400,
            32400,
            32400,
            32400,
            32400,
            32400,
            32400,
            32400,
            32400,
            32400,
            32400,
            32400,
            32400,
            32400,
            32400,
            32400,
            32400,
            32400,
            32400,
            32400,
            32400
        ]
    },
    "RunTime": 258.969404172
}
