{
    "Results": {
        "c": 75,
        "delivery_nodes": [
            100.0,
            100.0,
            100.0,
            100.0,
            100.0,
            100.0,
            100.0,
            100.0,
            100.0,
            100.0,
            100.0,
            100.0,
            100.0,
            100.0,
            100.0,
            100.0,
            100.0,
            100.0,
            100.0,
            100.0,
            100.0,
            100.0,
            100.0,
            100.0,
            100.0,
            100.0,
            100.0,
            100.0,
            100.0,
            100.0,
            100.0,
            100.0,
            100.0,
            100.0,
            100.0,
            100.0,
            100.0,
            100.0,
            100.0,
            100.0,
            100.0,
            100.0,
            100.0,
            100.0,
            100.0,
            100.0,
            100.0,
            100.0,
            100.0,
            100.0
        ],
        "delivery_time": [
            28.96,
            28.44,
            28.386666666666667,
            28.573333333333334,
            27.573333333333334,
            27.573333333333334,
            28.893333333333334,
            29.733333333333334,
            28.253333333333334,
            29.453333333333333,
            29.746666666666666,
            28.586666666666666,
            28.72,
            26.56,
            27.85333333333333,
            27.986666666666668,
            27.92,
            29.226666666666667,
            28.546666666666667,
            27.893333333333334,
            27.8,
            27.266666666666666,
            28.186666666666667,
            28.653333333333332,
            28.08,
            27.093333333333334,
            29.6,
            28.6,
            28.88,
            29.08,
            28.68,
            28.48,
            28.293333333333333,
            29.56,
            28.466666666666665,
            28.453333333333333,
            28.786666666666665,
            27.6,
            28.426666666666666,
            28.64,
            26.613333333333333,
            28.69333333333333,
            26.346666666666668,
            28.253333333333334,
            29.666666666666668,
            28.733333333333334,
            29.30666666666667,
            27.826666666666668,
            27.826666666666668,
            28.413333333333334
        ],
        "disagreement": [
            0.0,
            0.0,
            0.0,
            0.0,
            0.0,
            0.0,
            0.0,
            0.0,
            0.0,
            0.0,
            0.0,
            0.0,
            0.0,
            0.0,
            0.0,
            0.0,
            0.0,
            0.0,
            0.0,
            0.0,
            0.0,
            0.0,
            0.0,
            0.0,
            0.0,
            0.0,
            0.0,
            0.0,
            0.0,
            0.0,
            0.0,
            0.0,
            0.0,
            0.0,
            0.0,
            0.0,
            0.0,
            0.0,
            0.0,
            0.0,
            0.0,
            0.0,
            0.0,
            0.0,
            0.0,
            0.0,
            0.0,
            0.0,
            0.0,
            0.0
        ],
        "disagreement_frequency": [],
        "f": 25,
        "finishing_steps": [
            3,
            3,
            3,
            3,
            3,
            3,
            3,
            3,
            3,
            3,
            3,
            3,
            3,
            3,
            3,
            3,
            3,
            3,
            3,
            3,
            3,
            3,
            3,
            3,
            3,
            3,
            3,
            3,
            3,
            3,
            3,
            3,
            3,
            3,
            3,
            3,
            3,
            3,
            3,
            3,
            3,
            3,
            3,
            3,
            3,
            3,
            3,
            3,
            3,
            3
        ],
        "n": 100,
        "p": 70,
        "termination_rate": [
            1.0,
            1.0,
            1.0,
            1.0,
            1.0,
            1.0,
            1.0,
            1.0,
            1.0,
            1.0,
            1.0,
            1.0,
            1.0,
            1.0,
            1.0,
            1.0,
            1.0,
            1.0,
            1.0,
            1.0,
            1.0,
            1.0,
            1.0,
            1.0,
            1.0,
            1.0,
            1.0,
            1.0,
            1.0,
            1.0,
            1.0,
            1.0,
            1.0,
            1.0,
            1.0,
            1.0,
            1.0,
            1.0,
            1.0,
            1.0,
            1.0,
            1.0,
            1.0,
            1.0,
            1.0,
            1.0,
            1.0,
            1.0,
            1.0,
            1.0
        ],
        "total_msgs_sent": [
            9900,
            9900,
            9900,
            9900,
            9900,
            9900,
            9900,
            9900,
            9900,
            9900,
            9900,
            9900,
            9900,
            9900,
            9900,
            9900,
            9900,
            9900,
            9900,
            9900,
            9900,
            9900,
            9900,
            9900,
            9900,
            9900,
            9900,
            9900,
            9900,
            9900,
            9900,
            9900,
            9900,
            9900,
            9900,
            9900,
            9900,
            9900,
            9900,
            9900,
            9900,
            9900,
            9900,
            9900,
            9900,
            9900,
            9900,
            9900,
            9900,
            9900
        ]
    },
    "RunTime": 132.578025535
}
