{
    "Results": {
        "c": 67,
        "delivery_nodes": [
            100.0,
            100.0,
            100.0,
            100.0,
            100.0,
            100.0,
            100.0,
            100.0,
            100.0,
            100.0,
            100.0,
            100.0,
            100.0,
            100.0,
            100.0,
            100.0,
            100.0,
            100.0,
            100.0,
            100.0,
            100.0,
            100.0,
            100.0,
            100.0,
            100.0,
            100.0,
            100.0,
            100.0,
            100.0,
            100.0,
            100.0,
            100.0,
            100.0,
            100.0,
            100.0,
            100.0,
            100.0,
            100.0,
            100.0,
            100.0,
            100.0,
            100.0,
            100.0,
            100.0,
            100.0,
            100.0,
            100.0,
            100.0,
            100.0,
            100.0
        ],
        "delivery_time": [
            15.776119402985074,
            16.83582089552239,
            16.880597014925375,
            20.08955223880597,
            19.104477611940297,
            16.940298507462686,
            19.492537313432837,
            19.46268656716418,
            15.835820895522389,
            17.53731343283582,
            20.074626865671643,
            20.01492537313433,
            18.865671641791046,
            18.35820895522388,
            18.029850746268657,
            19.0,
            19.70149253731343,
            17.074626865671643,
            20.19402985074627,
            20.029850746268657,
            20.29850746268657,
            17.46268656716418,
            19.850746268656717,
            18.91044776119403,
            17.65671641791045,
            19.567164179104477,
            17.01492537313433,
            17.776119402985074,
            17.492537313432837,
            17.223880597014926,
            19.313432835820894,
            19.82089552238806,
            17.47761194029851,
            17.388059701492537,
            18.417910447761194,
            16.149253731343283,
            18.597014925373134,
            17.73134328358209,
            19.83582089552239,
            19.46268656716418,
            17.029850746268657,
            17.208955223880597,
            20.223880597014926,
            19.91044776119403,
            18.746268656716417,
            17.791044776119403,
            18.80597014925373,
            18.029850746268657,
            16.26865671641791,
            18.34328358208955
        ],
        "disagreement": [
            0.0,
            0.0,
            0.0,
            0.0,
            0.0,
            0.0,
            0.0,
            0.0,
            0.0,
            0.0,
            0.0,
            0.0,
            0.0,
            0.0,
            0.0,
            0.0,
            0.0,
            0.0,
            0.0,
            0.0,
            0.0,
            0.0,
            0.0,
            0.0,
            0.0,
            0.0,
            0.0,
            0.0,
            0.0,
            0.0,
            0.0,
            0.0,
            0.0,
            0.0,
            0.0,
            0.0,
            0.0,
            0.0,
            0.0,
            0.0,
            0.0,
            0.0,
            0.0,
            0.0,
            0.0,
            0.0,
            0.0,
            0.0,
            0.0,
            0.0
        ],
        "disagreement_frequency": [],
        "f": 33,
        "finishing_steps": [
            3,
            3,
            3,
            3,
            3,
            3,
            3,
            3,
            3,
            3,
            3,
            3,
            3,
            3,
            3,
            3,
            3,
            3,
            3,
            3,
            3,
            3,
            3,
            3,
            3,
            3,
            3,
            3,
            3,
            3,
            3,
            3,
            3,
            3,
            3,
            3,
            3,
            3,
            3,
            3,
            3,
            3,
            3,
            3,
            3,
            3,
            3,
            3,
            3,
            3
        ],
        "n": 100,
        "p": 90,
        "termination_rate": [
            1.0,
            1.0,
            1.0,
            1.0,
            1.0,
            1.0,
            1.0,
            1.0,
            1.0,
            1.0,
            1.0,
            1.0,
            1.0,
            1.0,
            1.0,
            1.0,
            1.0,
            1.0,
            1.0,
            1.0,
            1.0,
            1.0,
            1.0,
            1.0,
            1.0,
            1.0,
            1.0,
            1.0,
            1.0,
            1.0,
            1.0,
            1.0,
            1.0,
            1.0,
            1.0,
            1.0,
            1.0,
            1.0,
            1.0,
            1.0,
            1.0,
            1.0,
            1.0,
            1.0,
            1.0,
            1.0,
            1.0,
            1.0,
            1.0,
            1.0
        ],
        "total_msgs_sent": [
            7900,
            7900,
            7800,
            7300,
            7400,
            7900,
            7400,
            7400,
            8000,
            7700,
            7300,
            7300,
            7500,
            7600,
            7900,
            7500,
            7400,
            7900,
            7300,
            7300,
            7300,
            7800,
            7300,
            7400,
            7600,
            7400,
            7900,
            7800,
            7700,
            7900,
            7400,
            7300,
            7700,
            7700,
            7600,
            8100,
            7600,
            7500,
            7300,
            7400,
            7900,
            7900,
            7300,
            7300,
            7600,
            7600,
            7400,
            7600,
            7900,
            7500
        ]
    },
    "RunTime": 109.455549283
}
