{
    "Results": {
        "c": 67,
        "delivery_nodes": [
            100.0,
            100.0,
            100.0,
            100.0,
            100.0,
            100.0,
            100.0,
            100.0,
            100.0,
            100.0,
            100.0,
            100.0,
            100.0,
            100.0,
            100.0,
            100.0,
            100.0,
            100.0,
            100.0,
            100.0,
            100.0,
            100.0,
            100.0,
            100.0,
            100.0,
            100.0,
            100.0,
            100.0,
            100.0,
            100.0,
            100.0,
            100.0,
            100.0,
            100.0,
            100.0,
            100.0,
            100.0,
            100.0,
            100.0,
            100.0,
            100.0,
            100.0,
            100.0,
            100.0,
            100.0,
            100.0,
            100.0,
            100.0,
            100.0,
            100.0
        ],
        "delivery_time": [
            15.074626865671641,
            15.940298507462687,
            15.313432835820896,
            14.940298507462687,
            15.298507462686567,
            15.850746268656716,
            15.26865671641791,
            15.611940298507463,
            15.462686567164178,
            15.791044776119403,
            15.611940298507463,
            15.626865671641792,
            14.328358208955224,
            15.059701492537313,
            14.985074626865671,
            15.388059701492537,
            15.014925373134329,
            17.955223880597014,
            14.761194029850746,
            14.985074626865671,
            15.73134328358209,
            16.0,
            15.477611940298507,
            15.925373134328359,
            14.776119402985074,
            15.791044776119403,
            14.776119402985074,
            15.582089552238806,
            14.925373134328359,
            15.447761194029852,
            14.91044776119403,
            15.850746268656716,
            15.388059701492537,
            15.597014925373134,
            15.119402985074627,
            15.119402985074627,
            14.626865671641792,
            14.597014925373134,
            15.059701492537313,
            15.298507462686567,
            15.582089552238806,
            14.477611940298507,
            14.791044776119403,
            15.373134328358208,
            16.238805970149254,
            14.656716417910447,
            15.716417910447761,
            14.522388059701493,
            15.17910447761194,
            15.537313432835822
        ],
        "disagreement": [
            0.0,
            0.0,
            0.0,
            0.0,
            0.0,
            0.0,
            0.0,
            0.0,
            0.0,
            0.0,
            0.0,
            0.0,
            0.0,
            0.0,
            0.0,
            0.0,
            0.0,
            0.0,
            0.0,
            0.0,
            0.0,
            0.0,
            0.0,
            0.0,
            0.0,
            0.0,
            0.0,
            0.0,
            0.0,
            0.0,
            0.0,
            0.0,
            0.0,
            0.0,
            0.0,
            0.0,
            0.0,
            0.0,
            0.0,
            0.0,
            0.0,
            0.0,
            0.0,
            0.0,
            0.0,
            0.0,
            0.0,
            0.0,
            0.0,
            0.0
        ],
        "disagreement_frequency": [],
        "f": 33,
        "finishing_steps": [
            3,
            3,
            3,
            3,
            3,
            3,
            3,
            3,
            3,
            3,
            3,
            3,
            3,
            3,
            3,
            3,
            3,
            3,
            3,
            3,
            3,
            3,
            3,
            3,
            3,
            3,
            3,
            3,
            3,
            3,
            3,
            3,
            3,
            3,
            3,
            3,
            3,
            3,
            3,
            3,
            3,
            3,
            3,
            3,
            3,
            3,
            3,
            3,
            3,
            3
        ],
        "n": 100,
        "p": 100,
        "termination_rate": [
            1.0,
            1.0,
            1.0,
            1.0,
            1.0,
            1.0,
            1.0,
            1.0,
            1.0,
            1.0,
            1.0,
            1.0,
            1.0,
            1.0,
            1.0,
            1.0,
            1.0,
            1.0,
            1.0,
            1.0,
            1.0,
            1.0,
            1.0,
            1.0,
            1.0,
            1.0,
            1.0,
            1.0,
            1.0,
            1.0,
            1.0,
            1.0,
            1.0,
            1.0,
            1.0,
            1.0,
            1.0,
            1.0,
            1.0,
            1.0,
            1.0,
            1.0,
            1.0,
            1.0,
            1.0,
            1.0,
            1.0,
            1.0,
            1.0,
            1.0
        ],
        "total_msgs_sent": [
            8100,
            7600,
            7900,
            8200,
            8100,
            7800,
            7900,
            8000,
            8100,
            7400,
            7700,
            7900,
            7900,
            8200,
            8200,
            7900,
            8100,
            7200,
            7600,
            8100,
            7900,
            7800,
            8100,
            7500,
            7900,
            7600,
            7800,
            7900,
            8100,
            8100,
            8000,
            7700,
            8000,
            8100,
            7600,
            8200,
            8100,
            7800,
            7600,
            8000,
            8000,
            8200,
            8200,
            8100,
            8000,
            7900,
            7700,
            8100,
            8000,
            8000
        ]
    },
    "RunTime": 108.103272248
}
