{
    "Results": {
        "c": 60,
        "delivery_nodes": [
            100.0,
            100.0,
            100.0,
            100.0,
            100.0,
            100.0,
            100.0,
            100.0,
            100.0,
            100.0,
            100.0,
            100.0,
            100.0,
            100.0,
            100.0,
            100.0,
            100.0,
            100.0,
            100.0,
            100.0,
            100.0,
            100.0,
            100.0,
            100.0,
            100.0,
            100.0,
            100.0,
            100.0,
            100.0,
            100.0,
            100.0,
            100.0,
            100.0,
            100.0,
            100.0,
            100.0,
            100.0,
            100.0,
            100.0,
            100.0,
            100.0,
            100.0,
            100.0,
            100.0,
            100.0,
            100.0,
            100.0,
            100.0,
            100.0,
            100.0
        ],
        "delivery_time": [
            15.05,
            15.166666666666666,
            15.466666666666667,
            15.316666666666666,
            14.883333333333333,
            14.833333333333334,
            14.983333333333333,
            15.5,
            15.516666666666667,
            14.183333333333334,
            13.666666666666666,
            15.4,
            14.783333333333333,
            14.916666666666666,
            14.2,
            14.616666666666667,
            15.033333333333333,
            15.716666666666667,
            14.966666666666667,
            14.8,
            14.716666666666667,
            13.3,
            14.5,
            15.216666666666667,
            15.366666666666667,
            14.516666666666667,
            15.1,
            15.083333333333334,
            14.333333333333334,
            14.933333333333334,
            14.383333333333333,
            15.083333333333334,
            16.533333333333335,
            15.483333333333333,
            14.716666666666667,
            14.9,
            14.733333333333333,
            14.566666666666666,
            14.8,
            14.533333333333333,
            14.666666666666666,
            14.216666666666667,
            14.783333333333333,
            14.85,
            15.4,
            15.1,
            14.416666666666666,
            14.433333333333334,
            16.416666666666668,
            13.95
        ],
        "disagreement": [
            0.0,
            0.0,
            0.0,
            0.0,
            0.0,
            0.0,
            0.0,
            0.0,
            0.0,
            0.0,
            0.0,
            0.0,
            0.0,
            0.0,
            0.0,
            0.0,
            0.0,
            0.0,
            0.0,
            0.0,
            0.0,
            0.0,
            0.0,
            0.0,
            0.0,
            0.0,
            0.0,
            0.0,
            0.0,
            0.0,
            0.0,
            0.0,
            0.0,
            0.0,
            0.0,
            0.0,
            0.0,
            0.0,
            0.0,
            0.0,
            0.0,
            0.0,
            0.0,
            0.0,
            0.0,
            0.0,
            0.0,
            0.0,
            0.0,
            0.0
        ],
        "disagreement_frequency": [],
        "f": 40,
        "finishing_steps": [
            3,
            3,
            3,
            3,
            3,
            3,
            3,
            3,
            3,
            3,
            3,
            3,
            3,
            3,
            3,
            3,
            3,
            3,
            3,
            3,
            3,
            3,
            3,
            3,
            3,
            3,
            3,
            3,
            3,
            3,
            3,
            3,
            3,
            3,
            3,
            3,
            3,
            3,
            3,
            3,
            3,
            3,
            3,
            3,
            3,
            3,
            3,
            3,
            3,
            3
        ],
        "n": 100,
        "p": 80,
        "termination_rate": [
            1.0,
            1.0,
            1.0,
            1.0,
            1.0,
            1.0,
            1.0,
            1.0,
            1.0,
            1.0,
            1.0,
            1.0,
            1.0,
            1.0,
            1.0,
            1.0,
            1.0,
            1.0,
            1.0,
            1.0,
            1.0,
            1.0,
            1.0,
            1.0,
            1.0,
            1.0,
            1.0,
            1.0,
            1.0,
            1.0,
            1.0,
            1.0,
            1.0,
            1.0,
            1.0,
            1.0,
            1.0,
            1.0,
            1.0,
            1.0,
            1.0,
            1.0,
            1.0,
            1.0,
            1.0,
            1.0,
            1.0,
            1.0,
            1.0,
            1.0
        ],
        "total_msgs_sent": [
            8300,
            7800,
            8200,
            8000,
            8100,
            7800,
            7900,
            8000,
            8100,
            8100,
            8500,
            8100,
            7900,
            7600,
            8100,
            7900,
            8200,
            7400,
            8200,
            8400,
            7600,
            8300,
            7600,
            7900,
            7600,
            7800,
            7700,
            8300,
            8000,
            8200,
            8300,
            8100,
            7700,
            8000,
            8000,
            7800,
            8100,
            8500,
            8000,
            7800,
            8000,
            8100,
            8400,
            8400,
            7900,
            8300,
            8200,
            8000,
            7500,
            8400
        ]
    },
    "RunTime": 104.11466183
}
