{
    "Results": {
        "c": 75,
        "delivery_nodes": [
            100.0,
            100.0,
            100.0,
            100.0,
            100.0,
            100.0,
            100.0,
            100.0,
            100.0,
            100.0,
            100.0,
            100.0,
            100.0,
            100.0,
            100.0,
            100.0,
            100.0,
            100.0,
            100.0,
            100.0,
            100.0,
            100.0,
            100.0,
            100.0,
            100.0,
            100.0,
            100.0,
            100.0,
            100.0,
            100.0,
            100.0,
            100.0,
            100.0,
            100.0,
            100.0,
            100.0,
            100.0,
            100.0,
            100.0,
            100.0,
            100.0,
            100.0,
            100.0,
            100.0,
            100.0,
            100.0,
            100.0,
            100.0,
            100.0,
            100.0
        ],
        "delivery_time": [
            21.333333333333332,
            20.653333333333332,
            20.093333333333334,
            21.186666666666667,
            21.16,
            20.373333333333335,
            20.946666666666665,
            21.04,
            20.8,
            20.613333333333333,
            21.106666666666666,
            20.30666666666667,
            20.466666666666665,
            20.573333333333334,
            20.426666666666666,
            20.84,
            20.56,
            20.453333333333333,
            20.866666666666667,
            20.906666666666666,
            21.346666666666668,
            20.52,
            20.826666666666668,
            20.8,
            20.413333333333334,
            20.96,
            19.92,
            20.626666666666665,
            21.266666666666666,
            20.84,
            20.44,
            20.72,
            20.666666666666668,
            20.266666666666666,
            20.533333333333335,
            20.746666666666666,
            20.386666666666667,
            20.666666666666668,
            20.613333333333333,
            20.666666666666668,
            20.413333333333334,
            20.733333333333334,
            20.626666666666665,
            20.6,
            20.533333333333335,
            20.613333333333333,
            20.733333333333334,
            20.76,
            20.413333333333334,
            20.48
        ],
        "disagreement": [
            0.0,
            0.0,
            0.0,
            0.0,
            0.0,
            0.0,
            0.0,
            0.0,
            0.0,
            0.0,
            0.0,
            0.0,
            0.0,
            0.0,
            0.0,
            0.0,
            0.0,
            0.0,
            0.0,
            0.0,
            0.0,
            0.0,
            0.0,
            0.0,
            0.0,
            0.0,
            0.0,
            0.0,
            0.0,
            0.0,
            0.0,
            0.0,
            0.0,
            0.0,
            0.0,
            0.0,
            0.0,
            0.0,
            0.0,
            0.0,
            0.0,
            0.0,
            0.0,
            0.0,
            0.0,
            0.0,
            0.0,
            0.0,
            0.0,
            0.0
        ],
        "disagreement_frequency": [],
        "f": 25,
        "finishing_steps": [
            3,
            3,
            3,
            3,
            3,
            3,
            3,
            3,
            3,
            3,
            3,
            3,
            3,
            3,
            3,
            3,
            3,
            3,
            3,
            3,
            3,
            3,
            3,
            3,
            3,
            3,
            3,
            3,
            3,
            3,
            3,
            3,
            3,
            3,
            3,
            3,
            3,
            3,
            3,
            3,
            3,
            3,
            3,
            3,
            3,
            3,
            3,
            3,
            3,
            3
        ],
        "n": 100,
        "p": 90,
        "termination_rate": [
            1.0,
            1.0,
            1.0,
            1.0,
            1.0,
            1.0,
            1.0,
            1.0,
            1.0,
            1.0,
            1.0,
            1.0,
            1.0,
            1.0,
            1.0,
            1.0,
            1.0,
            1.0,
            1.0,
            1.0,
            1.0,
            1.0,
            1.0,
            1.0,
            1.0,
            1.0,
            1.0,
            1.0,
            1.0,
            1.0,
            1.0,
            1.0,
            1.0,
            1.0,
            1.0,
            1.0,
            1.0,
            1.0,
            1.0,
            1.0,
            1.0,
            1.0,
            1.0,
            1.0,
            1.0,
            1.0,
            1.0,
            1.0,
            1.0,
            1.0
        ],
        "total_msgs_sent": [
            8200,
            8200,
            8200,
            8200,
            8200,
            8200,
            8200,
            8200,
            8200,
            8200,
            8200,
            8200,
            8200,
            8200,
            8200,
            8200,
            8200,
            8200,
            8200,
            8200,
            8200,
            8200,
            8200,
            8200,
            8200,
            8200,
            8200,
            8200,
            8200,
            8200,
            8200,
            8200,
            8200,
            8200,
            8200,
            8200,
            8200,
            8200,
            8200,
            8200,
            8200,
            8200,
            8200,
            8200,
            8200,
            8200,
            8200,
            8200,
            8200,
            8200
        ]
    },
    "RunTime": 117.641586588
}
