{
    "Results": {
        "c": 60,
        "delivery_nodes": [
            100.0,
            100.0,
            100.0,
            100.0,
            100.0,
            100.0,
            100.0,
            100.0,
            100.0,
            100.0,
            100.0,
            100.0,
            100.0,
            100.0,
            100.0,
            100.0,
            100.0,
            100.0,
            100.0,
            100.0,
            100.0,
            100.0,
            100.0,
            100.0,
            100.0,
            100.0,
            100.0,
            100.0,
            100.0,
            100.0,
            100.0,
            100.0,
            100.0,
            100.0,
            100.0,
            100.0,
            100.0,
            100.0,
            100.0,
            100.0,
            100.0,
            100.0,
            100.0,
            100.0,
            100.0,
            100.0,
            100.0,
            100.0,
            100.0,
            100.0
        ],
        "delivery_time": [
            18.4,
            17.983333333333334,
            17.183333333333334,
            17.433333333333334,
            17.166666666666668,
            16.833333333333332,
            19.9,
            17.416666666666668,
            17.633333333333333,
            17.583333333333332,
            17.35,
            19.05,
            16.983333333333334,
            19.3,
            18.0,
            16.766666666666666,
            18.083333333333332,
            16.216666666666665,
            17.216666666666665,
            19.583333333333332,
            17.583333333333332,
            18.566666666666666,
            16.633333333333333,
            17.816666666666666,
            17.25,
            16.883333333333333,
            16.416666666666668,
            17.716666666666665,
            18.85,
            17.133333333333333,
            19.65,
            18.633333333333333,
            17.083333333333332,
            17.5,
            18.116666666666667,
            18.9,
            16.416666666666668,
            18.516666666666666,
            17.233333333333334,
            17.883333333333333,
            16.75,
            20.833333333333332,
            19.766666666666666,
            20.15,
            17.35,
            17.883333333333333,
            16.666666666666668,
            17.583333333333332,
            21.083333333333332,
            17.316666666666666
        ],
        "disagreement": [
            0.0,
            0.0,
            0.0,
            0.0,
            0.0,
            0.0,
            0.0,
            0.0,
            0.0,
            0.0,
            0.0,
            0.0,
            0.0,
            0.0,
            0.0,
            0.0,
            0.0,
            0.0,
            0.0,
            0.0,
            0.0,
            0.0,
            0.0,
            0.0,
            0.0,
            0.0,
            0.0,
            0.0,
            0.0,
            0.0,
            0.0,
            0.0,
            0.0,
            0.0,
            0.0,
            0.0,
            0.0,
            0.0,
            0.0,
            0.0,
            0.0,
            0.0,
            0.0,
            0.0,
            0.0,
            0.0,
            0.0,
            0.0,
            0.0,
            0.0
        ],
        "disagreement_frequency": [],
        "f": 40,
        "finishing_steps": [
            3,
            3,
            3,
            3,
            3,
            3,
            3,
            3,
            3,
            3,
            3,
            3,
            3,
            3,
            3,
            3,
            3,
            3,
            3,
            3,
            3,
            3,
            3,
            3,
            3,
            3,
            3,
            3,
            3,
            3,
            3,
            3,
            3,
            3,
            3,
            3,
            3,
            3,
            3,
            3,
            3,
            3,
            3,
            3,
            3,
            3,
            3,
            3,
            3,
            3
        ],
        "n": 100,
        "p": 70,
        "termination_rate": [
            1.0,
            1.0,
            1.0,
            1.0,
            1.0,
            1.0,
            1.0,
            1.0,
            1.0,
            1.0,
            1.0,
            1.0,
            1.0,
            1.0,
            1.0,
            1.0,
            1.0,
            1.0,
            1.0,
            1.0,
            1.0,
            1.0,
            1.0,
            1.0,
            1.0,
            1.0,
            1.0,
            1.0,
            1.0,
            1.0,
            1.0,
            1.0,
            1.0,
            1.0,
            1.0,
            1.0,
            1.0,
            1.0,
            1.0,
            1.0,
            1.0,
            1.0,
            1.0,
            1.0,
            1.0,
            1.0,
            1.0,
            1.0,
            1.0,
            1.0
        ],
        "total_msgs_sent": [
            12500,
            10800,
            11800,
            9800,
            12000,
            8500,
            12100,
            11600,
            12300,
            12500,
            11100,
            12400,
            9300,
            12200,
            12100,
            8900,
            12400,
            9600,
            8700,
            12200,
            10600,
            9300,
            8600,
            11800,
            12000,
            9400,
            11400,
            10300,
            12200,
            12500,
            12100,
            12300,
            11600,
            12400,
            12500,
            12400,
            11800,
            12100,
            12800,
            12000,
            11600,
            12000,
            12200,
            12100,
            11600,
            11500,
            12200,
            10300,
            12000,
            10900
        ]
    },
    "RunTime": 155.937328457
}
