{
    "Results": {
        "c": 60,
        "delivery_nodes": [
            100.0,
            100.0,
            100.0,
            100.0,
            100.0,
            100.0,
            100.0,
            100.0,
            100.0,
            100.0,
            100.0,
            100.0,
            100.0,
            100.0,
            100.0,
            100.0,
            100.0,
            100.0,
            100.0,
            100.0,
            100.0,
            100.0,
            100.0,
            100.0,
            100.0,
            100.0,
            100.0,
            100.0,
            100.0,
            100.0,
            100.0,
            100.0,
            100.0,
            100.0,
            100.0,
            100.0,
            100.0,
            100.0,
            100.0,
            100.0,
            100.0,
            100.0,
            100.0,
            100.0,
            100.0,
            100.0,
            100.0,
            100.0,
            100.0,
            100.0
        ],
        "delivery_time": [
            18.666666666666668,
            20.15,
            17.116666666666667,
            17.283333333333335,
            17.816666666666666,
            19.85,
            16.933333333333334,
            18.333333333333332,
            17.166666666666668,
            16.566666666666666,
            17.733333333333334,
            16.75,
            19.75,
            17.383333333333333,
            18.333333333333332,
            18.933333333333334,
            17.85,
            17.666666666666668,
            17.616666666666667,
            18.316666666666666,
            19.7,
            18.616666666666667,
            17.15,
            17.6,
            16.783333333333335,
            18.066666666666666,
            16.633333333333333,
            17.2,
            17.916666666666668,
            16.666666666666668,
            17.933333333333334,
            16.666666666666668,
            17.783333333333335,
            16.4,
            16.966666666666665,
            17.183333333333334,
            19.1,
            16.516666666666666,
            17.333333333333332,
            18.35,
            16.35,
            17.05,
            17.183333333333334,
            17.816666666666666,
            20.216666666666665,
            17.316666666666666,
            17.616666666666667,
            18.066666666666666,
            17.616666666666667,
            16.533333333333335
        ],
        "disagreement": [
            0.0,
            0.0,
            0.0,
            0.0,
            0.0,
            0.0,
            0.0,
            0.0,
            0.0,
            0.0,
            0.0,
            0.0,
            0.0,
            0.0,
            0.0,
            0.0,
            0.0,
            0.0,
            0.0,
            0.0,
            0.0,
            0.0,
            0.0,
            0.0,
            0.0,
            0.0,
            0.0,
            0.0,
            0.0,
            0.0,
            0.0,
            0.0,
            0.0,
            0.0,
            0.0,
            0.0,
            0.0,
            0.0,
            0.0,
            0.0,
            0.0,
            0.0,
            0.0,
            0.0,
            0.0,
            0.0,
            0.0,
            0.0,
            0.0,
            0.0
        ],
        "disagreement_frequency": [],
        "f": 40,
        "finishing_steps": [
            3,
            3,
            3,
            3,
            3,
            3,
            3,
            3,
            3,
            3,
            3,
            3,
            3,
            3,
            3,
            3,
            3,
            3,
            3,
            3,
            3,
            3,
            3,
            3,
            3,
            3,
            3,
            3,
            3,
            3,
            3,
            3,
            3,
            3,
            3,
            3,
            3,
            3,
            3,
            3,
            3,
            3,
            3,
            3,
            3,
            3,
            3,
            3,
            3,
            3
        ],
        "n": 100,
        "p": 60,
        "termination_rate": [
            1.0,
            1.0,
            1.0,
            1.0,
            1.0,
            1.0,
            1.0,
            1.0,
            1.0,
            1.0,
            1.0,
            1.0,
            1.0,
            1.0,
            1.0,
            1.0,
            1.0,
            1.0,
            1.0,
            1.0,
            1.0,
            1.0,
            1.0,
            1.0,
            1.0,
            1.0,
            1.0,
            1.0,
            1.0,
            1.0,
            1.0,
            1.0,
            1.0,
            1.0,
            1.0,
            1.0,
            1.0,
            1.0,
            1.0,
            1.0,
            1.0,
            1.0,
            1.0,
            1.0,
            1.0,
            1.0,
            1.0,
            1.0,
            1.0,
            1.0
        ],
        "total_msgs_sent": [
            12400,
            12000,
            9100,
            10100,
            12300,
            12200,
            12200,
            12500,
            12500,
            8600,
            10900,
            12000,
            12200,
            12500,
            12000,
            12400,
            12400,
            12500,
            12200,
            10900,
            12200,
            12400,
            12000,
            12200,
            11000,
            11800,
            10100,
            10800,
            10700,
            11200,
            12500,
            9300,
            11400,
            10000,
            9800,
            9100,
            10600,
            12700,
            10300,
            12200,
            9400,
            12500,
            10200,
            11600,
            12200,
            11400,
            12200,
            12000,
            12200,
            11300
        ]
    },
    "RunTime": 148.296112566
}
