{
    "Results": {
        "c": 67,
        "delivery_nodes": [
            100.0,
            100.0,
            100.0,
            100.0,
            100.0,
            100.0,
            100.0,
            100.0,
            100.0,
            100.0,
            100.0,
            100.0,
            100.0,
            100.0,
            100.0,
            100.0,
            100.0,
            100.0,
            100.0,
            100.0,
            100.0,
            100.0,
            100.0,
            100.0,
            100.0,
            100.0,
            100.0,
            100.0,
            100.0,
            100.0,
            100.0,
            100.0,
            100.0,
            100.0,
            100.0,
            100.0,
            100.0,
            100.0,
            100.0,
            100.0,
            100.0,
            100.0,
            100.0,
            100.0,
            100.0,
            100.0,
            100.0,
            100.0,
            100.0,
            100.0
        ],
        "delivery_time": [
            25.671641791044777,
            25.73134328358209,
            27.597014925373134,
            28.46268656716418,
            26.417910447761194,
            27.29850746268657,
            28.37313432835821,
            27.880597014925375,
            26.253731343283583,
            27.29850746268657,
            25.29850746268657,
            27.850746268656717,
            26.328358208955223,
            27.71641791044776,
            27.791044776119403,
            26.313432835820894,
            27.850746268656717,
            27.313432835820894,
            27.35820895522388,
            28.53731343283582,
            27.223880597014926,
            26.208955223880597,
            27.80597014925373,
            26.73134328358209,
            26.432835820895523,
            27.149253731343283,
            26.567164179104477,
            27.761194029850746,
            29.01492537313433,
            27.761194029850746,
            28.402985074626866,
            27.71641791044776,
            24.73134328358209,
            26.29850746268657,
            26.64179104477612,
            26.597014925373134,
            27.52238805970149,
            28.71641791044776,
            26.880597014925375,
            27.29850746268657,
            25.83582089552239,
            26.761194029850746,
            27.26865671641791,
            25.686567164179106,
            28.432835820895523,
            26.16417910447761,
            25.955223880597014,
            26.28358208955224,
            26.65671641791045,
            27.82089552238806
        ],
        "disagreement": [
            0.0,
            0.0,
            0.0,
            0.0,
            0.0,
            0.0,
            0.0,
            0.0,
            0.0,
            0.0,
            0.0,
            0.0,
            0.0,
            0.0,
            0.0,
            0.0,
            0.0,
            0.0,
            0.0,
            0.0,
            0.0,
            0.0,
            0.0,
            0.0,
            0.0,
            0.0,
            0.0,
            0.0,
            0.0,
            0.0,
            0.0,
            0.0,
            0.0,
            0.0,
            0.0,
            0.0,
            0.0,
            0.0,
            0.0,
            0.0,
            0.0,
            0.0,
            0.0,
            0.0,
            0.0,
            0.0,
            0.0,
            0.0,
            0.0,
            0.0
        ],
        "disagreement_frequency": [],
        "f": 33,
        "finishing_steps": [
            3,
            3,
            3,
            3,
            3,
            3,
            3,
            3,
            3,
            3,
            3,
            3,
            3,
            3,
            3,
            3,
            3,
            3,
            3,
            3,
            3,
            3,
            3,
            3,
            3,
            3,
            3,
            3,
            3,
            3,
            3,
            3,
            3,
            3,
            3,
            3,
            3,
            3,
            3,
            3,
            3,
            3,
            3,
            3,
            3,
            3,
            3,
            3,
            3,
            3
        ],
        "n": 100,
        "p": 50,
        "termination_rate": [
            1.0,
            1.0,
            1.0,
            1.0,
            1.0,
            1.0,
            1.0,
            1.0,
            1.0,
            1.0,
            1.0,
            1.0,
            1.0,
            1.0,
            1.0,
            1.0,
            1.0,
            1.0,
            1.0,
            1.0,
            1.0,
            1.0,
            1.0,
            1.0,
            1.0,
            1.0,
            1.0,
            1.0,
            1.0,
            1.0,
            1.0,
            1.0,
            1.0,
            1.0,
            1.0,
            1.0,
            1.0,
            1.0,
            1.0,
            1.0,
            1.0,
            1.0,
            1.0,
            1.0,
            1.0,
            1.0,
            1.0,
            1.0,
            1.0,
            1.0
        ],
        "total_msgs_sent": [
            9900,
            9900,
            9900,
            9900,
            9900,
            9900,
            9900,
            9900,
            9900,
            9900,
            9900,
            9900,
            9900,
            9900,
            9900,
            9900,
            9900,
            9900,
            9900,
            9900,
            9900,
            9900,
            9900,
            9900,
            9900,
            9900,
            9900,
            9900,
            9900,
            9900,
            9900,
            9900,
            9900,
            9900,
            9900,
            9900,
            9900,
            9900,
            9900,
            9900,
            9900,
            9900,
            9900,
            9900,
            9900,
            9900,
            9900,
            9900,
            9900,
            9900
        ]
    },
    "RunTime": 130.612315812
}
