{
    "Results": {
        "c": 67,
        "delivery_nodes": [
            100.0,
            100.0,
            100.0,
            100.0,
            100.0,
            100.0,
            100.0,
            100.0,
            100.0,
            100.0,
            100.0,
            100.0,
            100.0,
            100.0,
            100.0,
            100.0,
            100.0,
            100.0,
            100.0,
            100.0,
            100.0,
            100.0,
            100.0,
            100.0,
            100.0,
            100.0,
            100.0,
            100.0,
            100.0,
            100.0,
            100.0,
            100.0,
            100.0,
            100.0,
            100.0,
            100.0,
            100.0,
            100.0,
            100.0,
            100.0,
            100.0,
            100.0,
            100.0,
            100.0,
            100.0,
            100.0,
            100.0,
            100.0,
            100.0,
            100.0
        ],
        "delivery_time": [
            22.895522388059703,
            23.65671641791045,
            23.44776119402985,
            24.402985074626866,
            22.671641791044777,
            24.238805970149254,
            22.791044776119403,
            22.65671641791045,
            22.776119402985074,
            22.597014925373134,
            22.62686567164179,
            23.47761194029851,
            23.925373134328357,
            23.52238805970149,
            24.253731343283583,
            23.074626865671643,
            24.686567164179106,
            23.388059701492537,
            23.238805970149254,
            22.91044776119403,
            23.73134328358209,
            22.82089552238806,
            23.70149253731343,
            22.955223880597014,
            22.417910447761194,
            23.208955223880597,
            22.850746268656717,
            23.492537313432837,
            23.686567164179106,
            23.55223880597015,
            23.83582089552239,
            22.104477611940297,
            22.582089552238806,
            23.70149253731343,
            22.970149253731343,
            23.34328358208955,
            22.507462686567163,
            22.91044776119403,
            22.925373134328357,
            23.507462686567163,
            22.507462686567163,
            22.64179104477612,
            22.925373134328357,
            24.55223880597015,
            23.865671641791046,
            22.492537313432837,
            22.83582089552239,
            22.671641791044777,
            23.567164179104477,
            22.73134328358209
        ],
        "disagreement": [
            0.0,
            0.0,
            0.0,
            0.0,
            0.0,
            0.0,
            0.0,
            0.0,
            0.0,
            0.0,
            0.0,
            0.0,
            0.0,
            0.0,
            0.0,
            0.0,
            0.0,
            0.0,
            0.0,
            0.0,
            0.0,
            0.0,
            0.0,
            0.0,
            0.0,
            0.0,
            0.0,
            0.0,
            0.0,
            0.0,
            0.0,
            0.0,
            0.0,
            0.0,
            0.0,
            0.0,
            0.0,
            0.0,
            0.0,
            0.0,
            0.0,
            0.0,
            0.0,
            0.0,
            0.0,
            0.0,
            0.0,
            0.0,
            0.0,
            0.0
        ],
        "disagreement_frequency": [],
        "f": 33,
        "finishing_steps": [
            3,
            3,
            3,
            3,
            3,
            3,
            3,
            3,
            3,
            3,
            3,
            3,
            3,
            3,
            3,
            3,
            3,
            3,
            3,
            3,
            3,
            3,
            3,
            3,
            3,
            3,
            3,
            3,
            3,
            3,
            3,
            3,
            3,
            3,
            3,
            3,
            3,
            3,
            3,
            3,
            3,
            3,
            3,
            3,
            3,
            3,
            3,
            3,
            3,
            3
        ],
        "n": 100,
        "p": 60,
        "termination_rate": [
            1.0,
            1.0,
            1.0,
            1.0,
            1.0,
            1.0,
            1.0,
            1.0,
            1.0,
            1.0,
            1.0,
            1.0,
            1.0,
            1.0,
            1.0,
            1.0,
            1.0,
            1.0,
            1.0,
            1.0,
            1.0,
            1.0,
            1.0,
            1.0,
            1.0,
            1.0,
            1.0,
            1.0,
            1.0,
            1.0,
            1.0,
            1.0,
            1.0,
            1.0,
            1.0,
            1.0,
            1.0,
            1.0,
            1.0,
            1.0,
            1.0,
            1.0,
            1.0,
            1.0,
            1.0,
            1.0,
            1.0,
            1.0,
            1.0,
            1.0
        ],
        "total_msgs_sent": [
            9200,
            9200,
            9200,
            9200,
            9200,
            9200,
            9200,
            9200,
            9200,
            9200,
            9200,
            9200,
            9200,
            9200,
            9200,
            9200,
            9200,
            9200,
            9200,
            9200,
            9200,
            9200,
            9200,
            9200,
            9200,
            9200,
            9200,
            9200,
            9200,
            9200,
            9200,
            9200,
            9200,
            9200,
            9200,
            9200,
            9200,
            9200,
            9200,
            9200,
            9200,
            9200,
            9200,
            9200,
            9200,
            9200,
            9200,
            9200,
            9200,
            9200
        ]
    },
    "RunTime": 124.40092802
}
