{
    "Results": {
        "c": 81,
        "delivery_nodes": [
            100.0,
            100.0,
            100.0,
            100.0,
            100.0,
            100.0,
            100.0,
            100.0,
            100.0,
            100.0,
            100.0,
            100.0,
            100.0,
            100.0,
            100.0,
            100.0,
            100.0,
            100.0,
            100.0,
            100.0,
            100.0,
            100.0,
            100.0,
            100.0,
            100.0,
            100.0,
            100.0,
            100.0,
            100.0,
            100.0,
            100.0,
            100.0,
            100.0,
            100.0,
            100.0,
            100.0,
            100.0,
            100.0,
            100.0,
            100.0,
            100.0,
            100.0,
            100.0,
            100.0,
            100.0,
            100.0,
            100.0,
            100.0,
            100.0,
            100.0
        ],
        "delivery_time": [
            19.88888888888889,
            19.580246913580247,
            18.666666666666668,
            19.333333333333332,
            18.77777777777778,
            19.123456790123456,
            19.54320987654321,
            19.358024691358025,
            18.77777777777778,
            19.160493827160494,
            19.135802469135804,
            19.925925925925927,
            19.123456790123456,
            19.506172839506174,
            19.82716049382716,
            19.765432098765434,
            19.753086419753085,
            19.28395061728395,
            19.51851851851852,
            19.382716049382715,
            19.444444444444443,
            19.419753086419753,
            19.185185185185187,
            19.80246913580247,
            18.728395061728396,
            19.049382716049383,
            19.382716049382715,
            19.45679012345679,
            19.049382716049383,
            19.88888888888889,
            18.728395061728396,
            19.62962962962963,
            19.37037037037037,
            19.209876543209877,
            19.493827160493826,
            19.925925925925927,
            19.271604938271604,
            19.691358024691358,
            19.51851851851852,
            19.74074074074074,
            19.617283950617285,
            18.88888888888889,
            19.728395061728396,
            19.530864197530864,
            19.691358024691358,
            19.185185185185187,
            19.555555555555557,
            19.530864197530864,
            19.185185185185187,
            19.617283950617285
        ],
        "disagreement": [
            0.0,
            0.0,
            0.0,
            0.0,
            0.0,
            0.0,
            0.0,
            0.0,
            0.0,
            0.0,
            0.0,
            0.0,
            0.0,
            0.0,
            0.0,
            0.0,
            0.0,
            0.0,
            0.0,
            0.0,
            0.0,
            0.0,
            0.0,
            0.0,
            0.0,
            0.0,
            0.0,
            0.0,
            0.0,
            0.0,
            0.0,
            0.0,
            0.0,
            0.0,
            0.0,
            0.0,
            0.0,
            0.0,
            0.0,
            0.0,
            0.0,
            0.0,
            0.0,
            0.0,
            0.0,
            0.0,
            0.0,
            0.0,
            0.0,
            0.0
        ],
        "disagreement_frequency": [],
        "f": 19,
        "finishing_steps": [
            2,
            2,
            2,
            2,
            2,
            2,
            2,
            2,
            2,
            2,
            2,
            2,
            2,
            2,
            2,
            2,
            2,
            2,
            2,
            2,
            2,
            2,
            2,
            2,
            2,
            2,
            2,
            2,
            2,
            2,
            2,
            2,
            2,
            2,
            2,
            2,
            2,
            2,
            2,
            2,
            2,
            2,
            2,
            2,
            2,
            2,
            2,
            2,
            2,
            2
        ],
        "n": 100,
        "p": 100,
        "termination_rate": [
            1.0,
            1.0,
            1.0,
            1.0,
            1.0,
            1.0,
            1.0,
            1.0,
            1.0,
            1.0,
            1.0,
            1.0,
            1.0,
            1.0,
            1.0,
            1.0,
            1.0,
            1.0,
            1.0,
            1.0,
            1.0,
            1.0,
            1.0,
            1.0,
            1.0,
            1.0,
            1.0,
            1.0,
            1.0,
            1.0,
            1.0,
            1.0,
            1.0,
            1.0,
            1.0,
            1.0,
            1.0,
            1.0,
            1.0,
            1.0,
            1.0,
            1.0,
            1.0,
            1.0,
            1.0,
            1.0,
            1.0,
            1.0,
            1.0,
            1.0
        ],
        "total_msgs_sent": [
            33000,
            32600,
            32500,
            32600,
            32700,
            32700,
            32800,
            32400,
            32600,
            32700,
            32900,
            32400,
            32500,
            33100,
            32400,
            33100,
            32900,
            32800,
            32800,
            32600,
            32500,
            32600,
            32700,
            32400,
            33000,
            32700,
            32500,
            32700,
            33300,
            32500,
            32500,
            33100,
            32900,
            32600,
            32800,
            32700,
            32600,
            32700,
            32500,
            32500,
            32800,
            33000,
            32800,
            32800,
            32700,
            32600,
            32900,
            32400,
            32500,
            32800
        ]
    },
    "RunTime": 276.68628455100003
}
