{
    "Results": {
        "c": 67,
        "delivery_nodes": [
            100.0,
            100.0,
            100.0,
            100.0,
            100.0,
            100.0,
            100.0,
            100.0,
            100.0,
            100.0,
            100.0,
            100.0,
            100.0,
            100.0,
            100.0,
            100.0,
            100.0,
            100.0,
            100.0,
            100.0,
            100.0,
            100.0,
            100.0,
            100.0,
            100.0,
            100.0,
            100.0,
            100.0,
            100.0,
            100.0,
            100.0,
            100.0,
            100.0,
            100.0,
            100.0,
            100.0,
            100.0,
            100.0,
            100.0,
            100.0,
            100.0,
            100.0,
            100.0,
            100.0,
            100.0,
            100.0,
            100.0,
            100.0,
            100.0,
            100.0
        ],
        "delivery_time": [
            19.83582089552239,
            19.16417910447761,
            19.46268656716418,
            19.82089552238806,
            19.776119402985074,
            19.791044776119403,
            19.776119402985074,
            19.53731343283582,
            19.47761194029851,
            19.29850746268657,
            19.46268656716418,
            19.582089552238806,
            19.29850746268657,
            19.71641791044776,
            19.582089552238806,
            19.686567164179106,
            19.71641791044776,
            19.328358208955223,
            19.01492537313433,
            19.671641791044777,
            19.567164179104477,
            19.253731343283583,
            19.611940298507463,
            19.62686567164179,
            19.223880597014926,
            19.53731343283582,
            19.70149253731343,
            19.52238805970149,
            19.686567164179106,
            18.65671641791045,
            19.91044776119403,
            19.850746268656717,
            19.62686567164179,
            19.417910447761194,
            19.686567164179106,
            18.791044776119403,
            19.253731343283583,
            19.865671641791046,
            19.208955223880597,
            19.64179104477612,
            19.253731343283583,
            19.44776119402985,
            19.26865671641791,
            19.761194029850746,
            19.597014925373134,
            19.65671641791045,
            19.432835820895523,
            19.970149253731343,
            19.55223880597015,
            19.686567164179106
        ],
        "disagreement": [
            0.0,
            0.0,
            0.0,
            0.0,
            0.0,
            0.0,
            0.0,
            0.0,
            0.0,
            0.0,
            0.0,
            0.0,
            0.0,
            0.0,
            0.0,
            0.0,
            0.0,
            0.0,
            0.0,
            0.0,
            0.0,
            0.0,
            0.0,
            0.0,
            0.0,
            0.0,
            0.0,
            0.0,
            0.0,
            0.0,
            0.0,
            0.0,
            0.0,
            0.0,
            0.0,
            0.0,
            0.0,
            0.0,
            0.0,
            0.0,
            0.0,
            0.0,
            0.0,
            0.0,
            0.0,
            0.0,
            0.0,
            0.0,
            0.0,
            0.0
        ],
        "disagreement_frequency": [],
        "f": 33,
        "finishing_steps": [
            4,
            4,
            2,
            2,
            2,
            2,
            2,
            2,
            2,
            2,
            4,
            2,
            2,
            2,
            2,
            2,
            2,
            2,
            2,
            2,
            2,
            2,
            2,
            2,
            2,
            2,
            2,
            2,
            2,
            4,
            2,
            2,
            2,
            2,
            2,
            2,
            2,
            2,
            2,
            4,
            4,
            2,
            2,
            2,
            2,
            2,
            2,
            2,
            4,
            2
        ],
        "n": 100,
        "p": 100,
        "termination_rate": [
            1.0,
            1.0,
            1.0,
            1.0,
            1.0,
            1.0,
            1.0,
            1.0,
            1.0,
            1.0,
            1.0,
            1.0,
            1.0,
            1.0,
            1.0,
            1.0,
            1.0,
            1.0,
            1.0,
            1.0,
            1.0,
            1.0,
            1.0,
            1.0,
            1.0,
            1.0,
            1.0,
            1.0,
            1.0,
            1.0,
            1.0,
            1.0,
            1.0,
            1.0,
            1.0,
            1.0,
            1.0,
            1.0,
            1.0,
            1.0,
            1.0,
            1.0,
            1.0,
            1.0,
            1.0,
            1.0,
            1.0,
            1.0,
            1.0,
            1.0
        ],
        "total_msgs_sent": [
            33100,
            33300,
            33500,
            33500,
            33500,
            33500,
            33500,
            33500,
            33500,
            33500,
            32700,
            33500,
            33500,
            33500,
            33500,
            33500,
            33500,
            33500,
            33500,
            33500,
            33300,
            33500,
            33500,
            33500,
            33500,
            33500,
            33500,
            33500,
            33500,
            33300,
            33500,
            33500,
            33500,
            33500,
            33500,
            33500,
            33500,
            33500,
            33400,
            33300,
            33100,
            33500,
            33500,
            33500,
            33500,
            33400,
            33500,
            33500,
            33100,
            33500
        ]
    },
    "RunTime": 327.140702745
}
