{
    "Results": {
        "c": 60,
        "delivery_nodes": [
            100.0,
            100.0,
            100.0,
            100.0,
            100.0,
            100.0,
            100.0,
            100.0,
            100.0,
            100.0,
            100.0,
            100.0,
            100.0,
            100.0,
            100.0,
            100.0,
            100.0,
            100.0,
            100.0,
            100.0,
            100.0,
            100.0,
            100.0,
            100.0,
            100.0,
            100.0,
            100.0,
            100.0,
            100.0,
            100.0,
            100.0,
            100.0,
            100.0,
            100.0,
            100.0,
            100.0,
            100.0,
            100.0,
            100.0,
            100.0,
            100.0,
            100.0,
            100.0,
            100.0,
            100.0,
            100.0,
            100.0,
            100.0,
            100.0,
            100.0
        ],
        "delivery_time": [
            17.683333333333334,
            17.483333333333334,
            17.066666666666666,
            17.366666666666667,
            18.633333333333333,
            17.766666666666666,
            17.483333333333334,
            18.3,
            17.316666666666666,
            17.3,
            17.116666666666667,
            16.916666666666668,
            17.1,
            17.283333333333335,
            17.183333333333334,
            19.033333333333335,
            17.3,
            17.283333333333335,
            17.45,
            17.266666666666666,
            18.416666666666668,
            17.833333333333332,
            17.05,
            18.083333333333332,
            17.433333333333334,
            16.583333333333332,
            17.85,
            17.533333333333335,
            17.816666666666666,
            17.216666666666665,
            17.55,
            17.783333333333335,
            17.6,
            17.85,
            17.5,
            17.733333333333334,
            17.583333333333332,
            17.5,
            16.783333333333335,
            17.433333333333334,
            18.483333333333334,
            17.866666666666667,
            17.533333333333335,
            17.616666666666667,
            16.716666666666665,
            17.6,
            17.483333333333334,
            17.3,
            17.383333333333333,
            18.366666666666667
        ],
        "disagreement": [
            0.0,
            0.0,
            0.0,
            0.0,
            0.0,
            0.0,
            0.0,
            0.0,
            0.0,
            0.0,
            0.0,
            0.0,
            0.0,
            0.0,
            0.0,
            0.0,
            0.0,
            0.0,
            0.0,
            0.0,
            0.0,
            0.0,
            0.0,
            0.0,
            0.0,
            0.0,
            0.0,
            0.0,
            0.0,
            0.0,
            0.0,
            0.0,
            0.0,
            0.0,
            0.0,
            0.0,
            0.0,
            0.0,
            0.0,
            0.0,
            0.0,
            0.0,
            0.0,
            0.0,
            0.0,
            0.0,
            0.0,
            0.0,
            0.0,
            0.0
        ],
        "disagreement_frequency": [],
        "f": 40,
        "finishing_steps": [
            4,
            4,
            4,
            4,
            4,
            4,
            4,
            4,
            4,
            4,
            4,
            4,
            4,
            4,
            4,
            4,
            4,
            4,
            4,
            4,
            4,
            4,
            4,
            4,
            4,
            4,
            4,
            4,
            4,
            4,
            4,
            4,
            4,
            4,
            4,
            4,
            4,
            4,
            4,
            4,
            4,
            4,
            4,
            4,
            4,
            4,
            4,
            4,
            4,
            4
        ],
        "n": 100,
        "p": 100,
        "termination_rate": [
            1.0,
            1.0,
            1.0,
            1.0,
            1.0,
            1.0,
            1.0,
            1.0,
            1.0,
            1.0,
            1.0,
            1.0,
            1.0,
            1.0,
            1.0,
            1.0,
            1.0,
            1.0,
            1.0,
            1.0,
            1.0,
            1.0,
            1.0,
            1.0,
            1.0,
            1.0,
            1.0,
            1.0,
            1.0,
            1.0,
            1.0,
            1.0,
            1.0,
            1.0,
            1.0,
            1.0,
            1.0,
            1.0,
            1.0,
            1.0,
            1.0,
            1.0,
            1.0,
            1.0,
            1.0,
            1.0,
            1.0,
            1.0,
            1.0,
            1.0
        ],
        "total_msgs_sent": [
            20600,
            19200,
            19800,
            19600,
            18600,
            19000,
            20400,
            18600,
            19800,
            20800,
            20400,
            20000,
            19800,
            19200,
            19000,
            22000,
            20800,
            19400,
            19600,
            19200,
            19400,
            18800,
            18600,
            20000,
            18800,
            18200,
            19200,
            18600,
            19200,
            19200,
            19800,
            19000,
            18600,
            19400,
            20600,
            19400,
            19600,
            19600,
            22200,
            18800,
            18600,
            18800,
            19600,
            21600,
            20600,
            18400,
            18800,
            18800,
            20800,
            19400
        ]
    },
    "RunTime": 285.484388912
}
