{
    "Results": {
        "c": 60,
        "delivery_nodes": [
            100.0,
            100.0,
            100.0,
            100.0,
            100.0,
            100.0,
            100.0,
            100.0,
            100.0,
            100.0,
            100.0,
            100.0,
            100.0,
            100.0,
            100.0,
            100.0,
            100.0,
            100.0,
            100.0,
            100.0,
            100.0,
            100.0,
            100.0,
            100.0,
            100.0,
            100.0,
            100.0,
            100.0,
            100.0,
            100.0,
            100.0,
            100.0,
            100.0,
            100.0,
            100.0,
            100.0,
            100.0,
            100.0,
            100.0,
            100.0,
            100.0,
            100.0,
            100.0,
            100.0,
            100.0,
            100.0,
            100.0,
            100.0,
            100.0,
            100.0
        ],
        "delivery_time": [
            17.916666666666668,
            19.016666666666666,
            19.466666666666665,
            18.733333333333334,
            17.816666666666666,
            19.216666666666665,
            18.95,
            17.983333333333334,
            19.0,
            18.366666666666667,
            18.45,
            18.316666666666666,
            18.65,
            18.566666666666666,
            18.166666666666668,
            18.966666666666665,
            18.483333333333334,
            19.133333333333333,
            18.333333333333332,
            18.083333333333332,
            18.216666666666665,
            19.433333333333334,
            20.4,
            18.316666666666666,
            19.366666666666667,
            18.216666666666665,
            19.05,
            18.583333333333332,
            19.516666666666666,
            18.633333333333333,
            19.2,
            20.366666666666667,
            18.783333333333335,
            18.383333333333333,
            18.2,
            19.033333333333335,
            20.716666666666665,
            19.083333333333332,
            19.433333333333334,
            18.55,
            19.85,
            19.333333333333332,
            19.05,
            19.05,
            18.55,
            20.216666666666665,
            19.85,
            20.4,
            19.8,
            18.75
        ],
        "disagreement": [
            0.0,
            0.0,
            0.0,
            0.0,
            0.0,
            0.0,
            0.0,
            0.0,
            0.0,
            0.0,
            0.0,
            0.0,
            0.0,
            0.0,
            0.0,
            0.0,
            0.0,
            0.0,
            0.0,
            0.0,
            0.0,
            0.0,
            0.0,
            0.0,
            0.0,
            0.0,
            0.0,
            0.0,
            0.0,
            0.0,
            0.0,
            0.0,
            0.0,
            0.0,
            0.0,
            0.0,
            0.0,
            0.0,
            0.0,
            0.0,
            0.0,
            0.0,
            0.0,
            0.0,
            0.0,
            0.0,
            0.0,
            0.0,
            0.0,
            0.0
        ],
        "disagreement_frequency": [],
        "f": 40,
        "finishing_steps": [
            4,
            4,
            4,
            4,
            4,
            4,
            4,
            4,
            4,
            4,
            4,
            4,
            4,
            4,
            4,
            4,
            4,
            4,
            4,
            4,
            4,
            4,
            4,
            4,
            4,
            4,
            4,
            4,
            4,
            4,
            4,
            4,
            4,
            4,
            4,
            4,
            4,
            4,
            4,
            4,
            4,
            4,
            4,
            4,
            4,
            4,
            4,
            4,
            4,
            4
        ],
        "n": 100,
        "p": 80,
        "termination_rate": [
            1.0,
            1.0,
            1.0,
            1.0,
            1.0,
            1.0,
            1.0,
            1.0,
            1.0,
            1.0,
            1.0,
            1.0,
            1.0,
            1.0,
            1.0,
            1.0,
            1.0,
            1.0,
            1.0,
            1.0,
            1.0,
            1.0,
            1.0,
            1.0,
            1.0,
            1.0,
            1.0,
            1.0,
            1.0,
            1.0,
            1.0,
            1.0,
            1.0,
            1.0,
            1.0,
            1.0,
            1.0,
            1.0,
            1.0,
            1.0,
            1.0,
            1.0,
            1.0,
            1.0,
            1.0,
            1.0,
            1.0,
            1.0,
            1.0,
            1.0
        ],
        "total_msgs_sent": [
            18000,
            18000,
            18000,
            18000,
            18000,
            18000,
            18000,
            18000,
            18000,
            18000,
            18000,
            18000,
            18000,
            18000,
            18000,
            18000,
            18000,
            18000,
            18000,
            18000,
            18000,
            18000,
            18000,
            18000,
            18000,
            18000,
            18000,
            18000,
            18000,
            18000,
            18000,
            18000,
            18000,
            18000,
            18000,
            18000,
            18000,
            18000,
            18000,
            18000,
            18000,
            18000,
            18000,
            18000,
            18000,
            18000,
            18000,
            18000,
            18000,
            18000
        ]
    },
    "RunTime": 218.358267495
}
