{
    "Results": {
        "c": 67,
        "delivery_nodes": [
            100.0,
            100.0,
            100.0,
            100.0,
            100.0,
            100.0,
            100.0,
            100.0,
            100.0,
            100.0,
            100.0,
            100.0,
            100.0,
            100.0,
            100.0,
            100.0,
            100.0,
            100.0,
            100.0,
            100.0,
            100.0,
            100.0,
            100.0,
            100.0,
            100.0,
            100.0,
            100.0,
            100.0,
            100.0,
            100.0,
            100.0,
            100.0,
            100.0,
            100.0,
            100.0,
            100.0,
            100.0,
            100.0,
            100.0,
            100.0,
            100.0,
            100.0,
            100.0,
            100.0,
            100.0,
            100.0,
            100.0,
            100.0,
            100.0,
            100.0
        ],
        "delivery_time": [
            25.82089552238806,
            25.686567164179106,
            25.104477611940297,
            25.791044776119403,
            25.761194029850746,
            25.567164179104477,
            25.970149253731343,
            25.865671641791046,
            25.895522388059703,
            25.611940298507463,
            25.82089552238806,
            25.044776119402986,
            25.34328358208955,
            25.82089552238806,
            25.567164179104477,
            25.925373134328357,
            25.761194029850746,
            25.776119402985074,
            25.611940298507463,
            25.71641791044776,
            25.567164179104477,
            25.62686567164179,
            25.64179104477612,
            25.65671641791045,
            25.91044776119403,
            25.65671641791045,
            25.761194029850746,
            25.82089552238806,
            25.70149253731343,
            25.761194029850746,
            25.776119402985074,
            25.73134328358209,
            25.62686567164179,
            26.01492537313433,
            25.64179104477612,
            25.80597014925373,
            25.746268656716417,
            25.65671641791045,
            25.865671641791046,
            25.73134328358209,
            25.34328358208955,
            25.55223880597015,
            25.597014925373134,
            25.62686567164179,
            25.850746268656717,
            25.71641791044776,
            25.80597014925373,
            25.746268656716417,
            26.0,
            25.776119402985074
        ],
        "disagreement": [
            0.0,
            0.0,
            0.0,
            0.0,
            0.0,
            0.0,
            0.0,
            0.0,
            0.0,
            0.0,
            0.0,
            0.0,
            0.0,
            0.0,
            0.0,
            0.0,
            0.0,
            0.0,
            0.0,
            0.0,
            0.0,
            0.0,
            0.0,
            0.0,
            0.0,
            0.0,
            0.0,
            0.0,
            0.0,
            0.0,
            0.0,
            0.0,
            0.0,
            0.0,
            0.0,
            0.0,
            0.0,
            0.0,
            0.0,
            0.0,
            0.0,
            0.0,
            0.0,
            0.0,
            0.0,
            0.0,
            0.0,
            0.0,
            0.0,
            0.0
        ],
        "disagreement_frequency": [],
        "f": 33,
        "finishing_steps": [
            2,
            2,
            2,
            2,
            2,
            2,
            2,
            2,
            2,
            2,
            2,
            2,
            2,
            2,
            2,
            2,
            2,
            2,
            2,
            2,
            2,
            2,
            2,
            2,
            2,
            2,
            2,
            2,
            2,
            2,
            2,
            2,
            2,
            2,
            2,
            2,
            2,
            2,
            2,
            2,
            2,
            2,
            2,
            2,
            2,
            2,
            2,
            2,
            2,
            2
        ],
        "n": 100,
        "p": 100,
        "termination_rate": [
            1.0,
            1.0,
            1.0,
            1.0,
            1.0,
            1.0,
            1.0,
            1.0,
            1.0,
            1.0,
            1.0,
            1.0,
            1.0,
            1.0,
            1.0,
            1.0,
            1.0,
            1.0,
            1.0,
            1.0,
            1.0,
            1.0,
            1.0,
            1.0,
            1.0,
            1.0,
            1.0,
            1.0,
            1.0,
            1.0,
            1.0,
            1.0,
            1.0,
            1.0,
            1.0,
            1.0,
            1.0,
            1.0,
            1.0,
            1.0,
            1.0,
            1.0,
            1.0,
            1.0,
            1.0,
            1.0,
            1.0,
            1.0,
            1.0,
            1.0
        ],
        "total_msgs_sent": [
            13400,
            13400,
            13400,
            13400,
            13400,
            13400,
            13400,
            13400,
            13400,
            13400,
            13400,
            13400,
            13400,
            13400,
            13400,
            13400,
            13400,
            13400,
            13400,
            13400,
            13400,
            13400,
            13400,
            13400,
            13400,
            13400,
            13400,
            13400,
            13400,
            13400,
            13400,
            13400,
            13400,
            13400,
            13400,
            13400,
            13400,
            13400,
            13400,
            13400,
            13400,
            13400,
            13400,
            13400,
            13400,
            13400,
            13400,
            13400,
            13400,
            13400
        ]
    },
    "RunTime": 151.580158551
}
