{
    "Results": {
        "c": 75,
        "delivery_nodes": [
            100.0,
            100.0,
            100.0,
            100.0,
            100.0,
            100.0,
            100.0,
            100.0,
            100.0,
            100.0,
            100.0,
            100.0,
            100.0,
            100.0,
            100.0,
            100.0,
            100.0,
            100.0,
            100.0,
            100.0,
            100.0,
            100.0,
            100.0,
            100.0,
            100.0,
            100.0,
            100.0,
            100.0,
            100.0,
            100.0,
            100.0,
            100.0,
            100.0,
            100.0,
            100.0,
            100.0,
            100.0,
            100.0,
            100.0,
            100.0,
            100.0,
            100.0,
            100.0,
            100.0,
            100.0,
            100.0,
            100.0,
            100.0,
            100.0,
            100.0
        ],
        "delivery_time": [
            18.066666666666666,
            18.12,
            17.946666666666665,
            18.52,
            18.666666666666668,
            18.773333333333333,
            18.76,
            17.746666666666666,
            18.4,
            18.506666666666668,
            18.013333333333332,
            18.48,
            17.14666666666667,
            18.293333333333333,
            17.826666666666668,
            17.986666666666668,
            17.96,
            18.986666666666668,
            18.72,
            17.893333333333334,
            18.946666666666665,
            18.906666666666666,
            18.04,
            17.226666666666667,
            17.973333333333333,
            17.893333333333334,
            18.16,
            18.84,
            18.026666666666667,
            18.533333333333335,
            18.066666666666666,
            18.546666666666667,
            17.85333333333333,
            17.373333333333335,
            17.973333333333333,
            18.826666666666668,
            18.533333333333335,
            18.56,
            17.826666666666668,
            18.533333333333335,
            18.14666666666667,
            18.466666666666665,
            17.32,
            18.12,
            18.653333333333332,
            18.626666666666665,
            18.133333333333333,
            17.96,
            17.786666666666665,
            18.053333333333335
        ],
        "disagreement": [
            0.0,
            0.0,
            0.0,
            0.0,
            0.0,
            0.0,
            0.0,
            0.0,
            0.0,
            0.0,
            0.0,
            0.0,
            0.0,
            0.0,
            0.0,
            0.0,
            0.0,
            0.0,
            0.0,
            0.0,
            0.0,
            0.0,
            0.0,
            0.0,
            0.0,
            0.0,
            0.0,
            0.0,
            0.0,
            0.0,
            0.0,
            0.0,
            0.0,
            0.0,
            0.0,
            0.0,
            0.0,
            0.0,
            0.0,
            0.0,
            0.0,
            0.0,
            0.0,
            0.0,
            0.0,
            0.0,
            0.0,
            0.0,
            0.0,
            0.0
        ],
        "disagreement_frequency": [],
        "f": 25,
        "finishing_steps": [
            2,
            2,
            2,
            2,
            2,
            2,
            2,
            2,
            2,
            2,
            2,
            2,
            2,
            2,
            2,
            2,
            2,
            2,
            2,
            2,
            2,
            2,
            2,
            2,
            2,
            2,
            2,
            2,
            2,
            2,
            2,
            2,
            2,
            2,
            2,
            2,
            2,
            2,
            2,
            2,
            2,
            2,
            2,
            2,
            2,
            2,
            2,
            2,
            2,
            2
        ],
        "n": 100,
        "p": 100,
        "termination_rate": [
            1.0,
            1.0,
            1.0,
            1.0,
            1.0,
            1.0,
            1.0,
            1.0,
            1.0,
            1.0,
            1.0,
            1.0,
            1.0,
            1.0,
            1.0,
            1.0,
            1.0,
            1.0,
            1.0,
            1.0,
            1.0,
            1.0,
            1.0,
            1.0,
            1.0,
            1.0,
            1.0,
            1.0,
            1.0,
            1.0,
            1.0,
            1.0,
            1.0,
            1.0,
            1.0,
            1.0,
            1.0,
            1.0,
            1.0,
            1.0,
            1.0,
            1.0,
            1.0,
            1.0,
            1.0,
            1.0,
            1.0,
            1.0,
            1.0,
            1.0
        ],
        "total_msgs_sent": [
            15000,
            15000,
            15000,
            15000,
            15000,
            15000,
            15000,
            15000,
            15000,
            15000,
            15000,
            15000,
            15000,
            15000,
            15000,
            15000,
            15000,
            15000,
            15000,
            15000,
            15000,
            15000,
            15000,
            15000,
            15000,
            15000,
            15000,
            15000,
            15000,
            15000,
            15000,
            15000,
            15000,
            15000,
            15000,
            15000,
            15000,
            15000,
            15000,
            15000,
            15000,
            15000,
            15000,
            15000,
            15000,
            15000,
            15000,
            15000,
            15000,
            15000
        ]
    },
    "RunTime": 141.197993296
}
