{
    "Results": {
        "c": 60,
        "delivery_nodes": [
            100.0,
            100.0,
            100.0,
            100.0,
            100.0,
            100.0,
            100.0,
            100.0,
            100.0,
            100.0,
            100.0,
            100.0,
            100.0,
            100.0,
            100.0,
            100.0,
            100.0,
            100.0,
            100.0,
            100.0,
            100.0,
            100.0,
            100.0,
            100.0,
            100.0,
            100.0,
            100.0,
            100.0,
            100.0,
            100.0,
            100.0,
            100.0,
            100.0,
            100.0,
            100.0,
            100.0,
            100.0,
            100.0,
            100.0,
            100.0,
            100.0,
            100.0,
            100.0,
            100.0,
            100.0,
            100.0,
            100.0,
            100.0,
            100.0,
            100.0
        ],
        "delivery_time": [
            18.766666666666666,
            19.066666666666666,
            18.266666666666666,
            19.333333333333332,
            19.05,
            19.283333333333335,
            19.05,
            19.566666666666666,
            19.15,
            19.283333333333335,
            18.016666666666666,
            18.783333333333335,
            19.083333333333332,
            17.333333333333332,
            18.633333333333333,
            19.483333333333334,
            18.55,
            18.7,
            19.0,
            19.516666666666666,
            18.3,
            19.433333333333334,
            18.266666666666666,
            19.6,
            19.183333333333334,
            19.383333333333333,
            19.333333333333332,
            18.95,
            19.183333333333334,
            19.366666666666667,
            19.116666666666667,
            19.05,
            19.166666666666668,
            19.366666666666667,
            17.933333333333334,
            18.633333333333333,
            19.166666666666668,
            19.216666666666665,
            18.666666666666668,
            18.633333333333333,
            18.733333333333334,
            17.683333333333334,
            19.333333333333332,
            19.333333333333332,
            19.316666666666666,
            19.166666666666668,
            19.066666666666666,
            17.933333333333334,
            19.366666666666667,
            18.766666666666666
        ],
        "disagreement": [
            0.0,
            0.0,
            0.0,
            0.0,
            0.0,
            0.0,
            0.0,
            0.0,
            0.0,
            0.0,
            0.0,
            0.0,
            0.0,
            0.0,
            0.0,
            0.0,
            0.0,
            0.0,
            0.0,
            0.0,
            0.0,
            0.0,
            0.0,
            0.0,
            0.0,
            0.0,
            0.0,
            0.0,
            0.0,
            0.0,
            0.0,
            0.0,
            0.0,
            0.0,
            0.0,
            0.0,
            0.0,
            0.0,
            0.0,
            0.0,
            0.0,
            0.0,
            0.0,
            0.0,
            0.0,
            0.0,
            0.0,
            0.0,
            0.0,
            0.0
        ],
        "disagreement_frequency": [],
        "f": 40,
        "finishing_steps": [
            2,
            2,
            2,
            2,
            2,
            2,
            2,
            2,
            2,
            2,
            2,
            2,
            2,
            2,
            2,
            2,
            2,
            2,
            2,
            2,
            2,
            2,
            2,
            2,
            2,
            2,
            2,
            2,
            2,
            2,
            2,
            2,
            2,
            2,
            2,
            2,
            2,
            2,
            2,
            2,
            2,
            2,
            2,
            2,
            2,
            2,
            2,
            2,
            2,
            2
        ],
        "n": 100,
        "p": 100,
        "termination_rate": [
            1.0,
            1.0,
            1.0,
            1.0,
            1.0,
            1.0,
            1.0,
            1.0,
            1.0,
            1.0,
            1.0,
            1.0,
            1.0,
            1.0,
            1.0,
            1.0,
            1.0,
            1.0,
            1.0,
            1.0,
            1.0,
            1.0,
            1.0,
            1.0,
            1.0,
            1.0,
            1.0,
            1.0,
            1.0,
            1.0,
            1.0,
            1.0,
            1.0,
            1.0,
            1.0,
            1.0,
            1.0,
            1.0,
            1.0,
            1.0,
            1.0,
            1.0,
            1.0,
            1.0,
            1.0,
            1.0,
            1.0,
            1.0,
            1.0,
            1.0
        ],
        "total_msgs_sent": [
            29900,
            29600,
            28300,
            29600,
            29400,
            29600,
            29100,
            29700,
            29600,
            29700,
            28200,
            29600,
            29400,
            26500,
            29300,
            29900,
            28600,
            29100,
            29500,
            28900,
            28800,
            28500,
            28700,
            29400,
            29100,
            29700,
            29800,
            29400,
            29300,
            29500,
            29600,
            29400,
            30000,
            29600,
            28800,
            29300,
            29900,
            29400,
            29100,
            29400,
            28700,
            28500,
            29500,
            29900,
            29600,
            29500,
            29500,
            28200,
            29000,
            28300
        ]
    },
    "RunTime": 268.885859266
}
