{
    "Results": {
        "c": 75,
        "delivery_nodes": [
            100.0,
            100.0,
            100.0,
            100.0,
            100.0,
            100.0,
            100.0,
            100.0,
            100.0,
            100.0,
            100.0,
            100.0,
            100.0,
            100.0,
            100.0,
            100.0,
            100.0,
            100.0,
            100.0,
            100.0,
            100.0,
            100.0,
            100.0,
            100.0,
            100.0,
            100.0,
            100.0,
            100.0,
            100.0,
            100.0,
            100.0,
            100.0,
            100.0,
            100.0,
            100.0,
            100.0,
            100.0,
            100.0,
            100.0,
            100.0,
            100.0,
            100.0,
            100.0,
            100.0,
            100.0,
            100.0,
            100.0,
            100.0,
            100.0,
            100.0
        ],
        "delivery_time": [
            38.733333333333334,
            39.06666666666667,
            40.0,
            39.89333333333333,
            39.0,
            39.6,
            37.733333333333334,
            39.2,
            39.626666666666665,
            38.82666666666667,
            39.08,
            39.81333333333333,
            38.973333333333336,
            38.666666666666664,
            38.93333333333333,
            38.413333333333334,
            37.68,
            39.8,
            39.986666666666665,
            39.42666666666667,
            38.0,
            39.0,
            38.82666666666667,
            40.0,
            39.78666666666667,
            38.973333333333336,
            39.6,
            38.96,
            39.013333333333335,
            39.28,
            39.92,
            39.0,
            39.946666666666665,
            39.56,
            39.96,
            40.0,
            39.92,
            38.8,
            38.82666666666667,
            38.54666666666667,
            37.0,
            40.0,
            39.653333333333336,
            37.986666666666665,
            38.96,
            39.0,
            39.906666666666666,
            38.0,
            39.413333333333334,
            40.0
        ],
        "disagreement": [
            0.0,
            0.0,
            0.0,
            0.0,
            0.0,
            0.0,
            0.0,
            0.0,
            0.0,
            0.0,
            0.0,
            0.0,
            0.0,
            0.0,
            0.0,
            0.0,
            0.0,
            0.0,
            0.0,
            0.0,
            0.0,
            0.0,
            0.0,
            0.0,
            0.0,
            0.0,
            0.0,
            0.0,
            0.0,
            0.0,
            0.0,
            0.0,
            0.0,
            0.0,
            0.0,
            0.0,
            0.0,
            0.0,
            0.0,
            0.0,
            0.0,
            0.0,
            0.0,
            0.0,
            0.0,
            0.0,
            0.0,
            0.0,
            0.0,
            0.0
        ],
        "disagreement_frequency": [],
        "f": 25,
        "finishing_steps": [
            4,
            4,
            4,
            4,
            4,
            4,
            4,
            4,
            4,
            4,
            4,
            4,
            4,
            4,
            4,
            4,
            4,
            4,
            4,
            4,
            4,
            4,
            4,
            4,
            4,
            4,
            4,
            4,
            4,
            4,
            4,
            4,
            4,
            4,
            4,
            4,
            4,
            4,
            4,
            4,
            4,
            4,
            4,
            4,
            4,
            4,
            4,
            4,
            4,
            4
        ],
        "n": 100,
        "p": 70,
        "termination_rate": [
            1.0,
            1.0,
            1.0,
            1.0,
            1.0,
            1.0,
            1.0,
            1.0,
            1.0,
            1.0,
            1.0,
            1.0,
            1.0,
            1.0,
            1.0,
            1.0,
            1.0,
            1.0,
            1.0,
            1.0,
            1.0,
            1.0,
            1.0,
            1.0,
            1.0,
            1.0,
            1.0,
            1.0,
            1.0,
            1.0,
            1.0,
            1.0,
            1.0,
            1.0,
            1.0,
            1.0,
            1.0,
            1.0,
            1.0,
            1.0,
            1.0,
            1.0,
            1.0,
            1.0,
            1.0,
            1.0,
            1.0,
            1.0,
            1.0,
            1.0
        ],
        "total_msgs_sent": [
            22500,
            22500,
            22500,
            22500,
            22500,
            22500,
            22500,
            22500,
            22500,
            22500,
            22500,
            22500,
            22500,
            22500,
            22500,
            22500,
            22500,
            22500,
            22500,
            22500,
            22500,
            22500,
            22500,
            22500,
            22500,
            22500,
            22500,
            22500,
            22500,
            22500,
            22500,
            22500,
            22500,
            22500,
            22500,
            22500,
            22500,
            22500,
            22500,
            22500,
            22500,
            22500,
            22500,
            22500,
            22500,
            22500,
            22500,
            22500,
            22500,
            22500
        ]
    },
    "RunTime": 230.403822254
}
