{
    "Results": {
        "c": 67,
        "delivery_nodes": [
            100.0,
            100.0,
            100.0,
            100.0,
            100.0,
            100.0,
            100.0,
            100.0,
            100.0,
            100.0,
            100.0,
            100.0,
            100.0,
            100.0,
            100.0,
            100.0,
            100.0,
            100.0,
            100.0,
            100.0,
            100.0,
            100.0,
            100.0,
            100.0,
            100.0,
            100.0,
            100.0,
            100.0,
            100.0,
            100.0,
            100.0,
            100.0,
            100.0,
            100.0,
            100.0,
            100.0,
            100.0,
            100.0,
            100.0,
            100.0,
            100.0,
            100.0,
            100.0,
            100.0,
            100.0,
            100.0,
            100.0,
            100.0,
            100.0,
            100.0
        ],
        "delivery_time": [
            19.46268656716418,
            19.746268656716417,
            19.746268656716417,
            19.074626865671643,
            19.44776119402985,
            19.432835820895523,
            19.83582089552239,
            19.65671641791045,
            19.80597014925373,
            19.761194029850746,
            19.01492537313433,
            18.776119402985074,
            19.62686567164179,
            19.83582089552239,
            19.70149253731343,
            19.671641791044777,
            19.313432835820894,
            19.940298507462686,
            19.582089552238806,
            19.746268656716417,
            18.970149253731343,
            19.611940298507463,
            19.776119402985074,
            19.223880597014926,
            18.671641791044777,
            19.46268656716418,
            19.73134328358209,
            19.074626865671643,
            19.388059701492537,
            19.746268656716417,
            19.70149253731343,
            19.46268656716418,
            19.80597014925373,
            19.53731343283582,
            19.28358208955224,
            19.73134328358209,
            19.47761194029851,
            18.82089552238806,
            19.70149253731343,
            19.582089552238806,
            19.582089552238806,
            19.955223880597014,
            19.776119402985074,
            19.671641791044777,
            19.880597014925375,
            19.73134328358209,
            19.19402985074627,
            19.82089552238806,
            19.328358208955223,
            19.492537313432837
        ],
        "disagreement": [
            0.0,
            0.0,
            0.0,
            0.0,
            0.0,
            0.0,
            0.0,
            0.0,
            0.0,
            0.0,
            0.0,
            0.0,
            0.0,
            0.0,
            0.0,
            0.0,
            0.0,
            0.0,
            0.0,
            0.0,
            0.0,
            0.0,
            0.0,
            0.0,
            0.0,
            0.0,
            0.0,
            0.0,
            0.0,
            0.0,
            0.0,
            0.0,
            0.0,
            0.0,
            0.0,
            0.0,
            0.0,
            0.0,
            0.0,
            0.0,
            0.0,
            0.0,
            0.0,
            0.0,
            0.0,
            0.0,
            0.0,
            0.0,
            0.0,
            0.0
        ],
        "disagreement_frequency": [],
        "f": 33,
        "finishing_steps": [
            2,
            2,
            2,
            2,
            2,
            2,
            2,
            2,
            2,
            2,
            2,
            2,
            2,
            2,
            2,
            2,
            2,
            2,
            2,
            2,
            2,
            2,
            2,
            2,
            2,
            2,
            2,
            2,
            2,
            2,
            2,
            2,
            2,
            2,
            2,
            2,
            2,
            2,
            2,
            2,
            2,
            2,
            2,
            2,
            2,
            2,
            2,
            2,
            2,
            2
        ],
        "n": 100,
        "p": 100,
        "termination_rate": [
            1.0,
            1.0,
            1.0,
            1.0,
            1.0,
            1.0,
            1.0,
            1.0,
            1.0,
            1.0,
            1.0,
            1.0,
            1.0,
            1.0,
            1.0,
            1.0,
            1.0,
            1.0,
            1.0,
            1.0,
            1.0,
            1.0,
            1.0,
            1.0,
            1.0,
            1.0,
            1.0,
            1.0,
            1.0,
            1.0,
            1.0,
            1.0,
            1.0,
            1.0,
            1.0,
            1.0,
            1.0,
            1.0,
            1.0,
            1.0,
            1.0,
            1.0,
            1.0,
            1.0,
            1.0,
            1.0,
            1.0,
            1.0,
            1.0,
            1.0
        ],
        "total_msgs_sent": [
            27600,
            27100,
            28400,
            29500,
            28400,
            27200,
            27600,
            28700,
            28100,
            26900,
            28900,
            28200,
            28800,
            26800,
            27200,
            26900,
            28700,
            27200,
            28600,
            26800,
            30600,
            27800,
            27000,
            26900,
            28700,
            26900,
            27700,
            28500,
            29900,
            26800,
            27700,
            28300,
            27500,
            30400,
            29400,
            27100,
            29500,
            27800,
            28100,
            29600,
            27200,
            26800,
            26800,
            26800,
            26800,
            26800,
            27600,
            28300,
            27400,
            26900
        ]
    },
    "RunTime": 250.759505384
}
