{
    "Results": {
        "c": 75,
        "delivery_nodes": [
            100.0,
            100.0,
            100.0,
            100.0,
            100.0,
            100.0,
            100.0,
            100.0,
            100.0,
            100.0,
            100.0,
            100.0,
            100.0,
            100.0,
            100.0,
            100.0,
            100.0,
            100.0,
            100.0,
            100.0,
            100.0,
            100.0,
            100.0,
            100.0,
            100.0,
            100.0,
            100.0,
            100.0,
            100.0,
            100.0,
            100.0,
            100.0,
            100.0,
            100.0,
            100.0,
            100.0,
            100.0,
            100.0,
            100.0,
            100.0,
            100.0,
            100.0,
            100.0,
            100.0,
            100.0,
            100.0,
            100.0,
            100.0,
            100.0,
            100.0
        ],
        "delivery_time": [
            14.093333333333334,
            13.12,
            13.04,
            14.066666666666666,
            14.133333333333333,
            14.333333333333334,
            13.56,
            14.333333333333334,
            13.773333333333333,
            13.6,
            13.64,
            14.186666666666667,
            13.813333333333333,
            13.88,
            13.426666666666666,
            13.746666666666666,
            13.28,
            14.92,
            13.906666666666666,
            13.453333333333333,
            14.24,
            13.56,
            13.68,
            13.813333333333333,
            13.373333333333333,
            13.933333333333334,
            13.853333333333333,
            13.826666666666666,
            13.866666666666667,
            14.026666666666667,
            14.146666666666667,
            14.32,
            14.04,
            13.6,
            13.626666666666667,
            13.84,
            14.013333333333334,
            13.706666666666667,
            14.24,
            14.213333333333333,
            13.653333333333334,
            13.893333333333333,
            13.773333333333333,
            13.8,
            14.12,
            13.653333333333334,
            14.213333333333333,
            13.44,
            13.373333333333333,
            14.533333333333333
        ],
        "disagreement": [
            0.0,
            0.0,
            0.0,
            0.0,
            0.0,
            0.0,
            0.0,
            0.0,
            0.0,
            0.0,
            0.0,
            0.0,
            0.0,
            0.0,
            0.0,
            0.0,
            0.0,
            0.0,
            0.0,
            0.0,
            0.0,
            0.0,
            0.0,
            0.0,
            0.0,
            0.0,
            0.0,
            0.0,
            0.0,
            0.0,
            0.0,
            0.0,
            0.0,
            0.0,
            0.0,
            0.0,
            0.0,
            0.0,
            0.0,
            0.0,
            0.0,
            0.0,
            0.0,
            0.0,
            0.0,
            0.0,
            0.0,
            0.0,
            0.0,
            0.0
        ],
        "disagreement_frequency": [],
        "f": 25,
        "finishing_steps": [
            2,
            2,
            2,
            2,
            2,
            2,
            2,
            2,
            2,
            2,
            2,
            2,
            2,
            2,
            2,
            2,
            2,
            2,
            2,
            2,
            2,
            2,
            2,
            2,
            2,
            2,
            2,
            2,
            2,
            2,
            2,
            2,
            2,
            2,
            2,
            2,
            2,
            2,
            2,
            2,
            2,
            2,
            2,
            2,
            2,
            2,
            2,
            2,
            2,
            2
        ],
        "n": 100,
        "p": 90,
        "termination_rate": [
            1.0,
            1.0,
            1.0,
            1.0,
            1.0,
            1.0,
            1.0,
            1.0,
            1.0,
            1.0,
            1.0,
            1.0,
            1.0,
            1.0,
            1.0,
            1.0,
            1.0,
            1.0,
            1.0,
            1.0,
            1.0,
            1.0,
            1.0,
            1.0,
            1.0,
            1.0,
            1.0,
            1.0,
            1.0,
            1.0,
            1.0,
            1.0,
            1.0,
            1.0,
            1.0,
            1.0,
            1.0,
            1.0,
            1.0,
            1.0,
            1.0,
            1.0,
            1.0,
            1.0,
            1.0,
            1.0,
            1.0,
            1.0,
            1.0,
            1.0
        ],
        "total_msgs_sent": [
            30000,
            30000,
            30000,
            30000,
            30000,
            30000,
            30000,
            30000,
            30000,
            30000,
            30000,
            30000,
            30000,
            30000,
            30000,
            30000,
            30000,
            30000,
            30000,
            30000,
            30000,
            30000,
            30000,
            30000,
            30000,
            30000,
            30000,
            30000,
            30000,
            30000,
            30000,
            30000,
            30000,
            30000,
            30000,
            30000,
            30000,
            30000,
            30000,
            30000,
            30000,
            30000,
            30000,
            30000,
            30000,
            30000,
            30000,
            30000,
            30000,
            30000
        ]
    },
    "RunTime": 245.114554736
}
