{
    "Results": {
        "c": 60,
        "delivery_nodes": [
            100.0,
            100.0,
            100.0,
            100.0,
            100.0,
            100.0,
            100.0,
            100.0,
            100.0,
            100.0,
            100.0,
            100.0,
            100.0,
            100.0,
            100.0,
            100.0,
            100.0,
            100.0,
            100.0,
            100.0,
            100.0,
            100.0,
            100.0,
            100.0,
            100.0,
            100.0,
            100.0,
            100.0,
            100.0,
            100.0,
            100.0,
            100.0,
            100.0,
            100.0,
            100.0,
            100.0,
            100.0,
            100.0,
            100.0,
            100.0,
            100.0,
            100.0,
            100.0,
            100.0,
            100.0,
            100.0,
            100.0,
            100.0,
            100.0,
            100.0
        ],
        "delivery_time": [
            12.416666666666666,
            12.516666666666667,
            12.75,
            12.55,
            13.25,
            12.633333333333333,
            12.383333333333333,
            12.566666666666666,
            12.45,
            12.433333333333334,
            13.033333333333333,
            12.416666666666666,
            12.683333333333334,
            12.633333333333333,
            12.983333333333333,
            12.683333333333334,
            11.916666666666666,
            12.366666666666667,
            12.583333333333334,
            12.616666666666667,
            12.183333333333334,
            13.066666666666666,
            13.166666666666666,
            12.933333333333334,
            12.233333333333333,
            13.55,
            12.616666666666667,
            12.016666666666667,
            13.216666666666667,
            12.566666666666666,
            12.6,
            12.2,
            12.516666666666667,
            12.966666666666667,
            12.1,
            13.4,
            12.55,
            12.066666666666666,
            12.866666666666667,
            13.55,
            12.6,
            13.066666666666666,
            12.583333333333334,
            12.416666666666666,
            12.983333333333333,
            12.733333333333333,
            12.15,
            12.466666666666667,
            13.466666666666667,
            12.766666666666667
        ],
        "disagreement": [
            0.0,
            0.0,
            0.0,
            0.0,
            0.0,
            0.0,
            0.0,
            0.0,
            0.0,
            0.0,
            0.0,
            0.0,
            0.0,
            0.0,
            0.0,
            0.0,
            0.0,
            0.0,
            0.0,
            0.0,
            0.0,
            0.0,
            0.0,
            0.0,
            0.0,
            0.0,
            0.0,
            0.0,
            0.0,
            0.0,
            0.0,
            0.0,
            0.0,
            0.0,
            0.0,
            0.0,
            0.0,
            0.0,
            0.0,
            0.0,
            0.0,
            0.0,
            0.0,
            0.0,
            0.0,
            0.0,
            0.0,
            0.0,
            0.0,
            0.0
        ],
        "disagreement_frequency": [],
        "f": 40,
        "finishing_steps": [
            2,
            2,
            2,
            2,
            2,
            2,
            2,
            2,
            2,
            2,
            2,
            2,
            2,
            2,
            2,
            2,
            2,
            2,
            2,
            2,
            2,
            2,
            2,
            2,
            2,
            2,
            2,
            2,
            2,
            2,
            2,
            2,
            2,
            2,
            2,
            2,
            2,
            2,
            2,
            2,
            2,
            2,
            2,
            2,
            2,
            2,
            2,
            2,
            2,
            2
        ],
        "n": 100,
        "p": 80,
        "termination_rate": [
            1.0,
            1.0,
            1.0,
            1.0,
            1.0,
            1.0,
            1.0,
            1.0,
            1.0,
            1.0,
            1.0,
            1.0,
            1.0,
            1.0,
            1.0,
            1.0,
            1.0,
            1.0,
            1.0,
            1.0,
            1.0,
            1.0,
            1.0,
            1.0,
            1.0,
            1.0,
            1.0,
            1.0,
            1.0,
            1.0,
            1.0,
            1.0,
            1.0,
            1.0,
            1.0,
            1.0,
            1.0,
            1.0,
            1.0,
            1.0,
            1.0,
            1.0,
            1.0,
            1.0,
            1.0,
            1.0,
            1.0,
            1.0,
            1.0,
            1.0
        ],
        "total_msgs_sent": [
            24000,
            24000,
            24000,
            24000,
            24000,
            24000,
            24000,
            24000,
            24000,
            24000,
            24000,
            24000,
            24000,
            24000,
            24000,
            24000,
            24000,
            24000,
            24000,
            24000,
            24000,
            24000,
            24000,
            24000,
            24000,
            24000,
            24000,
            24000,
            24000,
            24000,
            24000,
            24000,
            24000,
            24000,
            24000,
            24000,
            24000,
            24000,
            24000,
            24000,
            24000,
            24000,
            24000,
            24000,
            24000,
            24000,
            24000,
            24000,
            24000,
            24000
        ]
    },
    "RunTime": 214.573716052
}
