{
    "Results": {
        "c": 67,
        "delivery_nodes": [
            100.0,
            100.0,
            100.0,
            100.0,
            100.0,
            100.0,
            100.0,
            100.0,
            100.0,
            100.0,
            100.0,
            100.0,
            100.0,
            100.0,
            100.0,
            100.0,
            100.0,
            100.0,
            100.0,
            100.0,
            100.0,
            100.0,
            100.0,
            100.0,
            100.0,
            100.0,
            100.0,
            100.0,
            100.0,
            100.0,
            100.0,
            100.0,
            100.0,
            100.0,
            100.0,
            100.0,
            100.0,
            100.0,
            100.0,
            100.0,
            100.0,
            100.0,
            100.0,
            100.0,
            100.0,
            100.0,
            100.0,
            100.0,
            100.0,
            100.0
        ],
        "delivery_time": [
            12.597014925373134,
            12.582089552238806,
            12.626865671641792,
            13.35820895522388,
            12.567164179104477,
            12.567164179104477,
            12.507462686567164,
            13.044776119402986,
            13.029850746268657,
            12.417910447761194,
            13.671641791044776,
            12.537313432835822,
            12.238805970149254,
            12.029850746268657,
            12.925373134328359,
            12.522388059701493,
            13.134328358208956,
            12.298507462686567,
            12.880597014925373,
            12.656716417910447,
            12.432835820895523,
            12.567164179104477,
            12.64179104477612,
            12.253731343283581,
            12.283582089552239,
            12.686567164179104,
            12.298507462686567,
            12.925373134328359,
            12.343283582089553,
            12.388059701492537,
            12.26865671641791,
            13.253731343283581,
            12.567164179104477,
            12.970149253731343,
            13.35820895522388,
            12.73134328358209,
            13.298507462686567,
            12.82089552238806,
            12.805970149253731,
            12.940298507462687,
            12.298507462686567,
            12.298507462686567,
            13.238805970149254,
            12.805970149253731,
            12.283582089552239,
            12.313432835820896,
            12.985074626865671,
            12.26865671641791,
            12.462686567164178,
            12.895522388059701
        ],
        "disagreement": [
            0.0,
            0.0,
            0.0,
            0.0,
            0.0,
            0.0,
            0.0,
            0.0,
            0.0,
            0.0,
            0.0,
            0.0,
            0.0,
            0.0,
            0.0,
            0.0,
            0.0,
            0.0,
            0.0,
            0.0,
            0.0,
            0.0,
            0.0,
            0.0,
            0.0,
            0.0,
            0.0,
            0.0,
            0.0,
            0.0,
            0.0,
            0.0,
            0.0,
            0.0,
            0.0,
            0.0,
            0.0,
            0.0,
            0.0,
            0.0,
            0.0,
            0.0,
            0.0,
            0.0,
            0.0,
            0.0,
            0.0,
            0.0,
            0.0,
            0.0
        ],
        "disagreement_frequency": [],
        "f": 33,
        "finishing_steps": [
            2,
            2,
            2,
            2,
            2,
            2,
            2,
            2,
            2,
            2,
            2,
            2,
            2,
            2,
            2,
            2,
            2,
            2,
            2,
            2,
            2,
            2,
            2,
            2,
            2,
            2,
            2,
            2,
            2,
            2,
            2,
            2,
            2,
            2,
            2,
            2,
            2,
            2,
            2,
            2,
            2,
            2,
            2,
            2,
            2,
            2,
            2,
            2,
            2,
            2
        ],
        "n": 100,
        "p": 90,
        "termination_rate": [
            1.0,
            1.0,
            1.0,
            1.0,
            1.0,
            1.0,
            1.0,
            1.0,
            1.0,
            1.0,
            1.0,
            1.0,
            1.0,
            1.0,
            1.0,
            1.0,
            1.0,
            1.0,
            1.0,
            1.0,
            1.0,
            1.0,
            1.0,
            1.0,
            1.0,
            1.0,
            1.0,
            1.0,
            1.0,
            1.0,
            1.0,
            1.0,
            1.0,
            1.0,
            1.0,
            1.0,
            1.0,
            1.0,
            1.0,
            1.0,
            1.0,
            1.0,
            1.0,
            1.0,
            1.0,
            1.0,
            1.0,
            1.0,
            1.0,
            1.0
        ],
        "total_msgs_sent": [
            26800,
            26800,
            26800,
            26800,
            26800,
            26800,
            26800,
            26800,
            26800,
            26800,
            26800,
            26800,
            26800,
            26800,
            26800,
            26800,
            26800,
            26800,
            26800,
            26800,
            26800,
            26800,
            26800,
            26800,
            26800,
            26800,
            26800,
            26800,
            26800,
            26800,
            26800,
            26800,
            26800,
            26800,
            26800,
            26800,
            26800,
            26800,
            26800,
            26800,
            26800,
            26800,
            26800,
            26800,
            26800,
            26800,
            26800,
            26800,
            26800,
            26800
        ]
    },
    "RunTime": 233.078542082
}
