{
    "Results": {
        "c": 81,
        "delivery_nodes": [
            100.0,
            100.0,
            100.0,
            100.0,
            100.0,
            100.0,
            100.0,
            100.0,
            100.0,
            100.0,
            100.0,
            100.0,
            100.0,
            100.0,
            100.0,
            100.0,
            100.0,
            100.0,
            100.0,
            100.0,
            100.0,
            100.0,
            100.0,
            100.0,
            100.0,
            100.0,
            100.0,
            100.0,
            100.0,
            100.0,
            100.0,
            100.0,
            100.0,
            100.0,
            100.0,
            100.0,
            100.0,
            100.0,
            100.0,
            100.0,
            100.0,
            100.0,
            100.0,
            100.0,
            100.0,
            100.0,
            100.0,
            100.0,
            100.0,
            100.0
        ],
        "delivery_time": [
            36.0,
            36.864197530864196,
            36.98765432098765,
            36.74074074074074,
            37.0,
            36.98765432098765,
            37.0,
            35.98765432098765,
            36.91358024691358,
            36.839506172839506,
            35.98765432098765,
            36.34567901234568,
            35.24691358024691,
            36.0,
            37.0,
            36.0,
            36.02469135802469,
            36.888888888888886,
            37.0,
            36.04938271604938,
            36.925925925925924,
            36.46913580246913,
            37.06172839506173,
            36.01234567901235,
            36.98765432098765,
            36.55555555555556,
            36.407407407407405,
            36.28395061728395,
            37.0,
            36.0,
            36.0,
            35.96296296296296,
            37.888888888888886,
            36.96296296296296,
            36.0,
            36.0,
            36.98765432098765,
            37.98765432098765,
            36.72839506172839,
            36.77777777777778,
            36.0,
            37.0,
            37.24691358024691,
            36.01234567901235,
            36.888888888888886,
            36.74074074074074,
            35.0,
            36.24691358024691,
            37.592592592592595,
            36.04938271604938
        ],
        "disagreement": [
            0.0,
            0.0,
            0.0,
            0.0,
            0.0,
            0.0,
            0.0,
            0.0,
            0.0,
            0.0,
            0.0,
            0.0,
            0.0,
            0.0,
            0.0,
            0.0,
            0.0,
            0.0,
            0.0,
            0.0,
            0.0,
            0.0,
            0.0,
            0.0,
            0.0,
            0.0,
            0.0,
            0.0,
            0.0,
            0.0,
            0.0,
            0.0,
            0.0,
            0.0,
            0.0,
            0.0,
            0.0,
            0.0,
            0.0,
            0.0,
            0.0,
            0.0,
            0.0,
            0.0,
            0.0,
            0.0,
            0.0,
            0.0,
            0.0,
            0.0
        ],
        "disagreement_frequency": [],
        "f": 19,
        "finishing_steps": [
            4,
            4,
            4,
            4,
            4,
            4,
            4,
            4,
            4,
            4,
            4,
            4,
            4,
            4,
            4,
            4,
            4,
            4,
            4,
            4,
            4,
            4,
            4,
            4,
            4,
            4,
            4,
            4,
            4,
            4,
            4,
            4,
            4,
            4,
            4,
            4,
            4,
            4,
            4,
            4,
            4,
            4,
            4,
            4,
            4,
            4,
            4,
            4,
            4,
            4
        ],
        "n": 100,
        "p": 70,
        "termination_rate": [
            1.0,
            1.0,
            1.0,
            1.0,
            1.0,
            1.0,
            1.0,
            1.0,
            1.0,
            1.0,
            1.0,
            1.0,
            1.0,
            1.0,
            1.0,
            1.0,
            1.0,
            1.0,
            1.0,
            1.0,
            1.0,
            1.0,
            1.0,
            1.0,
            1.0,
            1.0,
            1.0,
            1.0,
            1.0,
            1.0,
            1.0,
            1.0,
            1.0,
            1.0,
            1.0,
            1.0,
            1.0,
            1.0,
            1.0,
            1.0,
            1.0,
            1.0,
            1.0,
            1.0,
            1.0,
            1.0,
            1.0,
            1.0,
            1.0,
            1.0
        ],
        "total_msgs_sent": [
            24300,
            24300,
            24300,
            24300,
            24300,
            24300,
            24300,
            24300,
            24300,
            24300,
            24300,
            24300,
            24300,
            24300,
            24300,
            24300,
            24300,
            24300,
            24300,
            24300,
            24300,
            24300,
            24300,
            24300,
            24300,
            24300,
            24300,
            24300,
            24300,
            24300,
            24300,
            24300,
            24300,
            24300,
            24300,
            24300,
            24300,
            24300,
            24300,
            24300,
            24300,
            24300,
            24300,
            24300,
            24300,
            24300,
            24300,
            24300,
            24300,
            24300
        ]
    },
    "RunTime": 183.729823659
}
