{
    "Results": {
        "c": 60,
        "delivery_nodes": [
            100.0,
            100.0,
            100.0,
            100.0,
            100.0,
            100.0,
            100.0,
            100.0,
            100.0,
            100.0,
            100.0,
            100.0,
            100.0,
            100.0,
            100.0,
            100.0,
            100.0,
            100.0,
            100.0,
            100.0,
            100.0,
            100.0,
            100.0,
            100.0,
            100.0,
            100.0,
            100.0,
            100.0,
            100.0,
            100.0,
            100.0,
            100.0,
            100.0,
            100.0,
            100.0,
            100.0,
            100.0,
            100.0,
            100.0,
            100.0,
            100.0,
            100.0,
            100.0,
            100.0,
            100.0,
            100.0,
            100.0,
            100.0,
            100.0,
            100.0
        ],
        "delivery_time": [
            11.533333333333333,
            10.616666666666667,
            11.833333333333334,
            11.466666666666667,
            11.883333333333333,
            11.683333333333334,
            11.95,
            11.65,
            11.133333333333333,
            11.75,
            11.933333333333334,
            12.1,
            11.316666666666666,
            11.116666666666667,
            11.9,
            11.016666666666667,
            12.183333333333334,
            11.3,
            11.733333333333333,
            12.033333333333333,
            12.083333333333334,
            11.35,
            12.016666666666667,
            11.5,
            11.833333333333334,
            11.533333333333333,
            11.2,
            11.083333333333334,
            12.016666666666667,
            12.35,
            11.383333333333333,
            11.233333333333333,
            11.9,
            11.15,
            11.866666666666667,
            11.416666666666666,
            11.633333333333333,
            12.266666666666667,
            11.466666666666667,
            12.016666666666667,
            12.016666666666667,
            11.5,
            11.483333333333333,
            11.183333333333334,
            11.616666666666667,
            11.25,
            11.466666666666667,
            11.0,
            11.483333333333333,
            11.416666666666666
        ],
        "disagreement": [
            13.333333333333334,
            20.0,
            25.0,
            15.0,
            10.0,
            33.333333333333336,
            26.666666666666668,
            15.0,
            13.333333333333334,
            5.0,
            15.0,
            30.0,
            36.666666666666664,
            8.333333333333334,
            10.0,
            0.0,
            28.333333333333332,
            20.0,
            21.666666666666668,
            26.666666666666668,
            6.666666666666667,
            1.6666666666666667,
            36.666666666666664,
            28.333333333333332,
            30.0,
            48.333333333333336,
            10.0,
            0.0,
            10.0,
            5.0,
            38.333333333333336,
            13.333333333333334,
            5.0,
            16.666666666666668,
            6.666666666666667,
            20.0,
            35.0,
            43.333333333333336,
            16.666666666666668,
            1.6666666666666667,
            8.333333333333334,
            8.333333333333334,
            5.0,
            11.666666666666666,
            20.0,
            8.333333333333334,
            16.666666666666668,
            5.0,
            23.333333333333332,
            3.3333333333333335
        ],
        "disagreement_frequency": [],
        "f": 40,
        "finishing_steps": [
            3,
            3,
            3,
            3,
            3,
            3,
            3,
            3,
            3,
            3,
            3,
            3,
            3,
            3,
            3,
            3,
            3,
            3,
            3,
            3,
            3,
            3,
            3,
            3,
            3,
            3,
            3,
            3,
            3,
            3,
            3,
            3,
            3,
            3,
            3,
            3,
            3,
            3,
            3,
            3,
            3,
            3,
            3,
            3,
            3,
            3,
            3,
            3,
            3,
            3
        ],
        "n": 100,
        "p": 60,
        "termination_rate": [
            1.0,
            1.0,
            1.0,
            1.0,
            1.0,
            1.0,
            1.0,
            1.0,
            1.0,
            1.0,
            1.0,
            1.0,
            1.0,
            1.0,
            1.0,
            1.0,
            1.0,
            1.0,
            1.0,
            1.0,
            1.0,
            1.0,
            1.0,
            1.0,
            1.0,
            1.0,
            1.0,
            1.0,
            1.0,
            1.0,
            1.0,
            1.0,
            1.0,
            1.0,
            1.0,
            1.0,
            1.0,
            1.0,
            1.0,
            1.0,
            1.0,
            1.0,
            1.0,
            1.0,
            1.0,
            1.0,
            1.0,
            1.0,
            1.0,
            1.0
        ],
        "total_msgs_sent": [
            12000,
            12000,
            12000,
            12000,
            12000,
            12000,
            12000,
            12000,
            12000,
            12000,
            12000,
            12000,
            12000,
            12000,
            12000,
            12000,
            12000,
            12000,
            12000,
            12000,
            12000,
            12000,
            12000,
            12000,
            12000,
            12000,
            12000,
            12000,
            12000,
            12000,
            12000,
            12000,
            12000,
            12000,
            12000,
            12000,
            12000,
            12000,
            12000,
            12000,
            12000,
            12000,
            12000,
            12000,
            12000,
            12000,
            12000,
            12000,
            12000,
            12000
        ]
    },
    "RunTime": 128.04015619
}
