{
    "Results": {
        "c": 75,
        "delivery_nodes": [
            100.0,
            100.0,
            100.0,
            100.0,
            100.0,
            100.0,
            100.0,
            100.0,
            100.0,
            100.0,
            100.0,
            100.0,
            100.0,
            100.0,
            100.0,
            100.0,
            100.0,
            100.0,
            100.0,
            100.0,
            100.0,
            100.0,
            100.0,
            100.0,
            100.0,
            100.0,
            100.0,
            100.0,
            100.0,
            100.0,
            100.0,
            100.0,
            100.0,
            100.0,
            100.0,
            100.0,
            100.0,
            100.0,
            100.0,
            100.0,
            100.0,
            100.0,
            100.0,
            100.0,
            100.0,
            100.0,
            100.0,
            100.0,
            100.0,
            100.0
        ],
        "delivery_time": [
            20.133333333333333,
            19.68,
            18.30666666666667,
            19.786666666666665,
            19.69333333333333,
            19.48,
            19.653333333333332,
            20.186666666666667,
            19.986666666666668,
            19.253333333333334,
            20.453333333333333,
            19.96,
            20.32,
            20.0,
            19.8,
            19.8,
            19.373333333333335,
            19.466666666666665,
            19.773333333333333,
            19.893333333333334,
            20.453333333333333,
            19.28,
            19.426666666666666,
            19.44,
            19.88,
            19.213333333333335,
            19.0,
            20.026666666666667,
            18.893333333333334,
            18.986666666666668,
            19.56,
            19.026666666666667,
            20.08,
            19.746666666666666,
            20.32,
            20.32,
            19.706666666666667,
            19.706666666666667,
            19.72,
            20.12,
            19.426666666666666,
            19.506666666666668,
            19.906666666666666,
            19.04,
            19.96,
            20.28,
            20.28,
            20.08,
            19.733333333333334,
            19.69333333333333
        ],
        "disagreement": [
            0.0,
            0.0,
            2.6666666666666665,
            0.0,
            0.0,
            0.0,
            1.3333333333333333,
            0.0,
            0.0,
            1.3333333333333333,
            0.0,
            1.3333333333333333,
            0.0,
            0.0,
            2.6666666666666665,
            0.0,
            0.0,
            0.0,
            0.0,
            2.6666666666666665,
            0.0,
            1.3333333333333333,
            1.3333333333333333,
            0.0,
            0.0,
            0.0,
            0.0,
            0.0,
            0.0,
            0.0,
            0.0,
            1.3333333333333333,
            0.0,
            0.0,
            0.0,
            0.0,
            2.6666666666666665,
            2.6666666666666665,
            0.0,
            0.0,
            0.0,
            0.0,
            2.6666666666666665,
            0.0,
            0.0,
            0.0,
            0.0,
            0.0,
            0.0,
            0.0
        ],
        "disagreement_frequency": [],
        "f": 25,
        "finishing_steps": [
            3,
            3,
            3,
            3,
            3,
            3,
            3,
            3,
            3,
            3,
            3,
            3,
            3,
            3,
            3,
            3,
            3,
            3,
            3,
            3,
            3,
            3,
            3,
            3,
            3,
            3,
            3,
            3,
            3,
            3,
            3,
            3,
            3,
            3,
            3,
            3,
            3,
            3,
            3,
            3,
            3,
            3,
            3,
            3,
            3,
            3,
            3,
            3,
            3,
            3
        ],
        "n": 100,
        "p": 50,
        "termination_rate": [
            1.0,
            1.0,
            1.0,
            1.0,
            1.0,
            1.0,
            1.0,
            1.0,
            1.0,
            1.0,
            1.0,
            1.0,
            1.0,
            1.0,
            1.0,
            1.0,
            1.0,
            1.0,
            1.0,
            1.0,
            1.0,
            1.0,
            1.0,
            1.0,
            1.0,
            1.0,
            1.0,
            1.0,
            1.0,
            1.0,
            1.0,
            1.0,
            1.0,
            1.0,
            1.0,
            1.0,
            1.0,
            1.0,
            1.0,
            1.0,
            1.0,
            1.0,
            1.0,
            1.0,
            1.0,
            1.0,
            1.0,
            1.0,
            1.0,
            1.0
        ],
        "total_msgs_sent": [
            15000,
            15000,
            15000,
            15000,
            15000,
            15000,
            15000,
            15000,
            15000,
            15000,
            15000,
            15000,
            15000,
            15000,
            15000,
            15000,
            15000,
            15000,
            15000,
            15000,
            15000,
            15000,
            15000,
            15000,
            15000,
            15000,
            15000,
            15000,
            15000,
            15000,
            15000,
            15000,
            15000,
            15000,
            15000,
            15000,
            15000,
            15000,
            15000,
            15000,
            15000,
            15000,
            15000,
            15000,
            15000,
            15000,
            15000,
            15000,
            15000,
            15000
        ]
    },
    "RunTime": 167.08018327
}
