{
    "Results": {
        "c": 67,
        "delivery_nodes": [
            100.0,
            100.0,
            100.0,
            100.0,
            100.0,
            100.0,
            100.0,
            100.0,
            100.0,
            100.0,
            100.0,
            100.0,
            100.0,
            100.0,
            100.0,
            100.0,
            100.0,
            100.0,
            100.0,
            100.0,
            100.0,
            100.0,
            100.0,
            100.0,
            100.0,
            100.0,
            100.0,
            100.0,
            100.0,
            100.0,
            100.0,
            100.0,
            100.0,
            100.0,
            100.0,
            100.0,
            100.0,
            100.0,
            100.0,
            100.0,
            100.0,
            100.0,
            100.0,
            100.0,
            100.0,
            100.0,
            100.0,
            100.0,
            100.0,
            100.0
        ],
        "delivery_time": [
            14.522388059701493,
            14.970149253731343,
            15.701492537313433,
            15.35820895522388,
            15.029850746268657,
            14.567164179104477,
            15.283582089552239,
            14.940298507462687,
            14.104477611940299,
            14.73134328358209,
            14.791044776119403,
            14.64179104477612,
            15.492537313432836,
            14.149253731343284,
            15.26865671641791,
            15.17910447761194,
            14.238805970149254,
            15.552238805970148,
            14.283582089552239,
            15.104477611940299,
            14.223880597014926,
            15.328358208955224,
            15.283582089552239,
            15.417910447761194,
            14.701492537313433,
            15.238805970149254,
            15.791044776119403,
            15.567164179104477,
            14.716417910447761,
            15.044776119402986,
            15.208955223880597,
            14.716417910447761,
            15.074626865671641,
            15.08955223880597,
            15.373134328358208,
            15.343283582089553,
            15.597014925373134,
            14.985074626865671,
            15.507462686567164,
            14.985074626865671,
            15.343283582089553,
            15.328358208955224,
            14.73134328358209,
            13.73134328358209,
            14.746268656716419,
            14.35820895522388,
            15.805970149253731,
            15.597014925373134,
            15.134328358208956,
            15.64179104477612
        ],
        "disagreement": [
            1.492537313432836,
            2.985074626865672,
            0.0,
            1.492537313432836,
            1.492537313432836,
            2.985074626865672,
            0.0,
            1.492537313432836,
            0.0,
            0.0,
            2.985074626865672,
            0.0,
            2.985074626865672,
            0.0,
            0.0,
            1.492537313432836,
            0.0,
            1.492537313432836,
            0.0,
            0.0,
            0.0,
            2.985074626865672,
            0.0,
            0.0,
            0.0,
            0.0,
            0.0,
            4.477611940298507,
            2.985074626865672,
            0.0,
            0.0,
            0.0,
            0.0,
            1.492537313432836,
            1.492537313432836,
            0.0,
            2.985074626865672,
            1.492537313432836,
            8.955223880597014,
            0.0,
            1.492537313432836,
            0.0,
            1.492537313432836,
            0.0,
            0.0,
            0.0,
            0.0,
            0.0,
            2.985074626865672,
            2.985074626865672
        ],
        "disagreement_frequency": [],
        "f": 33,
        "finishing_steps": [
            3,
            3,
            3,
            3,
            3,
            3,
            3,
            3,
            3,
            3,
            3,
            3,
            3,
            3,
            3,
            3,
            3,
            3,
            3,
            3,
            3,
            3,
            3,
            3,
            3,
            3,
            3,
            3,
            3,
            3,
            3,
            3,
            3,
            3,
            3,
            3,
            3,
            3,
            3,
            3,
            3,
            3,
            3,
            3,
            3,
            3,
            3,
            3,
            3,
            3
        ],
        "n": 100,
        "p": 80,
        "termination_rate": [
            1.0,
            1.0,
            1.0,
            1.0,
            1.0,
            1.0,
            1.0,
            1.0,
            1.0,
            1.0,
            1.0,
            1.0,
            1.0,
            1.0,
            1.0,
            1.0,
            1.0,
            1.0,
            1.0,
            1.0,
            1.0,
            1.0,
            1.0,
            1.0,
            1.0,
            1.0,
            1.0,
            1.0,
            1.0,
            1.0,
            1.0,
            1.0,
            1.0,
            1.0,
            1.0,
            1.0,
            1.0,
            1.0,
            1.0,
            1.0,
            1.0,
            1.0,
            1.0,
            1.0,
            1.0,
            1.0,
            1.0,
            1.0,
            1.0,
            1.0
        ],
        "total_msgs_sent": [
            13400,
            13400,
            13400,
            13400,
            13400,
            13400,
            13400,
            13400,
            13400,
            13400,
            13400,
            13400,
            13400,
            13400,
            13400,
            13400,
            13400,
            13400,
            13400,
            13400,
            13400,
            13400,
            13400,
            13400,
            13400,
            13400,
            13400,
            13400,
            13400,
            13400,
            13400,
            13400,
            13400,
            13400,
            13400,
            13400,
            13400,
            13400,
            13400,
            13400,
            13400,
            13400,
            13400,
            13400,
            13400,
            13400,
            13400,
            13400,
            13400,
            13400
        ]
    },
    "RunTime": 151.459419801
}
