{
    "Results": {
        "c": 67,
        "delivery_nodes": [
            100.0,
            100.0,
            100.0,
            100.0,
            100.0,
            100.0,
            100.0,
            100.0,
            100.0,
            100.0,
            100.0,
            100.0,
            100.0,
            100.0,
            100.0,
            100.0,
            100.0,
            100.0,
            100.0,
            100.0,
            100.0,
            100.0,
            100.0,
            100.0,
            100.0,
            100.0,
            100.0,
            100.0,
            100.0,
            100.0,
            100.0,
            100.0,
            100.0,
            100.0,
            100.0,
            100.0,
            100.0,
            100.0,
            100.0,
            100.0,
            100.0,
            100.0,
            100.0,
            100.0,
            100.0,
            100.0,
            100.0,
            100.0,
            100.0,
            100.0
        ],
        "delivery_time": [
            14.238805970149254,
            14.611940298507463,
            15.164179104477611,
            14.656716417910447,
            14.91044776119403,
            15.417910447761194,
            14.388059701492537,
            15.0,
            15.059701492537313,
            15.447761194029852,
            14.776119402985074,
            15.701492537313433,
            15.462686567164178,
            14.716417910447761,
            15.328358208955224,
            14.537313432835822,
            14.26865671641791,
            15.417910447761194,
            14.880597014925373,
            15.761194029850746,
            15.029850746268657,
            14.686567164179104,
            15.26865671641791,
            14.686567164179104,
            14.716417910447761,
            15.373134328358208,
            14.940298507462687,
            13.805970149253731,
            14.611940298507463,
            15.73134328358209,
            15.313432835820896,
            15.014925373134329,
            15.164179104477611,
            15.208955223880597,
            14.283582089552239,
            14.194029850746269,
            14.522388059701493,
            15.08955223880597,
            14.582089552238806,
            14.865671641791044,
            15.567164179104477,
            15.582089552238806,
            15.014925373134329,
            14.492537313432836,
            14.611940298507463,
            15.014925373134329,
            15.626865671641792,
            14.597014925373134,
            15.194029850746269,
            14.865671641791044
        ],
        "disagreement": [
            0.0,
            7.462686567164179,
            1.492537313432836,
            7.462686567164179,
            4.477611940298507,
            5.970149253731344,
            0.0,
            0.0,
            0.0,
            11.940298507462687,
            4.477611940298507,
            17.91044776119403,
            5.970149253731344,
            0.0,
            5.970149253731344,
            0.0,
            0.0,
            7.462686567164179,
            1.492537313432836,
            17.91044776119403,
            7.462686567164179,
            0.0,
            1.492537313432836,
            5.970149253731344,
            2.985074626865672,
            0.0,
            2.985074626865672,
            0.0,
            4.477611940298507,
            2.985074626865672,
            11.940298507462687,
            17.91044776119403,
            5.970149253731344,
            1.492537313432836,
            0.0,
            0.0,
            0.0,
            7.462686567164179,
            8.955223880597014,
            2.985074626865672,
            8.955223880597014,
            1.492537313432836,
            4.477611940298507,
            0.0,
            7.462686567164179,
            7.462686567164179,
            7.462686567164179,
            1.492537313432836,
            2.985074626865672,
            5.970149253731344
        ],
        "disagreement_frequency": [],
        "f": 33,
        "finishing_steps": [
            3,
            3,
            3,
            3,
            3,
            3,
            3,
            3,
            3,
            3,
            3,
            3,
            3,
            3,
            3,
            3,
            3,
            3,
            3,
            3,
            3,
            3,
            3,
            3,
            3,
            3,
            3,
            3,
            3,
            3,
            3,
            3,
            3,
            3,
            3,
            3,
            3,
            3,
            3,
            3,
            3,
            3,
            3,
            3,
            3,
            3,
            3,
            3,
            3,
            3
        ],
        "n": 100,
        "p": 70,
        "termination_rate": [
            1.0,
            1.0,
            1.0,
            1.0,
            1.0,
            1.0,
            1.0,
            1.0,
            1.0,
            1.0,
            1.0,
            1.0,
            1.0,
            1.0,
            1.0,
            1.0,
            1.0,
            1.0,
            1.0,
            1.0,
            1.0,
            1.0,
            1.0,
            1.0,
            1.0,
            1.0,
            1.0,
            1.0,
            1.0,
            1.0,
            1.0,
            1.0,
            1.0,
            1.0,
            1.0,
            1.0,
            1.0,
            1.0,
            1.0,
            1.0,
            1.0,
            1.0,
            1.0,
            1.0,
            1.0,
            1.0,
            1.0,
            1.0,
            1.0,
            1.0
        ],
        "total_msgs_sent": [
            13400,
            13400,
            13400,
            13400,
            13400,
            13400,
            13400,
            13400,
            13400,
            13400,
            13400,
            13400,
            13400,
            13400,
            13400,
            13400,
            13400,
            13400,
            13400,
            13400,
            13400,
            13400,
            13400,
            13400,
            13400,
            13400,
            13400,
            13400,
            13400,
            13400,
            13400,
            13400,
            13400,
            13400,
            13400,
            13400,
            13400,
            13400,
            13400,
            13400,
            13400,
            13400,
            13400,
            13400,
            13400,
            13400,
            13400,
            13400,
            13400,
            13400
        ]
    },
    "RunTime": 143.964630722
}
