{
    "Results": {
        "c": 60,
        "delivery_nodes": [
            100.0,
            100.0,
            100.0,
            100.0,
            100.0,
            100.0,
            100.0,
            100.0,
            100.0,
            100.0,
            100.0,
            100.0,
            100.0,
            100.0,
            100.0,
            100.0,
            100.0,
            100.0,
            100.0,
            100.0,
            100.0,
            100.0,
            100.0,
            100.0,
            100.0,
            100.0,
            100.0,
            100.0,
            100.0,
            100.0,
            100.0,
            100.0,
            100.0,
            100.0,
            100.0,
            100.0,
            100.0,
            100.0,
            100.0,
            100.0,
            100.0,
            100.0,
            100.0,
            100.0,
            100.0,
            100.0,
            100.0,
            100.0,
            100.0,
            100.0
        ],
        "delivery_time": [
            11.4,
            11.666666666666666,
            11.65,
            11.5,
            11.183333333333334,
            12.066666666666666,
            11.266666666666667,
            11.333333333333334,
            11.8,
            12.783333333333333,
            12.25,
            12.25,
            12.433333333333334,
            11.616666666666667,
            12.55,
            12.066666666666666,
            11.95,
            10.916666666666666,
            11.6,
            11.283333333333333,
            11.8,
            11.783333333333333,
            11.983333333333333,
            10.833333333333334,
            11.766666666666667,
            11.466666666666667,
            11.266666666666667,
            11.75,
            11.75,
            12.116666666666667,
            11.4,
            12.05,
            11.416666666666666,
            11.633333333333333,
            11.8,
            11.666666666666666,
            11.333333333333334,
            12.0,
            11.7,
            11.533333333333333,
            10.966666666666667,
            11.05,
            11.466666666666667,
            11.983333333333333,
            11.35,
            10.883333333333333,
            12.1,
            11.183333333333334,
            12.05,
            12.05
        ],
        "disagreement": [
            20.0,
            30.0,
            8.333333333333334,
            1.6666666666666667,
            3.3333333333333335,
            31.666666666666668,
            25.0,
            36.666666666666664,
            20.0,
            50.0,
            36.666666666666664,
            16.666666666666668,
            3.3333333333333335,
            43.333333333333336,
            18.333333333333332,
            16.666666666666668,
            40.0,
            3.3333333333333335,
            18.333333333333332,
            18.333333333333332,
            46.666666666666664,
            25.0,
            41.666666666666664,
            38.333333333333336,
            31.666666666666668,
            28.333333333333332,
            45.0,
            11.666666666666666,
            38.333333333333336,
            15.0,
            43.333333333333336,
            40.0,
            23.333333333333332,
            21.666666666666668,
            16.666666666666668,
            21.666666666666668,
            18.333333333333332,
            21.666666666666668,
            28.333333333333332,
            23.333333333333332,
            48.333333333333336,
            1.6666666666666667,
            16.666666666666668,
            3.3333333333333335,
            11.666666666666666,
            15.0,
            41.666666666666664,
            10.0,
            35.0,
            48.333333333333336
        ],
        "disagreement_frequency": [],
        "f": 40,
        "finishing_steps": [
            3,
            3,
            3,
            3,
            3,
            3,
            3,
            3,
            3,
            3,
            3,
            3,
            3,
            3,
            3,
            3,
            3,
            3,
            3,
            3,
            3,
            3,
            3,
            3,
            3,
            3,
            3,
            3,
            3,
            3,
            3,
            3,
            3,
            3,
            3,
            3,
            3,
            3,
            3,
            3,
            3,
            3,
            3,
            3,
            3,
            3,
            3,
            3,
            3,
            3
        ],
        "n": 100,
        "p": 50,
        "termination_rate": [
            1.0,
            1.0,
            1.0,
            1.0,
            1.0,
            1.0,
            1.0,
            1.0,
            1.0,
            1.0,
            1.0,
            1.0,
            1.0,
            1.0,
            1.0,
            1.0,
            1.0,
            1.0,
            1.0,
            1.0,
            1.0,
            1.0,
            1.0,
            1.0,
            1.0,
            1.0,
            1.0,
            1.0,
            1.0,
            1.0,
            1.0,
            1.0,
            1.0,
            1.0,
            1.0,
            1.0,
            1.0,
            1.0,
            1.0,
            1.0,
            1.0,
            1.0,
            1.0,
            1.0,
            1.0,
            1.0,
            1.0,
            1.0,
            1.0,
            1.0
        ],
        "total_msgs_sent": [
            12000,
            12000,
            12000,
            12000,
            12000,
            12000,
            12000,
            12000,
            12000,
            12000,
            12000,
            12000,
            12000,
            12000,
            12000,
            12000,
            12000,
            12000,
            12000,
            12000,
            12000,
            12000,
            12000,
            12000,
            12000,
            12000,
            12000,
            12000,
            12000,
            12000,
            12000,
            12000,
            12000,
            12000,
            12000,
            12000,
            12000,
            12000,
            12000,
            12000,
            12000,
            12000,
            12000,
            12000,
            12000,
            12000,
            12000,
            12000,
            12000,
            12000
        ]
    },
    "RunTime": 130.764704202
}
