{
    "Results": {
        "c": 75,
        "delivery_nodes": [
            100.0,
            100.0,
            100.0,
            100.0,
            100.0,
            100.0,
            100.0,
            100.0,
            100.0,
            100.0,
            100.0,
            100.0,
            100.0,
            100.0,
            100.0,
            100.0,
            100.0,
            100.0,
            100.0,
            100.0,
            100.0,
            100.0,
            100.0,
            100.0,
            100.0,
            100.0,
            100.0,
            100.0,
            100.0,
            100.0,
            100.0,
            100.0,
            100.0,
            100.0,
            100.0,
            100.0,
            100.0,
            100.0,
            100.0,
            100.0,
            100.0,
            100.0,
            100.0,
            100.0,
            100.0,
            100.0,
            100.0,
            100.0,
            100.0,
            100.0
        ],
        "delivery_time": [
            20.066666666666666,
            20.0,
            19.6,
            20.093333333333334,
            19.30666666666667,
            20.48,
            19.85333333333333,
            20.28,
            19.85333333333333,
            20.533333333333335,
            20.16,
            19.8,
            19.85333333333333,
            20.08,
            19.96,
            19.973333333333333,
            19.346666666666668,
            20.053333333333335,
            19.84,
            20.16,
            20.6,
            19.52,
            19.84,
            19.586666666666666,
            19.84,
            20.093333333333334,
            19.8,
            19.96,
            19.92,
            20.30666666666667,
            19.946666666666665,
            19.453333333333333,
            19.506666666666668,
            20.04,
            20.133333333333333,
            19.6,
            19.44,
            20.546666666666667,
            20.16,
            20.14666666666667,
            20.253333333333334,
            19.64,
            20.08,
            19.946666666666665,
            19.72,
            20.386666666666667,
            19.946666666666665,
            19.746666666666666,
            19.426666666666666,
            20.293333333333333
        ],
        "disagreement": [
            0.0,
            0.0,
            0.0,
            0.0,
            0.0,
            0.0,
            0.0,
            0.0,
            0.0,
            0.0,
            0.0,
            0.0,
            0.0,
            0.0,
            0.0,
            0.0,
            0.0,
            0.0,
            0.0,
            0.0,
            0.0,
            0.0,
            0.0,
            0.0,
            0.0,
            0.0,
            0.0,
            0.0,
            0.0,
            0.0,
            0.0,
            0.0,
            0.0,
            0.0,
            0.0,
            0.0,
            0.0,
            0.0,
            0.0,
            0.0,
            0.0,
            0.0,
            0.0,
            0.0,
            0.0,
            0.0,
            0.0,
            0.0,
            0.0,
            0.0
        ],
        "disagreement_frequency": [],
        "f": 25,
        "finishing_steps": [
            3,
            3,
            3,
            3,
            3,
            3,
            3,
            3,
            3,
            3,
            3,
            3,
            3,
            3,
            3,
            3,
            3,
            3,
            3,
            3,
            3,
            3,
            3,
            3,
            3,
            3,
            3,
            3,
            3,
            3,
            3,
            3,
            3,
            3,
            3,
            3,
            3,
            3,
            3,
            3,
            3,
            3,
            3,
            3,
            3,
            3,
            3,
            3,
            3,
            3
        ],
        "n": 100,
        "p": 90,
        "termination_rate": [
            1.0,
            1.0,
            1.0,
            1.0,
            1.0,
            1.0,
            1.0,
            1.0,
            1.0,
            1.0,
            1.0,
            1.0,
            1.0,
            1.0,
            1.0,
            1.0,
            1.0,
            1.0,
            1.0,
            1.0,
            1.0,
            1.0,
            1.0,
            1.0,
            1.0,
            1.0,
            1.0,
            1.0,
            1.0,
            1.0,
            1.0,
            1.0,
            1.0,
            1.0,
            1.0,
            1.0,
            1.0,
            1.0,
            1.0,
            1.0,
            1.0,
            1.0,
            1.0,
            1.0,
            1.0,
            1.0,
            1.0,
            1.0,
            1.0,
            1.0
        ],
        "total_msgs_sent": [
            8300,
            8300,
            8300,
            8300,
            8300,
            8300,
            8300,
            8300,
            8300,
            8300,
            8300,
            8300,
            8300,
            8300,
            8300,
            8300,
            8300,
            8300,
            8300,
            8300,
            8300,
            8300,
            8300,
            8300,
            8300,
            8300,
            8300,
            8300,
            8300,
            8300,
            8300,
            8300,
            8300,
            8300,
            8300,
            8300,
            8300,
            8300,
            8300,
            8300,
            8300,
            8300,
            8300,
            8300,
            8300,
            8300,
            8300,
            8300,
            8300,
            8300
        ]
    },
    "RunTime": 120.254792485
}
