{
    "Results": {
        "c": 81,
        "delivery_nodes": [
            100.0,
            100.0,
            100.0,
            100.0,
            100.0,
            100.0,
            100.0,
            100.0,
            100.0,
            100.0,
            100.0,
            100.0,
            100.0,
            100.0,
            100.0,
            100.0,
            100.0,
            100.0,
            100.0,
            100.0,
            100.0,
            100.0,
            100.0,
            100.0,
            100.0,
            100.0,
            100.0,
            100.0,
            100.0,
            100.0,
            100.0,
            100.0,
            100.0,
            100.0,
            100.0,
            100.0,
            100.0,
            100.0,
            100.0,
            100.0,
            100.0,
            100.0,
            100.0,
            100.0,
            100.0,
            100.0,
            100.0,
            100.0,
            100.0,
            100.0
        ],
        "delivery_time": [
            24.74074074074074,
            24.049382716049383,
            25.34567901234568,
            23.938271604938272,
            24.641975308641975,
            23.790123456790123,
            23.65432098765432,
            24.11111111111111,
            25.567901234567902,
            25.061728395061728,
            24.246913580246915,
            24.864197530864196,
            26.209876543209877,
            25.049382716049383,
            24.40740740740741,
            24.308641975308642,
            24.19753086419753,
            25.45679012345679,
            24.45679012345679,
            24.444444444444443,
            23.382716049382715,
            24.790123456790123,
            24.88888888888889,
            23.839506172839506,
            25.0,
            24.604938271604937,
            24.555555555555557,
            24.580246913580247,
            23.876543209876544,
            24.580246913580247,
            23.185185185185187,
            24.19753086419753,
            23.432098765432098,
            23.876543209876544,
            23.950617283950617,
            25.45679012345679,
            24.19753086419753,
            24.48148148148148,
            24.901234567901234,
            24.71604938271605,
            25.51851851851852,
            24.567901234567902,
            23.876543209876544,
            25.432098765432098,
            24.65432098765432,
            24.37037037037037,
            24.320987654320987,
            24.0,
            25.17283950617284,
            24.45679012345679
        ],
        "disagreement": [
            0.0,
            0.0,
            0.0,
            0.0,
            0.0,
            0.0,
            0.0,
            0.0,
            0.0,
            0.0,
            0.0,
            0.0,
            0.0,
            0.0,
            0.0,
            0.0,
            0.0,
            0.0,
            0.0,
            0.0,
            0.0,
            0.0,
            0.0,
            0.0,
            0.0,
            0.0,
            0.0,
            0.0,
            0.0,
            0.0,
            0.0,
            0.0,
            0.0,
            0.0,
            0.0,
            0.0,
            0.0,
            0.0,
            0.0,
            0.0,
            0.0,
            0.0,
            0.0,
            0.0,
            0.0,
            0.0,
            0.0,
            0.0,
            0.0,
            0.0
        ],
        "disagreement_frequency": [],
        "f": 19,
        "finishing_steps": [
            3,
            3,
            3,
            3,
            3,
            3,
            3,
            3,
            3,
            3,
            3,
            3,
            3,
            3,
            3,
            3,
            3,
            3,
            3,
            3,
            3,
            3,
            3,
            3,
            3,
            3,
            3,
            3,
            3,
            3,
            3,
            3,
            3,
            3,
            3,
            3,
            3,
            3,
            3,
            3,
            3,
            3,
            3,
            3,
            3,
            3,
            3,
            3,
            3,
            3
        ],
        "n": 100,
        "p": 90,
        "termination_rate": [
            1.0,
            1.0,
            1.0,
            1.0,
            1.0,
            1.0,
            1.0,
            1.0,
            1.0,
            1.0,
            1.0,
            1.0,
            1.0,
            1.0,
            1.0,
            1.0,
            1.0,
            1.0,
            1.0,
            1.0,
            1.0,
            1.0,
            1.0,
            1.0,
            1.0,
            1.0,
            1.0,
            1.0,
            1.0,
            1.0,
            1.0,
            1.0,
            1.0,
            1.0,
            1.0,
            1.0,
            1.0,
            1.0,
            1.0,
            1.0,
            1.0,
            1.0,
            1.0,
            1.0,
            1.0,
            1.0,
            1.0,
            1.0,
            1.0,
            1.0
        ],
        "total_msgs_sent": [
            9100,
            9100,
            9100,
            9100,
            9100,
            9100,
            9100,
            9100,
            9100,
            9100,
            9100,
            9100,
            9100,
            9100,
            9100,
            9100,
            9100,
            9100,
            9100,
            9100,
            9100,
            9100,
            9100,
            9100,
            9100,
            9100,
            9100,
            9100,
            9100,
            9100,
            9100,
            9100,
            9100,
            9100,
            9100,
            9100,
            9100,
            9100,
            9100,
            9100,
            9100,
            9100,
            9100,
            9100,
            9100,
            9100,
            9100,
            9100,
            9100,
            9100
        ]
    },
    "RunTime": 126.094134027
}
