{
    "Results": {
        "c": 75,
        "delivery_nodes": [
            100.0,
            100.0,
            100.0,
            100.0,
            100.0,
            100.0,
            100.0,
            100.0,
            100.0,
            100.0,
            100.0,
            100.0,
            100.0,
            100.0,
            100.0,
            100.0,
            100.0,
            100.0,
            100.0,
            100.0,
            100.0,
            100.0,
            100.0,
            100.0,
            100.0,
            100.0,
            100.0,
            100.0,
            100.0,
            100.0,
            100.0,
            100.0,
            100.0,
            100.0,
            100.0,
            100.0,
            100.0,
            100.0,
            100.0,
            100.0,
            100.0,
            100.0,
            100.0,
            100.0,
            100.0,
            100.0,
            100.0,
            100.0,
            100.0,
            100.0
        ],
        "delivery_time": [
            19.906666666666666,
            19.933333333333334,
            19.826666666666668,
            19.85333333333333,
            19.813333333333333,
            19.866666666666667,
            19.573333333333334,
            19.826666666666668,
            19.773333333333333,
            19.69333333333333,
            19.626666666666665,
            19.813333333333333,
            19.72,
            19.813333333333333,
            19.84,
            19.933333333333334,
            19.786666666666665,
            19.88,
            19.88,
            19.946666666666665,
            19.866666666666667,
            19.68,
            19.88,
            19.706666666666667,
            19.946666666666665,
            19.893333333333334,
            19.933333333333334,
            19.64,
            19.72,
            19.826666666666668,
            19.72,
            19.88,
            19.653333333333332,
            19.813333333333333,
            19.933333333333334,
            19.8,
            19.893333333333334,
            19.84,
            19.613333333333333,
            19.92,
            19.533333333333335,
            19.92,
            19.946666666666665,
            19.85333333333333,
            19.786666666666665,
            19.8,
            19.64,
            19.76,
            19.973333333333333,
            19.68
        ],
        "disagreement": [
            0.0,
            0.0,
            0.0,
            0.0,
            0.0,
            0.0,
            0.0,
            0.0,
            0.0,
            0.0,
            0.0,
            0.0,
            0.0,
            0.0,
            0.0,
            0.0,
            0.0,
            0.0,
            0.0,
            0.0,
            0.0,
            0.0,
            0.0,
            0.0,
            0.0,
            0.0,
            0.0,
            0.0,
            0.0,
            0.0,
            0.0,
            0.0,
            0.0,
            0.0,
            0.0,
            0.0,
            0.0,
            0.0,
            0.0,
            0.0,
            0.0,
            0.0,
            0.0,
            0.0,
            0.0,
            0.0,
            0.0,
            0.0,
            0.0,
            0.0
        ],
        "disagreement_frequency": [],
        "f": 25,
        "finishing_steps": [
            2,
            2,
            2,
            2,
            2,
            2,
            2,
            2,
            2,
            2,
            2,
            2,
            2,
            2,
            2,
            2,
            2,
            2,
            2,
            2,
            2,
            2,
            2,
            2,
            2,
            2,
            2,
            2,
            2,
            2,
            2,
            2,
            2,
            2,
            2,
            2,
            2,
            2,
            2,
            2,
            2,
            2,
            2,
            2,
            2,
            2,
            2,
            2,
            2,
            2
        ],
        "n": 100,
        "p": 100,
        "termination_rate": [
            1.0,
            1.0,
            1.0,
            1.0,
            1.0,
            1.0,
            1.0,
            1.0,
            1.0,
            1.0,
            1.0,
            1.0,
            1.0,
            1.0,
            1.0,
            1.0,
            1.0,
            1.0,
            1.0,
            1.0,
            1.0,
            1.0,
            1.0,
            1.0,
            1.0,
            1.0,
            1.0,
            1.0,
            1.0,
            1.0,
            1.0,
            1.0,
            1.0,
            1.0,
            1.0,
            1.0,
            1.0,
            1.0,
            1.0,
            1.0,
            1.0,
            1.0,
            1.0,
            1.0,
            1.0,
            1.0,
            1.0,
            1.0,
            1.0,
            1.0
        ],
        "total_msgs_sent": [
            7500,
            7500,
            7500,
            7500,
            7500,
            7500,
            7500,
            7500,
            7500,
            7500,
            7500,
            7500,
            7500,
            7500,
            7500,
            7500,
            7500,
            7500,
            7500,
            7500,
            7500,
            7500,
            7500,
            7500,
            7500,
            7500,
            7500,
            7500,
            7500,
            7500,
            7500,
            7500,
            7500,
            7500,
            7500,
            7500,
            7500,
            7500,
            7500,
            7500,
            7500,
            7500,
            7500,
            7500,
            7500,
            7500,
            7500,
            7500,
            7500,
            7500
        ]
    },
    "RunTime": 102.705809196
}
