{
    "Results": {
        "c": 81,
        "delivery_nodes": [
            100.0,
            100.0,
            100.0,
            100.0,
            100.0,
            100.0,
            100.0,
            100.0,
            100.0,
            100.0,
            100.0,
            100.0,
            100.0,
            100.0,
            100.0,
            100.0,
            100.0,
            100.0,
            100.0,
            100.0,
            100.0,
            100.0,
            100.0,
            100.0,
            100.0,
            100.0,
            100.0,
            100.0,
            100.0,
            100.0,
            100.0,
            100.0,
            100.0,
            100.0,
            100.0,
            100.0,
            100.0,
            100.0,
            100.0,
            100.0,
            100.0,
            100.0,
            100.0,
            100.0,
            100.0,
            100.0,
            100.0,
            100.0,
            100.0,
            100.0
        ],
        "delivery_time": [
            18.40740740740741,
            17.987654320987655,
            17.938271604938272,
            18.14814814814815,
            18.432098765432098,
            17.604938271604937,
            17.51851851851852,
            18.839506172839506,
            17.246913580246915,
            18.25925925925926,
            19.037037037037038,
            18.506172839506174,
            18.51851851851852,
            19.0,
            18.209876543209877,
            18.85185185185185,
            19.28395061728395,
            18.901234567901234,
            18.234567901234566,
            18.271604938271604,
            17.753086419753085,
            17.419753086419753,
            18.0,
            17.691358024691358,
            19.135802469135804,
            18.074074074074073,
            17.71604938271605,
            18.506172839506174,
            18.40740740740741,
            17.691358024691358,
            18.209876543209877,
            16.925925925925927,
            17.40740740740741,
            18.037037037037038,
            18.59259259259259,
            18.40740740740741,
            17.88888888888889,
            17.938271604938272,
            17.88888888888889,
            17.839506172839506,
            18.65432098765432,
            17.753086419753085,
            17.97530864197531,
            17.530864197530864,
            17.82716049382716,
            17.580246913580247,
            18.320987654320987,
            18.012345679012345,
            17.679012345679013,
            18.333333333333332
        ],
        "disagreement": [
            0.0,
            0.0,
            0.0,
            0.0,
            0.0,
            0.0,
            0.0,
            0.0,
            0.0,
            0.0,
            0.0,
            0.0,
            0.0,
            0.0,
            0.0,
            0.0,
            0.0,
            0.0,
            0.0,
            0.0,
            0.0,
            0.0,
            0.0,
            0.0,
            0.0,
            0.0,
            0.0,
            0.0,
            0.0,
            0.0,
            0.0,
            0.0,
            0.0,
            0.0,
            0.0,
            0.0,
            0.0,
            0.0,
            0.0,
            0.0,
            0.0,
            0.0,
            0.0,
            0.0,
            0.0,
            0.0,
            0.0,
            0.0,
            0.0,
            0.0
        ],
        "disagreement_frequency": [],
        "f": 19,
        "finishing_steps": [
            3,
            3,
            3,
            3,
            3,
            3,
            3,
            3,
            3,
            3,
            3,
            3,
            3,
            3,
            3,
            3,
            3,
            3,
            3,
            3,
            3,
            3,
            3,
            3,
            3,
            3,
            3,
            3,
            3,
            3,
            3,
            3,
            3,
            3,
            3,
            3,
            3,
            3,
            3,
            3,
            3,
            3,
            3,
            3,
            3,
            3,
            3,
            3,
            3,
            3
        ],
        "n": 100,
        "p": 80,
        "termination_rate": [
            1.0,
            1.0,
            1.0,
            1.0,
            1.0,
            1.0,
            1.0,
            1.0,
            1.0,
            1.0,
            1.0,
            1.0,
            1.0,
            1.0,
            1.0,
            1.0,
            1.0,
            1.0,
            1.0,
            1.0,
            1.0,
            1.0,
            1.0,
            1.0,
            1.0,
            1.0,
            1.0,
            1.0,
            1.0,
            1.0,
            1.0,
            1.0,
            1.0,
            1.0,
            1.0,
            1.0,
            1.0,
            1.0,
            1.0,
            1.0,
            1.0,
            1.0,
            1.0,
            1.0,
            1.0,
            1.0,
            1.0,
            1.0,
            1.0,
            1.0
        ],
        "total_msgs_sent": [
            9300,
            9300,
            9300,
            9300,
            9300,
            9300,
            9300,
            9300,
            9300,
            9300,
            9300,
            9300,
            9300,
            9300,
            9300,
            9300,
            9300,
            9300,
            9300,
            9300,
            9300,
            9300,
            9300,
            9300,
            9300,
            9300,
            9300,
            9300,
            9300,
            9300,
            9300,
            9300,
            9300,
            9300,
            9300,
            9300,
            9300,
            9300,
            9300,
            9300,
            9300,
            9300,
            9300,
            9300,
            9300,
            9300,
            9300,
            9300,
            9300,
            9300
        ]
    },
    "RunTime": 124.44779863
}
