{
    "Results": {
        "c": 60,
        "delivery_nodes": [
            100.0,
            100.0,
            100.0,
            100.0,
            100.0,
            100.0,
            100.0,
            100.0,
            100.0,
            100.0,
            100.0,
            100.0,
            100.0,
            100.0,
            100.0,
            100.0,
            100.0,
            100.0,
            100.0,
            100.0,
            100.0,
            100.0,
            100.0,
            100.0,
            100.0,
            100.0,
            100.0,
            100.0,
            100.0,
            100.0,
            100.0,
            100.0,
            100.0,
            100.0,
            100.0,
            100.0,
            100.0,
            100.0,
            100.0,
            100.0,
            100.0,
            100.0,
            100.0,
            100.0,
            100.0,
            100.0,
            100.0,
            100.0,
            100.0,
            100.0
        ],
        "delivery_time": [
            11.6,
            12.05,
            11.333333333333334,
            11.316666666666666,
            11.633333333333333,
            11.616666666666667,
            11.8,
            12.216666666666667,
            12.233333333333333,
            11.7,
            11.566666666666666,
            11.733333333333333,
            11.85,
            11.95,
            11.733333333333333,
            12.316666666666666,
            11.916666666666666,
            12.116666666666667,
            11.9,
            11.2,
            11.516666666666667,
            11.866666666666667,
            11.283333333333333,
            12.283333333333333,
            11.35,
            11.8,
            11.566666666666666,
            11.2,
            11.433333333333334,
            11.15,
            11.966666666666667,
            11.533333333333333,
            11.266666666666667,
            11.516666666666667,
            11.816666666666666,
            11.783333333333333,
            11.166666666666666,
            12.133333333333333,
            11.7,
            12.0,
            12.116666666666667,
            11.5,
            11.766666666666667,
            12.233333333333333,
            11.766666666666667,
            11.9,
            11.766666666666667,
            11.6,
            10.933333333333334,
            11.766666666666667
        ],
        "disagreement": [
            8.333333333333334,
            1.6666666666666667,
            1.6666666666666667,
            1.6666666666666667,
            1.6666666666666667,
            18.333333333333332,
            6.666666666666667,
            13.333333333333334,
            0.0,
            1.6666666666666667,
            15.0,
            0.0,
            3.3333333333333335,
            0.0,
            3.3333333333333335,
            5.0,
            13.333333333333334,
            3.3333333333333335,
            5.0,
            3.3333333333333335,
            3.3333333333333335,
            1.6666666666666667,
            5.0,
            11.666666666666666,
            3.3333333333333335,
            6.666666666666667,
            1.6666666666666667,
            1.6666666666666667,
            3.3333333333333335,
            8.333333333333334,
            3.3333333333333335,
            0.0,
            1.6666666666666667,
            8.333333333333334,
            11.666666666666666,
            10.0,
            15.0,
            8.333333333333334,
            3.3333333333333335,
            8.333333333333334,
            3.3333333333333335,
            3.3333333333333335,
            1.6666666666666667,
            1.6666666666666667,
            5.0,
            6.666666666666667,
            5.0,
            10.0,
            20.0,
            0.0
        ],
        "disagreement_frequency": [],
        "f": 40,
        "finishing_steps": [
            3,
            3,
            3,
            3,
            3,
            3,
            3,
            3,
            3,
            3,
            3,
            3,
            3,
            3,
            3,
            3,
            3,
            3,
            3,
            3,
            3,
            3,
            3,
            3,
            3,
            3,
            3,
            3,
            3,
            3,
            3,
            3,
            3,
            3,
            3,
            3,
            3,
            3,
            3,
            3,
            3,
            3,
            3,
            3,
            3,
            3,
            3,
            3,
            3,
            3
        ],
        "n": 100,
        "p": 100,
        "termination_rate": [
            1.0,
            1.0,
            1.0,
            1.0,
            1.0,
            1.0,
            1.0,
            1.0,
            1.0,
            1.0,
            1.0,
            1.0,
            1.0,
            1.0,
            1.0,
            1.0,
            1.0,
            1.0,
            1.0,
            1.0,
            1.0,
            1.0,
            1.0,
            1.0,
            1.0,
            1.0,
            1.0,
            1.0,
            1.0,
            1.0,
            1.0,
            1.0,
            1.0,
            1.0,
            1.0,
            1.0,
            1.0,
            1.0,
            1.0,
            1.0,
            1.0,
            1.0,
            1.0,
            1.0,
            1.0,
            1.0,
            1.0,
            1.0,
            1.0,
            1.0
        ],
        "total_msgs_sent": [
            12000,
            12000,
            12000,
            12000,
            12000,
            12000,
            12000,
            12000,
            12000,
            12000,
            12000,
            12000,
            12000,
            12000,
            12000,
            12000,
            12000,
            12000,
            12000,
            12000,
            12000,
            12000,
            12000,
            12000,
            12000,
            12000,
            12000,
            12000,
            12000,
            12000,
            12000,
            12000,
            12000,
            12000,
            12000,
            12000,
            12000,
            12000,
            12000,
            12000,
            12000,
            12000,
            12000,
            12000,
            12000,
            12000,
            12000,
            12000,
            12000,
            12000
        ]
    },
    "RunTime": 126.895041987
}
