{
    "Results": {
        "c": 60,
        "delivery_nodes": [
            100.0,
            100.0,
            100.0,
            100.0,
            100.0,
            100.0,
            100.0,
            100.0,
            100.0,
            100.0,
            100.0,
            100.0,
            100.0,
            100.0,
            100.0,
            100.0,
            100.0,
            100.0,
            100.0,
            100.0,
            100.0,
            100.0,
            100.0,
            100.0,
            100.0,
            100.0,
            100.0,
            100.0,
            100.0,
            100.0,
            100.0,
            100.0,
            100.0,
            100.0,
            100.0,
            100.0,
            100.0,
            100.0,
            100.0,
            100.0,
            100.0,
            100.0,
            100.0,
            100.0,
            100.0,
            100.0,
            100.0,
            100.0,
            100.0,
            100.0
        ],
        "delivery_time": [
            11.966666666666667,
            12.033333333333333,
            11.483333333333333,
            11.566666666666666,
            11.633333333333333,
            11.383333333333333,
            11.933333333333334,
            11.916666666666666,
            11.533333333333333,
            12.233333333333333,
            11.216666666666667,
            11.45,
            11.666666666666666,
            11.233333333333333,
            11.3,
            11.216666666666667,
            11.3,
            11.383333333333333,
            11.85,
            11.283333333333333,
            11.683333333333334,
            11.666666666666666,
            11.933333333333334,
            11.866666666666667,
            11.583333333333334,
            11.8,
            11.1,
            12.0,
            12.416666666666666,
            11.283333333333333,
            11.166666666666666,
            11.616666666666667,
            11.433333333333334,
            11.333333333333334,
            11.483333333333333,
            11.816666666666666,
            12.283333333333333,
            11.483333333333333,
            11.45,
            12.4,
            11.533333333333333,
            11.916666666666666,
            11.533333333333333,
            12.05,
            11.983333333333333,
            11.55,
            11.666666666666666,
            11.633333333333333,
            11.6,
            11.066666666666666
        ],
        "disagreement": [
            31.666666666666668,
            35.0,
            28.333333333333332,
            11.666666666666666,
            5.0,
            8.333333333333334,
            10.0,
            5.0,
            6.666666666666667,
            15.0,
            5.0,
            25.0,
            15.0,
            1.6666666666666667,
            5.0,
            13.333333333333334,
            0.0,
            23.333333333333332,
            6.666666666666667,
            15.0,
            5.0,
            8.333333333333334,
            8.333333333333334,
            5.0,
            6.666666666666667,
            5.0,
            11.666666666666666,
            5.0,
            6.666666666666667,
            3.3333333333333335,
            20.0,
            6.666666666666667,
            3.3333333333333335,
            6.666666666666667,
            10.0,
            6.666666666666667,
            6.666666666666667,
            30.0,
            3.3333333333333335,
            18.333333333333332,
            3.3333333333333335,
            11.666666666666666,
            6.666666666666667,
            26.666666666666668,
            18.333333333333332,
            6.666666666666667,
            8.333333333333334,
            10.0,
            8.333333333333334,
            8.333333333333334
        ],
        "disagreement_frequency": [],
        "f": 40,
        "finishing_steps": [
            3,
            3,
            3,
            3,
            3,
            3,
            3,
            3,
            3,
            3,
            3,
            3,
            3,
            3,
            3,
            3,
            3,
            3,
            3,
            3,
            3,
            3,
            3,
            3,
            3,
            3,
            3,
            3,
            3,
            3,
            3,
            3,
            3,
            3,
            3,
            3,
            3,
            3,
            3,
            3,
            3,
            3,
            3,
            3,
            3,
            3,
            3,
            3,
            3,
            3
        ],
        "n": 100,
        "p": 90,
        "termination_rate": [
            1.0,
            1.0,
            1.0,
            1.0,
            1.0,
            1.0,
            1.0,
            1.0,
            1.0,
            1.0,
            1.0,
            1.0,
            1.0,
            1.0,
            1.0,
            1.0,
            1.0,
            1.0,
            1.0,
            1.0,
            1.0,
            1.0,
            1.0,
            1.0,
            1.0,
            1.0,
            1.0,
            1.0,
            1.0,
            1.0,
            1.0,
            1.0,
            1.0,
            1.0,
            1.0,
            1.0,
            1.0,
            1.0,
            1.0,
            1.0,
            1.0,
            1.0,
            1.0,
            1.0,
            1.0,
            1.0,
            1.0,
            1.0,
            1.0,
            1.0
        ],
        "total_msgs_sent": [
            12000,
            12000,
            12000,
            12000,
            12000,
            12000,
            12000,
            12000,
            12000,
            12000,
            12000,
            12000,
            12000,
            12000,
            12000,
            12000,
            12000,
            12000,
            12000,
            12000,
            12000,
            12000,
            12000,
            12000,
            12000,
            12000,
            12000,
            12000,
            12000,
            12000,
            12000,
            12000,
            12000,
            12000,
            12000,
            12000,
            12000,
            12000,
            12000,
            12000,
            12000,
            12000,
            12000,
            12000,
            12000,
            12000,
            12000,
            12000,
            12000,
            12000
        ]
    },
    "RunTime": 129.05354031
}
