{
    "Results": {
        "c": 81,
        "delivery_nodes": [
            100.0,
            100.0,
            100.0,
            100.0,
            100.0,
            100.0,
            100.0,
            100.0,
            100.0,
            100.0,
            100.0,
            100.0,
            100.0,
            100.0,
            100.0,
            100.0,
            100.0,
            100.0,
            100.0,
            100.0,
            100.0,
            100.0,
            100.0,
            100.0,
            100.0,
            100.0,
            100.0,
            100.0,
            100.0,
            100.0,
            100.0,
            100.0,
            100.0,
            100.0,
            100.0,
            100.0,
            100.0,
            100.0,
            100.0,
            100.0,
            100.0,
            100.0,
            100.0,
            100.0,
            100.0,
            100.0,
            100.0,
            100.0,
            100.0,
            100.0
        ],
        "delivery_time": [
            19.839506172839506,
            19.62962962962963,
            19.839506172839506,
            19.88888888888889,
            19.703703703703702,
            19.987654320987655,
            19.88888888888889,
            19.876543209876544,
            19.962962962962962,
            19.987654320987655,
            19.765432098765434,
            19.80246913580247,
            19.901234567901234,
            19.814814814814813,
            19.88888888888889,
            19.962962962962962,
            19.91358024691358,
            19.864197530864196,
            19.864197530864196,
            19.938271604938272,
            19.839506172839506,
            19.77777777777778,
            19.604938271604937,
            19.876543209876544,
            19.938271604938272,
            19.962962962962962,
            19.864197530864196,
            19.925925925925927,
            19.88888888888889,
            19.839506172839506,
            19.938271604938272,
            19.97530864197531,
            19.790123456790123,
            19.938271604938272,
            19.876543209876544,
            19.71604938271605,
            19.925925925925927,
            19.703703703703702,
            19.88888888888889,
            19.580246913580247,
            19.40740740740741,
            19.925925925925927,
            19.925925925925927,
            19.950617283950617,
            19.950617283950617,
            19.925925925925927,
            19.54320987654321,
            19.395061728395063,
            19.48148148148148,
            19.506172839506174
        ],
        "disagreement": [
            0.0,
            0.0,
            0.0,
            0.0,
            0.0,
            0.0,
            0.0,
            0.0,
            0.0,
            0.0,
            0.0,
            0.0,
            0.0,
            0.0,
            0.0,
            0.0,
            0.0,
            0.0,
            0.0,
            0.0,
            0.0,
            0.0,
            0.0,
            0.0,
            0.0,
            0.0,
            0.0,
            0.0,
            0.0,
            0.0,
            0.0,
            0.0,
            0.0,
            0.0,
            0.0,
            0.0,
            0.0,
            0.0,
            0.0,
            0.0,
            0.0,
            0.0,
            0.0,
            0.0,
            0.0,
            0.0,
            0.0,
            0.0,
            0.0,
            0.0
        ],
        "disagreement_frequency": [],
        "f": 19,
        "finishing_steps": [
            2,
            2,
            2,
            2,
            2,
            2,
            2,
            2,
            2,
            2,
            2,
            2,
            2,
            2,
            2,
            2,
            2,
            2,
            2,
            2,
            2,
            2,
            2,
            2,
            2,
            2,
            2,
            2,
            2,
            2,
            2,
            2,
            2,
            2,
            2,
            2,
            2,
            2,
            2,
            2,
            2,
            2,
            2,
            2,
            2,
            2,
            2,
            2,
            2,
            2
        ],
        "n": 100,
        "p": 100,
        "termination_rate": [
            1.0,
            1.0,
            1.0,
            1.0,
            1.0,
            1.0,
            1.0,
            1.0,
            1.0,
            1.0,
            1.0,
            1.0,
            1.0,
            1.0,
            1.0,
            1.0,
            1.0,
            1.0,
            1.0,
            1.0,
            1.0,
            1.0,
            1.0,
            1.0,
            1.0,
            1.0,
            1.0,
            1.0,
            1.0,
            1.0,
            1.0,
            1.0,
            1.0,
            1.0,
            1.0,
            1.0,
            1.0,
            1.0,
            1.0,
            1.0,
            1.0,
            1.0,
            1.0,
            1.0,
            1.0,
            1.0,
            1.0,
            1.0,
            1.0,
            1.0
        ],
        "total_msgs_sent": [
            8100,
            8100,
            8100,
            8100,
            8100,
            8100,
            8100,
            8100,
            8100,
            8100,
            8100,
            8100,
            8100,
            8100,
            8100,
            8100,
            8100,
            8100,
            8100,
            8100,
            8100,
            8100,
            8100,
            8100,
            8100,
            8100,
            8100,
            8100,
            8100,
            8100,
            8100,
            8100,
            8100,
            8100,
            8100,
            8100,
            8100,
            8100,
            8100,
            8100,
            8100,
            8100,
            8100,
            8100,
            8100,
            8100,
            8100,
            8100,
            8100,
            8100
        ]
    },
    "RunTime": 99.924037155
}
