{
    "Results": {
        "c": 60,
        "delivery_nodes": [
            100.0,
            100.0,
            100.0,
            100.0,
            100.0,
            100.0,
            100.0,
            100.0,
            100.0,
            100.0,
            100.0,
            100.0,
            100.0,
            100.0,
            100.0,
            100.0,
            100.0,
            100.0,
            100.0,
            100.0,
            100.0,
            100.0,
            100.0,
            100.0,
            100.0,
            100.0,
            100.0,
            100.0,
            100.0,
            100.0,
            100.0,
            100.0,
            100.0,
            100.0,
            100.0,
            100.0,
            100.0,
            100.0,
            100.0,
            100.0,
            100.0,
            100.0,
            100.0,
            100.0,
            100.0,
            100.0,
            100.0,
            100.0,
            100.0,
            100.0
        ],
        "delivery_time": [
            24.75,
            24.25,
            24.833333333333332,
            25.766666666666666,
            24.183333333333334,
            24.766666666666666,
            24.883333333333333,
            24.466666666666665,
            25.016666666666666,
            24.15,
            23.266666666666666,
            25.6,
            23.516666666666666,
            24.033333333333335,
            25.933333333333334,
            23.9,
            24.5,
            24.85,
            24.466666666666665,
            24.583333333333332,
            24.083333333333332,
            24.583333333333332,
            22.816666666666666,
            23.45,
            24.933333333333334,
            22.983333333333334,
            24.9,
            23.033333333333335,
            24.966666666666665,
            23.866666666666667,
            23.833333333333332,
            24.25,
            23.583333333333332,
            24.683333333333334,
            24.183333333333334,
            24.85,
            23.816666666666666,
            24.0,
            23.533333333333335,
            23.483333333333334,
            24.666666666666668,
            23.683333333333334,
            25.383333333333333,
            24.733333333333334,
            24.683333333333334,
            24.683333333333334,
            23.95,
            25.416666666666668,
            25.616666666666667,
            24.033333333333335
        ],
        "disagreement": [
            0.0,
            0.0,
            0.0,
            0.0,
            0.0,
            0.0,
            0.0,
            0.0,
            0.0,
            0.0,
            0.0,
            0.0,
            0.0,
            0.0,
            0.0,
            0.0,
            0.0,
            0.0,
            0.0,
            0.0,
            0.0,
            0.0,
            0.0,
            0.0,
            0.0,
            0.0,
            0.0,
            0.0,
            0.0,
            0.0,
            0.0,
            0.0,
            0.0,
            0.0,
            0.0,
            0.0,
            0.0,
            0.0,
            0.0,
            0.0,
            0.0,
            0.0,
            0.0,
            0.0,
            0.0,
            0.0,
            0.0,
            0.0,
            0.0,
            0.0
        ],
        "disagreement_frequency": [],
        "f": 40,
        "finishing_steps": [
            4,
            4,
            4,
            4,
            4,
            4,
            4,
            4,
            4,
            4,
            4,
            4,
            4,
            4,
            4,
            4,
            4,
            4,
            4,
            4,
            4,
            4,
            4,
            4,
            4,
            4,
            4,
            4,
            4,
            4,
            4,
            4,
            4,
            4,
            4,
            4,
            4,
            4,
            4,
            4,
            4,
            4,
            4,
            4,
            4,
            4,
            4,
            4,
            4,
            4
        ],
        "n": 100,
        "p": 80,
        "termination_rate": [
            1.0,
            1.0,
            1.0,
            1.0,
            1.0,
            1.0,
            1.0,
            1.0,
            1.0,
            1.0,
            1.0,
            1.0,
            1.0,
            1.0,
            1.0,
            1.0,
            1.0,
            1.0,
            1.0,
            1.0,
            1.0,
            1.0,
            1.0,
            1.0,
            1.0,
            1.0,
            1.0,
            1.0,
            1.0,
            1.0,
            1.0,
            1.0,
            1.0,
            1.0,
            1.0,
            1.0,
            1.0,
            1.0,
            1.0,
            1.0,
            1.0,
            1.0,
            1.0,
            1.0,
            1.0,
            1.0,
            1.0,
            1.0,
            1.0,
            1.0
        ],
        "total_msgs_sent": [
            18000,
            18000,
            18000,
            18000,
            18000,
            18000,
            18000,
            18000,
            18000,
            18000,
            18000,
            18000,
            18000,
            18000,
            18000,
            18000,
            18000,
            18000,
            18000,
            18000,
            18000,
            18000,
            18000,
            18000,
            18000,
            18000,
            18000,
            18000,
            18000,
            18000,
            18000,
            18000,
            18000,
            18000,
            18000,
            18000,
            18000,
            18000,
            18000,
            18000,
            18000,
            18000,
            18000,
            18000,
            18000,
            18000,
            18000,
            18000,
            18000,
            18000
        ]
    },
    "RunTime": 193.272839069
}
