{
    "Results": {
        "c": 60,
        "delivery_nodes": [
            100.0,
            0.0,
            100.0,
            0.0,
            0.0,
            0.0,
            0.0,
            100.0,
            0.0,
            0.0,
            100.0,
            0.0,
            0.0,
            0.0,
            100.0,
            100.0,
            0.0,
            100.0,
            0.0,
            0.0,
            100.0,
            100.0,
            100.0,
            0.0,
            0.0,
            0.0,
            100.0,
            100.0,
            0.0,
            0.0,
            0.0,
            0.0,
            100.0,
            0.0,
            0.0,
            0.0,
            0.0,
            100.0,
            100.0,
            100.0,
            0.0,
            0.0,
            0.0,
            0.0,
            0.0,
            0.0,
            0.0,
            100.0,
            0.0,
            0.0
        ],
        "delivery_time": [
            25.8,
            0.0,
            26.033333333333335,
            0.0,
            0.0,
            0.0,
            0.0,
            26.733333333333334,
            0.0,
            0.0,
            26.15,
            0.0,
            0.0,
            0.0,
            25.916666666666668,
            26.133333333333333,
            0.0,
            26.383333333333333,
            0.0,
            0.0,
            25.883333333333333,
            26.516666666666666,
            26.45,
            0.0,
            0.0,
            0.0,
            27.116666666666667,
            26.066666666666666,
            0.0,
            0.0,
            0.0,
            0.0,
            25.55,
            0.0,
            0.0,
            0.0,
            0.0,
            26.133333333333333,
            25.883333333333333,
            26.033333333333335,
            0.0,
            0.0,
            0.0,
            0.0,
            0.0,
            0.0,
            0.0,
            25.833333333333332,
            0.0,
            0.0
        ],
        "disagreement": [
            0.0,
            0.0,
            0.0,
            0.0,
            0.0,
            0.0,
            0.0,
            0.0,
            0.0,
            0.0,
            0.0,
            0.0,
            0.0,
            0.0,
            0.0,
            0.0,
            0.0,
            0.0,
            0.0,
            0.0,
            0.0,
            0.0,
            0.0,
            0.0,
            0.0,
            0.0,
            0.0,
            0.0,
            0.0,
            0.0,
            0.0,
            0.0,
            0.0,
            0.0,
            0.0,
            0.0,
            0.0,
            0.0,
            0.0,
            0.0,
            0.0,
            0.0,
            0.0,
            0.0,
            0.0,
            0.0,
            0.0,
            0.0,
            0.0,
            0.0
        ],
        "disagreement_frequency": [],
        "f": 40,
        "finishing_steps": [
            4,
            0,
            4,
            0,
            0,
            0,
            0,
            4,
            0,
            0,
            4,
            0,
            0,
            0,
            4,
            4,
            0,
            4,
            0,
            0,
            4,
            4,
            4,
            0,
            0,
            0,
            4,
            4,
            0,
            0,
            0,
            0,
            4,
            0,
            0,
            0,
            0,
            4,
            4,
            4,
            0,
            0,
            0,
            0,
            0,
            0,
            0,
            4,
            0,
            0
        ],
        "n": 100,
        "p": 50,
        "termination_rate": [
            1.0,
            0.0,
            1.0,
            0.0,
            0.0,
            0.0,
            0.0,
            1.0,
            0.0,
            0.0,
            1.0,
            0.0,
            0.0,
            0.0,
            1.0,
            1.0,
            0.0,
            1.0,
            0.0,
            0.0,
            1.0,
            1.0,
            1.0,
            0.0,
            0.0,
            0.0,
            1.0,
            1.0,
            0.0,
            0.0,
            0.0,
            0.0,
            1.0,
            0.0,
            0.0,
            0.0,
            0.0,
            1.0,
            1.0,
            1.0,
            0.0,
            0.0,
            0.0,
            0.0,
            0.0,
            0.0,
            0.0,
            1.0,
            0.0,
            0.0
        ],
        "total_msgs_sent": [
            18000,
            12000,
            18000,
            12000,
            12000,
            12000,
            12000,
            18000,
            12000,
            12000,
            18000,
            12000,
            12000,
            12000,
            18000,
            18000,
            12000,
            18000,
            12000,
            12000,
            18000,
            18000,
            18000,
            12000,
            12000,
            12000,
            18000,
            18000,
            12000,
            12000,
            12000,
            12000,
            18000,
            12000,
            12000,
            12000,
            12000,
            18000,
            18000,
            18000,
            12000,
            12000,
            12000,
            12000,
            12000,
            12000,
            12000,
            18000,
            12000,
            12000
        ]
    },
    "RunTime": 150.696608633
}
