{
    "Results": {
        "c": 67,
        "delivery_nodes": [
            100.0,
            100.0,
            100.0,
            100.0,
            100.0,
            100.0,
            100.0,
            100.0,
            100.0,
            100.0,
            100.0,
            100.0,
            100.0,
            100.0,
            100.0,
            100.0,
            100.0,
            100.0,
            100.0,
            100.0,
            100.0,
            100.0,
            100.0,
            100.0,
            100.0,
            100.0,
            100.0,
            100.0,
            100.0,
            100.0,
            100.0,
            100.0,
            100.0,
            100.0,
            100.0,
            100.0,
            100.0,
            100.0,
            100.0,
            100.0,
            100.0,
            100.0,
            100.0,
            100.0,
            100.0,
            100.0,
            100.0,
            100.0,
            100.0,
            100.0
        ],
        "delivery_time": [
            19.686567164179106,
            19.582089552238806,
            19.208955223880597,
            19.34328358208955,
            19.35820895522388,
            18.55223880597015,
            19.134328358208954,
            19.46268656716418,
            19.328358208955223,
            19.492537313432837,
            19.761194029850746,
            19.567164179104477,
            19.253731343283583,
            19.35820895522388,
            19.492537313432837,
            19.597014925373134,
            19.238805970149254,
            19.597014925373134,
            19.73134328358209,
            19.492537313432837,
            19.34328358208955,
            19.26865671641791,
            19.55223880597015,
            18.955223880597014,
            19.850746268656717,
            19.0,
            18.98507462686567,
            19.28358208955224,
            19.08955223880597,
            19.46268656716418,
            19.47761194029851,
            19.55223880597015,
            19.417910447761194,
            19.26865671641791,
            19.71641791044776,
            19.761194029850746,
            18.686567164179106,
            19.01492537313433,
            19.611940298507463,
            18.865671641791046,
            19.55223880597015,
            19.35820895522388,
            19.029850746268657,
            19.17910447761194,
            19.35820895522388,
            19.686567164179106,
            18.940298507462686,
            19.34328358208955,
            19.52238805970149,
            19.62686567164179
        ],
        "disagreement": [
            0.0,
            0.0,
            0.0,
            0.0,
            0.0,
            0.0,
            0.0,
            0.0,
            0.0,
            0.0,
            0.0,
            0.0,
            0.0,
            0.0,
            0.0,
            0.0,
            0.0,
            0.0,
            0.0,
            0.0,
            0.0,
            0.0,
            0.0,
            0.0,
            0.0,
            0.0,
            0.0,
            0.0,
            0.0,
            0.0,
            0.0,
            0.0,
            0.0,
            0.0,
            0.0,
            0.0,
            0.0,
            0.0,
            0.0,
            0.0,
            0.0,
            0.0,
            0.0,
            0.0,
            0.0,
            0.0,
            0.0,
            0.0,
            0.0,
            0.0
        ],
        "disagreement_frequency": [],
        "f": 33,
        "finishing_steps": [
            2,
            2,
            2,
            2,
            2,
            2,
            2,
            2,
            2,
            2,
            2,
            2,
            2,
            2,
            2,
            2,
            2,
            2,
            2,
            2,
            2,
            2,
            2,
            2,
            2,
            2,
            2,
            2,
            2,
            2,
            2,
            2,
            2,
            2,
            2,
            2,
            2,
            2,
            2,
            2,
            2,
            2,
            2,
            2,
            2,
            2,
            2,
            2,
            2,
            2
        ],
        "n": 100,
        "p": 100,
        "termination_rate": [
            1.0,
            1.0,
            1.0,
            1.0,
            1.0,
            1.0,
            1.0,
            1.0,
            1.0,
            1.0,
            1.0,
            1.0,
            1.0,
            1.0,
            1.0,
            1.0,
            1.0,
            1.0,
            1.0,
            1.0,
            1.0,
            1.0,
            1.0,
            1.0,
            1.0,
            1.0,
            1.0,
            1.0,
            1.0,
            1.0,
            1.0,
            1.0,
            1.0,
            1.0,
            1.0,
            1.0,
            1.0,
            1.0,
            1.0,
            1.0,
            1.0,
            1.0,
            1.0,
            1.0,
            1.0,
            1.0,
            1.0,
            1.0,
            1.0,
            1.0
        ],
        "total_msgs_sent": [
            26800,
            26900,
            27700,
            27000,
            26800,
            28400,
            27300,
            26800,
            28700,
            28100,
            26800,
            27300,
            27700,
            28300,
            28700,
            28200,
            27300,
            26800,
            26800,
            28500,
            27800,
            26800,
            26800,
            29100,
            26900,
            28500,
            27300,
            26800,
            27800,
            28700,
            27200,
            30900,
            27600,
            28600,
            26800,
            26800,
            28400,
            28400,
            27000,
            29600,
            26900,
            27100,
            27500,
            27500,
            27500,
            27100,
            28700,
            28100,
            27000,
            26800
        ]
    },
    "RunTime": 230.516581045
}
