{
    "Results": {
        "c": 60,
        "delivery_nodes": [
            100.0,
            100.0,
            100.0,
            100.0,
            100.0,
            100.0,
            100.0,
            100.0,
            100.0,
            100.0,
            100.0,
            100.0,
            100.0,
            100.0,
            100.0,
            100.0,
            100.0,
            100.0,
            100.0,
            100.0,
            100.0,
            100.0,
            100.0,
            100.0,
            100.0,
            100.0,
            100.0,
            100.0,
            100.0,
            100.0,
            100.0,
            100.0,
            100.0,
            100.0,
            100.0,
            100.0,
            100.0,
            100.0,
            100.0,
            100.0,
            100.0,
            100.0,
            100.0,
            100.0,
            100.0,
            100.0,
            100.0,
            100.0,
            100.0,
            100.0
        ],
        "delivery_time": [
            18.866666666666667,
            19.45,
            19.2,
            19.166666666666668,
            18.9,
            17.9,
            18.266666666666666,
            19.0,
            18.933333333333334,
            18.55,
            19.6,
            19.383333333333333,
            19.633333333333333,
            18.883333333333333,
            19.266666666666666,
            19.283333333333335,
            19.3,
            18.816666666666666,
            19.55,
            18.983333333333334,
            19.55,
            19.766666666666666,
            19.683333333333334,
            19.333333333333332,
            19.333333333333332,
            18.25,
            18.533333333333335,
            18.1,
            19.516666666666666,
            19.383333333333333,
            18.85,
            19.133333333333333,
            19.183333333333334,
            19.616666666666667,
            18.783333333333335,
            19.15,
            19.633333333333333,
            19.433333333333334,
            18.6,
            19.166666666666668,
            18.5,
            19.366666666666667,
            18.8,
            18.333333333333332,
            19.333333333333332,
            19.016666666666666,
            19.283333333333335,
            18.933333333333334,
            18.4,
            19.383333333333333
        ],
        "disagreement": [
            0.0,
            0.0,
            0.0,
            0.0,
            0.0,
            0.0,
            0.0,
            0.0,
            0.0,
            0.0,
            0.0,
            0.0,
            0.0,
            0.0,
            0.0,
            0.0,
            0.0,
            0.0,
            0.0,
            0.0,
            0.0,
            0.0,
            0.0,
            0.0,
            0.0,
            0.0,
            0.0,
            0.0,
            0.0,
            0.0,
            0.0,
            0.0,
            0.0,
            0.0,
            0.0,
            0.0,
            0.0,
            0.0,
            0.0,
            0.0,
            0.0,
            0.0,
            0.0,
            0.0,
            0.0,
            0.0,
            0.0,
            0.0,
            0.0,
            0.0
        ],
        "disagreement_frequency": [],
        "f": 40,
        "finishing_steps": [
            2,
            2,
            2,
            2,
            2,
            2,
            2,
            2,
            2,
            2,
            2,
            2,
            2,
            2,
            2,
            2,
            2,
            2,
            2,
            2,
            2,
            2,
            2,
            2,
            2,
            2,
            2,
            2,
            2,
            2,
            2,
            2,
            2,
            2,
            2,
            2,
            2,
            2,
            2,
            2,
            2,
            2,
            2,
            2,
            2,
            2,
            2,
            2,
            2,
            2
        ],
        "n": 100,
        "p": 100,
        "termination_rate": [
            1.0,
            1.0,
            1.0,
            1.0,
            1.0,
            1.0,
            1.0,
            1.0,
            1.0,
            1.0,
            1.0,
            1.0,
            1.0,
            1.0,
            1.0,
            1.0,
            1.0,
            1.0,
            1.0,
            1.0,
            1.0,
            1.0,
            1.0,
            1.0,
            1.0,
            1.0,
            1.0,
            1.0,
            1.0,
            1.0,
            1.0,
            1.0,
            1.0,
            1.0,
            1.0,
            1.0,
            1.0,
            1.0,
            1.0,
            1.0,
            1.0,
            1.0,
            1.0,
            1.0,
            1.0,
            1.0,
            1.0,
            1.0,
            1.0,
            1.0
        ],
        "total_msgs_sent": [
            29100,
            29600,
            29200,
            29900,
            28400,
            29400,
            29200,
            29300,
            28800,
            28300,
            29600,
            29400,
            29700,
            29400,
            29400,
            29500,
            29700,
            29700,
            29000,
            29000,
            29700,
            30000,
            29600,
            29700,
            29700,
            28900,
            29700,
            29600,
            29400,
            29500,
            29700,
            29100,
            29600,
            29500,
            28400,
            28800,
            29600,
            29800,
            28700,
            29900,
            28800,
            29700,
            29200,
            28900,
            29700,
            29200,
            29500,
            29500,
            28800,
            29100
        ]
    },
    "RunTime": 267.228659022
}
