{
    "Results": {
        "c": 75,
        "delivery_nodes": [
            100.0,
            100.0,
            100.0,
            100.0,
            100.0,
            100.0,
            100.0,
            100.0,
            100.0,
            100.0,
            100.0,
            100.0,
            100.0,
            100.0,
            100.0,
            100.0,
            100.0,
            100.0,
            100.0,
            100.0,
            100.0,
            100.0,
            100.0,
            100.0,
            100.0,
            100.0,
            100.0,
            100.0,
            100.0,
            100.0,
            100.0,
            100.0,
            100.0,
            100.0,
            100.0,
            100.0,
            100.0,
            100.0,
            100.0,
            100.0,
            100.0,
            100.0,
            100.0,
            100.0,
            100.0,
            100.0,
            100.0,
            100.0,
            100.0,
            100.0
        ],
        "delivery_time": [
            18.826666666666668,
            18.68,
            19.746666666666666,
            19.706666666666667,
            19.4,
            19.293333333333333,
            19.32,
            19.066666666666666,
            19.253333333333334,
            19.24,
            19.653333333333332,
            19.72,
            19.573333333333334,
            19.826666666666668,
            18.56,
            19.68,
            19.173333333333332,
            19.613333333333333,
            19.48,
            19.013333333333332,
            19.386666666666667,
            19.413333333333334,
            18.773333333333333,
            19.466666666666665,
            19.426666666666666,
            18.733333333333334,
            18.92,
            19.30666666666667,
            18.826666666666668,
            19.14666666666667,
            19.56,
            18.786666666666665,
            18.973333333333333,
            19.346666666666668,
            19.4,
            19.68,
            19.64,
            19.32,
            19.466666666666665,
            19.066666666666666,
            19.493333333333332,
            19.773333333333333,
            19.413333333333334,
            18.933333333333334,
            19.493333333333332,
            19.48,
            18.84,
            19.386666666666667,
            19.6,
            19.413333333333334
        ],
        "disagreement": [
            0.0,
            0.0,
            0.0,
            0.0,
            0.0,
            0.0,
            0.0,
            0.0,
            0.0,
            0.0,
            0.0,
            0.0,
            0.0,
            0.0,
            0.0,
            0.0,
            0.0,
            0.0,
            0.0,
            0.0,
            0.0,
            0.0,
            0.0,
            0.0,
            0.0,
            0.0,
            0.0,
            0.0,
            0.0,
            0.0,
            0.0,
            0.0,
            0.0,
            0.0,
            0.0,
            0.0,
            0.0,
            0.0,
            0.0,
            0.0,
            0.0,
            0.0,
            0.0,
            0.0,
            0.0,
            0.0,
            0.0,
            0.0,
            0.0,
            0.0
        ],
        "disagreement_frequency": [],
        "f": 25,
        "finishing_steps": [
            2,
            2,
            2,
            2,
            2,
            2,
            2,
            2,
            2,
            2,
            2,
            2,
            2,
            2,
            2,
            2,
            2,
            2,
            2,
            2,
            2,
            2,
            2,
            2,
            2,
            2,
            2,
            2,
            2,
            2,
            2,
            2,
            2,
            2,
            2,
            2,
            2,
            2,
            2,
            2,
            2,
            2,
            2,
            2,
            2,
            2,
            2,
            2,
            2,
            2
        ],
        "n": 100,
        "p": 100,
        "termination_rate": [
            1.0,
            1.0,
            1.0,
            1.0,
            1.0,
            1.0,
            1.0,
            1.0,
            1.0,
            1.0,
            1.0,
            1.0,
            1.0,
            1.0,
            1.0,
            1.0,
            1.0,
            1.0,
            1.0,
            1.0,
            1.0,
            1.0,
            1.0,
            1.0,
            1.0,
            1.0,
            1.0,
            1.0,
            1.0,
            1.0,
            1.0,
            1.0,
            1.0,
            1.0,
            1.0,
            1.0,
            1.0,
            1.0,
            1.0,
            1.0,
            1.0,
            1.0,
            1.0,
            1.0,
            1.0,
            1.0,
            1.0,
            1.0,
            1.0,
            1.0
        ],
        "total_msgs_sent": [
            30000,
            30000,
            30000,
            30000,
            30000,
            30000,
            30000,
            30000,
            30000,
            30000,
            30000,
            30000,
            30000,
            30000,
            30000,
            30000,
            30000,
            30000,
            30000,
            30000,
            30000,
            30000,
            30000,
            30000,
            30000,
            30000,
            30000,
            30000,
            30000,
            30000,
            30000,
            30000,
            30000,
            30000,
            30000,
            30000,
            30000,
            30000,
            30000,
            30000,
            30000,
            30000,
            30000,
            30000,
            30000,
            30000,
            30000,
            30000,
            30000,
            30000
        ]
    },
    "RunTime": 243.207592954
}
