{
    "Results": {
        "c": 75,
        "delivery_nodes": [
            100.0,
            100.0,
            100.0,
            100.0,
            100.0,
            100.0,
            100.0,
            100.0,
            100.0,
            100.0,
            100.0,
            100.0,
            100.0,
            100.0,
            100.0,
            100.0,
            100.0,
            100.0,
            100.0,
            100.0,
            100.0,
            100.0,
            100.0,
            100.0,
            100.0,
            100.0,
            100.0,
            100.0,
            100.0,
            100.0,
            100.0,
            100.0,
            100.0,
            100.0,
            100.0,
            100.0,
            100.0,
            100.0,
            100.0,
            100.0,
            100.0,
            100.0,
            100.0,
            100.0,
            100.0,
            100.0,
            100.0,
            100.0,
            100.0,
            100.0
        ],
        "delivery_time": [
            17.85333333333333,
            18.32,
            18.88,
            17.733333333333334,
            18.173333333333332,
            17.72,
            18.68,
            17.186666666666667,
            18.186666666666667,
            19.24,
            17.826666666666668,
            18.85333333333333,
            19.0,
            18.346666666666668,
            18.573333333333334,
            18.466666666666665,
            18.386666666666667,
            17.826666666666668,
            18.493333333333332,
            18.72,
            16.68,
            18.413333333333334,
            18.533333333333335,
            17.88,
            18.466666666666665,
            18.133333333333333,
            18.04,
            18.053333333333335,
            17.24,
            18.266666666666666,
            18.253333333333334,
            18.186666666666667,
            18.173333333333332,
            18.786666666666665,
            18.226666666666667,
            18.493333333333332,
            17.373333333333335,
            18.133333333333333,
            18.293333333333333,
            17.8,
            17.946666666666665,
            18.333333333333332,
            18.2,
            17.973333333333333,
            18.36,
            17.986666666666668,
            17.92,
            18.0,
            18.533333333333335,
            18.053333333333335
        ],
        "disagreement": [
            0.0,
            0.0,
            0.0,
            0.0,
            0.0,
            0.0,
            0.0,
            0.0,
            0.0,
            0.0,
            0.0,
            0.0,
            0.0,
            0.0,
            0.0,
            0.0,
            0.0,
            0.0,
            0.0,
            0.0,
            0.0,
            0.0,
            0.0,
            0.0,
            0.0,
            0.0,
            0.0,
            0.0,
            0.0,
            0.0,
            0.0,
            0.0,
            0.0,
            0.0,
            0.0,
            0.0,
            0.0,
            0.0,
            0.0,
            0.0,
            0.0,
            0.0,
            0.0,
            0.0,
            0.0,
            0.0,
            0.0,
            0.0,
            0.0,
            0.0
        ],
        "disagreement_frequency": [],
        "f": 25,
        "finishing_steps": [
            2,
            2,
            2,
            2,
            2,
            2,
            2,
            2,
            2,
            2,
            2,
            2,
            2,
            2,
            2,
            2,
            2,
            2,
            2,
            2,
            2,
            2,
            2,
            2,
            2,
            2,
            2,
            2,
            2,
            2,
            2,
            2,
            2,
            2,
            2,
            2,
            2,
            2,
            2,
            2,
            2,
            2,
            2,
            2,
            2,
            2,
            2,
            2,
            2,
            2
        ],
        "n": 100,
        "p": 100,
        "termination_rate": [
            1.0,
            1.0,
            1.0,
            1.0,
            1.0,
            1.0,
            1.0,
            1.0,
            1.0,
            1.0,
            1.0,
            1.0,
            1.0,
            1.0,
            1.0,
            1.0,
            1.0,
            1.0,
            1.0,
            1.0,
            1.0,
            1.0,
            1.0,
            1.0,
            1.0,
            1.0,
            1.0,
            1.0,
            1.0,
            1.0,
            1.0,
            1.0,
            1.0,
            1.0,
            1.0,
            1.0,
            1.0,
            1.0,
            1.0,
            1.0,
            1.0,
            1.0,
            1.0,
            1.0,
            1.0,
            1.0,
            1.0,
            1.0,
            1.0,
            1.0
        ],
        "total_msgs_sent": [
            15000,
            15000,
            15000,
            15000,
            15000,
            15000,
            15000,
            15000,
            15000,
            15000,
            15000,
            15000,
            15000,
            15000,
            15000,
            15000,
            15000,
            15000,
            15000,
            15000,
            15000,
            15000,
            15000,
            15000,
            15000,
            15000,
            15000,
            15000,
            15000,
            15000,
            15000,
            15000,
            15000,
            15000,
            15000,
            15000,
            15000,
            15000,
            15000,
            15000,
            15000,
            15000,
            15000,
            15000,
            15000,
            15000,
            15000,
            15000,
            15000,
            15000
        ]
    },
    "RunTime": 169.660625468
}
