{
    "Results": {
        "c": 67,
        "delivery_nodes": [
            100.0,
            100.0,
            100.0,
            100.0,
            100.0,
            100.0,
            100.0,
            100.0,
            100.0,
            100.0,
            100.0,
            100.0,
            100.0,
            100.0,
            100.0,
            100.0,
            100.0,
            100.0,
            100.0,
            100.0,
            100.0,
            100.0,
            100.0,
            100.0,
            100.0,
            100.0,
            100.0,
            100.0,
            100.0,
            100.0,
            100.0,
            100.0,
            100.0,
            100.0,
            100.0,
            100.0,
            100.0,
            100.0,
            100.0,
            100.0,
            100.0,
            100.0,
            100.0,
            100.0,
            100.0,
            100.0,
            100.0,
            100.0,
            100.0,
            100.0
        ],
        "delivery_time": [
            25.35820895522388,
            25.492537313432837,
            25.507462686567163,
            25.313432835820894,
            25.671641791044777,
            25.65671641791045,
            25.80597014925373,
            25.611940298507463,
            25.507462686567163,
            25.91044776119403,
            25.80597014925373,
            25.925373134328357,
            25.597014925373134,
            25.65671641791045,
            25.253731343283583,
            25.776119402985074,
            25.791044776119403,
            25.55223880597015,
            25.776119402985074,
            25.925373134328357,
            25.507462686567163,
            25.53731343283582,
            25.91044776119403,
            25.64179104477612,
            25.73134328358209,
            25.671641791044777,
            25.611940298507463,
            25.865671641791046,
            25.686567164179106,
            25.71641791044776,
            25.925373134328357,
            25.970149253731343,
            25.64179104477612,
            25.850746268656717,
            25.761194029850746,
            25.70149253731343,
            25.17910447761194,
            25.746268656716417,
            25.71641791044776,
            25.850746268656717,
            25.62686567164179,
            25.865671641791046,
            25.65671641791045,
            25.865671641791046,
            25.82089552238806,
            25.955223880597014,
            25.402985074626866,
            25.611940298507463,
            25.83582089552239,
            25.98507462686567
        ],
        "disagreement": [
            0.0,
            0.0,
            0.0,
            0.0,
            0.0,
            0.0,
            0.0,
            0.0,
            0.0,
            0.0,
            0.0,
            0.0,
            0.0,
            0.0,
            0.0,
            0.0,
            0.0,
            0.0,
            0.0,
            0.0,
            0.0,
            0.0,
            0.0,
            0.0,
            0.0,
            0.0,
            0.0,
            0.0,
            0.0,
            0.0,
            0.0,
            0.0,
            0.0,
            0.0,
            0.0,
            0.0,
            0.0,
            0.0,
            0.0,
            0.0,
            0.0,
            0.0,
            0.0,
            0.0,
            0.0,
            0.0,
            0.0,
            0.0,
            0.0,
            0.0
        ],
        "disagreement_frequency": [],
        "f": 33,
        "finishing_steps": [
            2,
            2,
            2,
            2,
            2,
            2,
            2,
            2,
            2,
            2,
            2,
            2,
            2,
            2,
            2,
            2,
            2,
            2,
            2,
            2,
            2,
            2,
            2,
            2,
            2,
            2,
            2,
            2,
            2,
            2,
            2,
            2,
            2,
            2,
            2,
            2,
            2,
            2,
            2,
            2,
            2,
            2,
            2,
            2,
            2,
            2,
            2,
            2,
            2,
            2
        ],
        "n": 100,
        "p": 100,
        "termination_rate": [
            1.0,
            1.0,
            1.0,
            1.0,
            1.0,
            1.0,
            1.0,
            1.0,
            1.0,
            1.0,
            1.0,
            1.0,
            1.0,
            1.0,
            1.0,
            1.0,
            1.0,
            1.0,
            1.0,
            1.0,
            1.0,
            1.0,
            1.0,
            1.0,
            1.0,
            1.0,
            1.0,
            1.0,
            1.0,
            1.0,
            1.0,
            1.0,
            1.0,
            1.0,
            1.0,
            1.0,
            1.0,
            1.0,
            1.0,
            1.0,
            1.0,
            1.0,
            1.0,
            1.0,
            1.0,
            1.0,
            1.0,
            1.0,
            1.0,
            1.0
        ],
        "total_msgs_sent": [
            13400,
            13400,
            13400,
            13400,
            13400,
            13400,
            13400,
            13400,
            13400,
            13400,
            13400,
            13400,
            13400,
            13400,
            13400,
            13400,
            13400,
            13400,
            13400,
            13400,
            13400,
            13400,
            13400,
            13400,
            13400,
            13400,
            13400,
            13400,
            13400,
            13400,
            13400,
            13400,
            13400,
            13400,
            13400,
            13400,
            13400,
            13400,
            13400,
            13400,
            13400,
            13400,
            13400,
            13400,
            13400,
            13400,
            13400,
            13400,
            13400,
            13400
        ]
    },
    "RunTime": 166.034572834
}
