{
    "Results": {
        "c": 81,
        "delivery_nodes": [
            100.0,
            100.0,
            100.0,
            100.0,
            100.0,
            100.0,
            100.0,
            100.0,
            100.0,
            100.0,
            100.0,
            100.0,
            100.0,
            100.0,
            100.0,
            100.0,
            100.0,
            100.0,
            100.0,
            100.0,
            100.0,
            100.0,
            100.0,
            100.0,
            100.0,
            100.0,
            100.0,
            100.0,
            100.0,
            100.0,
            100.0,
            100.0,
            100.0,
            100.0,
            100.0,
            100.0,
            100.0,
            100.0,
            100.0,
            100.0,
            100.0,
            100.0,
            100.0,
            100.0,
            100.0,
            100.0,
            100.0,
            100.0,
            100.0,
            100.0
        ],
        "delivery_time": [
            17.22222222222222,
            16.814814814814813,
            16.098765432098766,
            16.864197530864196,
            16.604938271604937,
            16.938271604938272,
            16.790123456790123,
            16.444444444444443,
            17.444444444444443,
            17.11111111111111,
            16.51851851851852,
            17.666666666666668,
            17.098765432098766,
            17.493827160493826,
            16.160493827160494,
            17.037037037037038,
            16.506172839506174,
            17.02469135802469,
            16.34567901234568,
            16.555555555555557,
            17.419753086419753,
            17.012345679012345,
            16.77777777777778,
            17.814814814814813,
            16.839506172839506,
            17.308641975308642,
            16.65432098765432,
            17.0,
            17.074074074074073,
            16.444444444444443,
            16.65432098765432,
            16.333333333333332,
            17.34567901234568,
            17.074074074074073,
            16.62962962962963,
            17.049382716049383,
            17.469135802469136,
            16.432098765432098,
            17.28395061728395,
            17.08641975308642,
            17.08641975308642,
            17.296296296296298,
            16.987654320987655,
            17.82716049382716,
            17.901234567901234,
            16.333333333333332,
            16.71604938271605,
            17.049382716049383,
            16.617283950617285,
            17.469135802469136
        ],
        "disagreement": [
            0.0,
            0.0,
            0.0,
            0.0,
            0.0,
            0.0,
            0.0,
            0.0,
            0.0,
            0.0,
            0.0,
            0.0,
            0.0,
            0.0,
            0.0,
            0.0,
            0.0,
            0.0,
            0.0,
            0.0,
            0.0,
            0.0,
            0.0,
            0.0,
            0.0,
            0.0,
            0.0,
            0.0,
            0.0,
            0.0,
            0.0,
            0.0,
            0.0,
            0.0,
            0.0,
            0.0,
            0.0,
            0.0,
            0.0,
            0.0,
            0.0,
            0.0,
            0.0,
            0.0,
            0.0,
            0.0,
            0.0,
            0.0,
            0.0,
            0.0
        ],
        "disagreement_frequency": [],
        "f": 19,
        "finishing_steps": [
            2,
            2,
            2,
            2,
            2,
            2,
            2,
            2,
            2,
            2,
            2,
            2,
            2,
            2,
            2,
            2,
            2,
            2,
            2,
            2,
            2,
            2,
            2,
            2,
            2,
            2,
            2,
            2,
            2,
            2,
            2,
            2,
            2,
            2,
            2,
            2,
            2,
            2,
            2,
            2,
            2,
            2,
            2,
            2,
            2,
            2,
            2,
            2,
            2,
            2
        ],
        "n": 100,
        "p": 90,
        "termination_rate": [
            1.0,
            1.0,
            1.0,
            1.0,
            1.0,
            1.0,
            1.0,
            1.0,
            1.0,
            1.0,
            1.0,
            1.0,
            1.0,
            1.0,
            1.0,
            1.0,
            1.0,
            1.0,
            1.0,
            1.0,
            1.0,
            1.0,
            1.0,
            1.0,
            1.0,
            1.0,
            1.0,
            1.0,
            1.0,
            1.0,
            1.0,
            1.0,
            1.0,
            1.0,
            1.0,
            1.0,
            1.0,
            1.0,
            1.0,
            1.0,
            1.0,
            1.0,
            1.0,
            1.0,
            1.0,
            1.0,
            1.0,
            1.0,
            1.0,
            1.0
        ],
        "total_msgs_sent": [
            16200,
            16200,
            16200,
            16200,
            16200,
            16200,
            16200,
            16200,
            16200,
            16200,
            16200,
            16200,
            16200,
            16200,
            16200,
            16200,
            16200,
            16200,
            16200,
            16200,
            16200,
            16200,
            16200,
            16200,
            16200,
            16200,
            16200,
            16200,
            16200,
            16200,
            16200,
            16200,
            16200,
            16200,
            16200,
            16200,
            16200,
            16200,
            16200,
            16200,
            16200,
            16200,
            16200,
            16200,
            16200,
            16200,
            16200,
            16200,
            16200,
            16200
        ]
    },
    "RunTime": 150.866557049
}
