{
    "Results": {
        "c": 67,
        "delivery_nodes": [
            0.0,
            0.0,
            0.0,
            100.0,
            0.0,
            0.0,
            0.0,
            0.0,
            0.0,
            0.0,
            0.0,
            0.0,
            0.0,
            100.0,
            0.0,
            0.0,
            0.0,
            0.0,
            0.0,
            0.0,
            0.0,
            0.0,
            0.0,
            0.0,
            0.0,
            0.0,
            0.0,
            0.0,
            0.0,
            0.0,
            0.0,
            0.0,
            0.0,
            100.0,
            100.0,
            0.0,
            0.0,
            0.0,
            0.0,
            0.0,
            0.0,
            100.0,
            100.0,
            0.0,
            100.0,
            0.0,
            0.0,
            0.0,
            0.0,
            100.0
        ],
        "delivery_time": [
            0.0,
            0.0,
            0.0,
            32.0,
            0.0,
            0.0,
            0.0,
            0.0,
            0.0,
            0.0,
            0.0,
            0.0,
            0.0,
            31.82089552238806,
            0.0,
            0.0,
            0.0,
            0.0,
            0.0,
            0.0,
            0.0,
            0.0,
            0.0,
            0.0,
            0.0,
            0.0,
            0.0,
            0.0,
            0.0,
            0.0,
            0.0,
            0.0,
            0.0,
            32.0,
            31.059701492537314,
            0.0,
            0.0,
            0.0,
            0.0,
            0.0,
            0.0,
            32.0,
            32.38805970149254,
            0.0,
            31.238805970149254,
            0.0,
            0.0,
            0.0,
            0.0,
            31.970149253731343
        ],
        "disagreement": [
            0.0,
            0.0,
            0.0,
            0.0,
            0.0,
            0.0,
            0.0,
            0.0,
            0.0,
            0.0,
            0.0,
            0.0,
            0.0,
            0.0,
            0.0,
            0.0,
            0.0,
            0.0,
            0.0,
            0.0,
            0.0,
            0.0,
            0.0,
            0.0,
            0.0,
            0.0,
            0.0,
            0.0,
            0.0,
            0.0,
            0.0,
            0.0,
            0.0,
            0.0,
            0.0,
            0.0,
            0.0,
            0.0,
            0.0,
            0.0,
            0.0,
            0.0,
            0.0,
            0.0,
            0.0,
            0.0,
            0.0,
            0.0,
            0.0,
            0.0
        ],
        "disagreement_frequency": [],
        "f": 33,
        "finishing_steps": [
            0,
            0,
            0,
            4,
            0,
            0,
            0,
            0,
            0,
            0,
            0,
            0,
            0,
            4,
            0,
            0,
            0,
            0,
            0,
            0,
            0,
            0,
            0,
            0,
            0,
            0,
            0,
            0,
            0,
            0,
            0,
            0,
            0,
            4,
            4,
            0,
            0,
            0,
            0,
            0,
            0,
            4,
            4,
            0,
            4,
            0,
            0,
            0,
            0,
            4
        ],
        "n": 100,
        "p": 50,
        "termination_rate": [
            0.0,
            0.0,
            0.0,
            1.0,
            0.0,
            0.0,
            0.0,
            0.0,
            0.0,
            0.0,
            0.0,
            0.0,
            0.0,
            1.0,
            0.0,
            0.0,
            0.0,
            0.0,
            0.0,
            0.0,
            0.0,
            0.0,
            0.0,
            0.0,
            0.0,
            0.0,
            0.0,
            0.0,
            0.0,
            0.0,
            0.0,
            0.0,
            0.0,
            1.0,
            1.0,
            0.0,
            0.0,
            0.0,
            0.0,
            0.0,
            0.0,
            1.0,
            1.0,
            0.0,
            1.0,
            0.0,
            0.0,
            0.0,
            0.0,
            1.0
        ],
        "total_msgs_sent": [
            13400,
            13400,
            13400,
            20100,
            13400,
            13400,
            13400,
            13400,
            13400,
            13400,
            13400,
            13400,
            13400,
            20100,
            13400,
            13400,
            13400,
            13400,
            13400,
            13400,
            13400,
            13400,
            13400,
            13400,
            13400,
            13400,
            13400,
            13400,
            13400,
            13400,
            13400,
            13400,
            13400,
            20100,
            20100,
            13400,
            13400,
            13400,
            13400,
            13400,
            13400,
            20100,
            20100,
            13400,
            20100,
            13400,
            13400,
            13400,
            13400,
            20100
        ]
    },
    "RunTime": 171.389620582
}
