{
    "Results": {
        "c": 67,
        "delivery_nodes": [
            100.0,
            100.0,
            0.0,
            0.0,
            0.0,
            0.0,
            0.0,
            0.0,
            0.0,
            0.0,
            0.0,
            100.0,
            0.0,
            0.0,
            0.0,
            100.0,
            100.0,
            0.0,
            0.0,
            0.0,
            0.0,
            100.0,
            0.0,
            100.0,
            0.0,
            0.0,
            100.0,
            100.0,
            100.0,
            100.0,
            0.0,
            0.0,
            0.0,
            0.0,
            0.0,
            100.0,
            0.0,
            0.0,
            100.0,
            100.0,
            100.0,
            100.0,
            0.0,
            0.0,
            100.0,
            100.0,
            0.0,
            0.0,
            100.0,
            0.0
        ],
        "delivery_time": [
            31.970149253731343,
            31.0,
            0.0,
            0.0,
            0.0,
            0.0,
            0.0,
            0.0,
            0.0,
            0.0,
            0.0,
            31.0,
            0.0,
            0.0,
            0.0,
            32.0,
            32.97014925373134,
            0.0,
            0.0,
            0.0,
            0.0,
            31.98507462686567,
            0.0,
            31.0,
            0.0,
            0.0,
            31.865671641791046,
            31.0,
            31.059701492537314,
            31.70149253731343,
            0.0,
            0.0,
            0.0,
            0.0,
            0.0,
            31.98507462686567,
            0.0,
            0.0,
            31.01492537313433,
            33.0,
            31.17910447761194,
            32.53731343283582,
            0.0,
            0.0,
            31.955223880597014,
            31.0,
            0.0,
            0.0,
            32.83582089552239,
            0.0
        ],
        "disagreement": [
            0.0,
            0.0,
            0.0,
            0.0,
            0.0,
            0.0,
            0.0,
            0.0,
            0.0,
            0.0,
            0.0,
            0.0,
            0.0,
            0.0,
            0.0,
            0.0,
            0.0,
            0.0,
            0.0,
            0.0,
            0.0,
            0.0,
            0.0,
            0.0,
            0.0,
            0.0,
            0.0,
            0.0,
            0.0,
            0.0,
            0.0,
            0.0,
            0.0,
            0.0,
            0.0,
            0.0,
            0.0,
            0.0,
            0.0,
            0.0,
            0.0,
            0.0,
            0.0,
            0.0,
            0.0,
            0.0,
            0.0,
            0.0,
            0.0,
            0.0
        ],
        "disagreement_frequency": [],
        "f": 33,
        "finishing_steps": [
            4,
            4,
            0,
            0,
            0,
            0,
            0,
            0,
            0,
            0,
            0,
            4,
            0,
            0,
            0,
            4,
            4,
            0,
            0,
            0,
            0,
            4,
            0,
            4,
            0,
            0,
            4,
            4,
            4,
            4,
            0,
            0,
            0,
            0,
            0,
            4,
            0,
            0,
            4,
            4,
            4,
            4,
            0,
            0,
            4,
            4,
            0,
            0,
            4,
            0
        ],
        "n": 100,
        "p": 70,
        "termination_rate": [
            1.0,
            1.0,
            0.0,
            0.0,
            0.0,
            0.0,
            0.0,
            0.0,
            0.0,
            0.0,
            0.0,
            1.0,
            0.0,
            0.0,
            0.0,
            1.0,
            1.0,
            0.0,
            0.0,
            0.0,
            0.0,
            1.0,
            0.0,
            1.0,
            0.0,
            0.0,
            1.0,
            1.0,
            1.0,
            1.0,
            0.0,
            0.0,
            0.0,
            0.0,
            0.0,
            1.0,
            0.0,
            0.0,
            1.0,
            1.0,
            1.0,
            1.0,
            0.0,
            0.0,
            1.0,
            1.0,
            0.0,
            0.0,
            1.0,
            0.0
        ],
        "total_msgs_sent": [
            20100,
            20100,
            13400,
            13400,
            13400,
            13400,
            13400,
            13400,
            13400,
            13400,
            13400,
            20100,
            13400,
            13400,
            13400,
            20100,
            20100,
            13400,
            13400,
            13400,
            13400,
            20100,
            13400,
            20100,
            13400,
            13400,
            20100,
            20100,
            20100,
            20100,
            13400,
            13400,
            13400,
            13400,
            13400,
            20100,
            13400,
            13400,
            20100,
            20100,
            20100,
            20100,
            13400,
            13400,
            20100,
            20100,
            13400,
            13400,
            20100,
            13400
        ]
    },
    "RunTime": 180.796840727
}
