{
    "Results": {
        "c": 67,
        "delivery_nodes": [
            100.0,
            100.0,
            100.0,
            100.0,
            100.0,
            100.0,
            100.0,
            100.0,
            100.0,
            100.0,
            100.0,
            100.0,
            100.0,
            100.0,
            100.0,
            100.0,
            100.0,
            100.0,
            100.0,
            100.0,
            100.0,
            100.0,
            100.0,
            100.0,
            100.0,
            100.0,
            100.0,
            100.0,
            100.0,
            0.0,
            100.0,
            100.0,
            100.0,
            100.0,
            100.0,
            100.0,
            100.0,
            100.0,
            100.0,
            100.0,
            100.0,
            100.0,
            100.0,
            100.0,
            100.0,
            100.0,
            100.0,
            100.0,
            100.0,
            100.0
        ],
        "delivery_time": [
            31.0,
            31.0,
            31.0,
            30.98507462686567,
            31.0,
            31.313432835820894,
            30.55223880597015,
            31.0,
            31.08955223880597,
            31.0,
            31.0,
            31.0,
            31.01492537313433,
            30.149253731343283,
            31.0,
            31.0,
            31.761194029850746,
            31.0,
            31.402985074626866,
            31.328358208955223,
            31.0,
            30.98507462686567,
            31.0,
            31.253731343283583,
            30.597014925373134,
            31.029850746268657,
            31.65671641791045,
            29.98507462686567,
            30.492537313432837,
            0.0,
            31.0,
            30.970149253731343,
            31.0,
            31.074626865671643,
            31.01492537313433,
            31.0,
            30.970149253731343,
            31.98507462686567,
            31.388059701492537,
            31.0,
            31.0,
            31.0,
            31.0,
            31.029850746268657,
            31.0,
            30.98507462686567,
            31.059701492537314,
            31.0,
            31.0,
            31.0
        ],
        "disagreement": [
            0.0,
            0.0,
            0.0,
            0.0,
            0.0,
            0.0,
            0.0,
            0.0,
            0.0,
            0.0,
            0.0,
            0.0,
            0.0,
            0.0,
            0.0,
            0.0,
            0.0,
            0.0,
            0.0,
            0.0,
            0.0,
            0.0,
            0.0,
            0.0,
            0.0,
            0.0,
            0.0,
            0.0,
            0.0,
            0.0,
            0.0,
            0.0,
            0.0,
            0.0,
            0.0,
            0.0,
            0.0,
            0.0,
            0.0,
            0.0,
            0.0,
            0.0,
            0.0,
            0.0,
            0.0,
            0.0,
            0.0,
            0.0,
            0.0,
            0.0
        ],
        "disagreement_frequency": [],
        "f": 33,
        "finishing_steps": [
            4,
            4,
            4,
            4,
            4,
            4,
            4,
            4,
            4,
            4,
            4,
            4,
            4,
            4,
            4,
            4,
            4,
            4,
            4,
            4,
            4,
            4,
            4,
            4,
            4,
            4,
            4,
            4,
            4,
            0,
            4,
            4,
            4,
            4,
            4,
            4,
            4,
            4,
            4,
            4,
            4,
            4,
            4,
            4,
            4,
            4,
            4,
            4,
            4,
            4
        ],
        "n": 100,
        "p": 90,
        "termination_rate": [
            1.0,
            1.0,
            1.0,
            1.0,
            1.0,
            1.0,
            1.0,
            1.0,
            1.0,
            1.0,
            1.0,
            1.0,
            1.0,
            1.0,
            1.0,
            1.0,
            1.0,
            1.0,
            1.0,
            1.0,
            1.0,
            1.0,
            1.0,
            1.0,
            1.0,
            1.0,
            1.0,
            1.0,
            1.0,
            0.0,
            1.0,
            1.0,
            1.0,
            1.0,
            1.0,
            1.0,
            1.0,
            1.0,
            1.0,
            1.0,
            1.0,
            1.0,
            1.0,
            1.0,
            1.0,
            1.0,
            1.0,
            1.0,
            1.0,
            1.0
        ],
        "total_msgs_sent": [
            20100,
            20100,
            20100,
            20100,
            20100,
            20100,
            20100,
            20100,
            20100,
            20100,
            20100,
            20100,
            20100,
            20100,
            20100,
            20100,
            20100,
            20100,
            20100,
            20100,
            20100,
            20100,
            20100,
            20100,
            20100,
            20100,
            20100,
            20100,
            20100,
            13400,
            20100,
            20100,
            20100,
            20100,
            20100,
            20100,
            20100,
            20100,
            20100,
            20100,
            20100,
            20100,
            20100,
            20100,
            20100,
            20100,
            20100,
            20100,
            20100,
            20100
        ]
    },
    "RunTime": 200.942657491
}
