{
    "Results": {
        "c": 75,
        "delivery_nodes": [
            100.0,
            100.0,
            100.0,
            100.0,
            100.0,
            100.0,
            100.0,
            100.0,
            100.0,
            100.0,
            100.0,
            100.0,
            100.0,
            100.0,
            100.0,
            100.0,
            100.0,
            100.0,
            100.0,
            100.0,
            100.0,
            100.0,
            100.0,
            100.0,
            100.0,
            100.0,
            100.0,
            100.0,
            100.0,
            100.0,
            100.0,
            100.0,
            100.0,
            100.0,
            100.0,
            100.0,
            100.0,
            100.0,
            100.0,
            100.0,
            100.0,
            100.0,
            100.0,
            100.0,
            100.0,
            100.0,
            100.0,
            100.0,
            100.0,
            100.0
        ],
        "delivery_time": [
            19.346666666666668,
            19.64,
            19.04,
            18.986666666666668,
            19.28,
            18.84,
            19.453333333333333,
            18.333333333333332,
            19.653333333333332,
            19.746666666666666,
            18.92,
            18.906666666666666,
            18.786666666666665,
            19.173333333333332,
            19.36,
            19.733333333333334,
            19.426666666666666,
            19.6,
            19.653333333333332,
            19.053333333333335,
            19.213333333333335,
            19.026666666666667,
            19.506666666666668,
            19.333333333333332,
            19.026666666666667,
            19.333333333333332,
            19.586666666666666,
            19.413333333333334,
            19.266666666666666,
            19.266666666666666,
            19.813333333333333,
            18.893333333333334,
            19.506666666666668,
            19.72,
            18.973333333333333,
            18.85333333333333,
            19.493333333333332,
            19.346666666666668,
            19.493333333333332,
            19.16,
            19.013333333333332,
            19.093333333333334,
            19.186666666666667,
            19.8,
            19.506666666666668,
            19.346666666666668,
            19.546666666666667,
            19.293333333333333,
            19.213333333333335,
            19.36
        ],
        "disagreement": [
            0.0,
            0.0,
            0.0,
            0.0,
            0.0,
            0.0,
            0.0,
            0.0,
            0.0,
            0.0,
            0.0,
            0.0,
            0.0,
            0.0,
            0.0,
            0.0,
            0.0,
            0.0,
            0.0,
            0.0,
            0.0,
            0.0,
            0.0,
            0.0,
            0.0,
            0.0,
            0.0,
            0.0,
            0.0,
            0.0,
            0.0,
            0.0,
            0.0,
            0.0,
            0.0,
            0.0,
            0.0,
            0.0,
            0.0,
            0.0,
            0.0,
            0.0,
            0.0,
            0.0,
            0.0,
            0.0,
            0.0,
            0.0,
            0.0,
            0.0
        ],
        "disagreement_frequency": [],
        "f": 25,
        "finishing_steps": [
            2,
            2,
            2,
            2,
            2,
            2,
            2,
            2,
            2,
            2,
            2,
            2,
            2,
            2,
            2,
            2,
            2,
            2,
            2,
            2,
            2,
            2,
            2,
            2,
            2,
            2,
            2,
            2,
            2,
            2,
            2,
            2,
            2,
            2,
            2,
            2,
            2,
            2,
            2,
            2,
            2,
            2,
            2,
            2,
            2,
            2,
            2,
            2,
            2,
            2
        ],
        "n": 100,
        "p": 80,
        "termination_rate": [
            1.0,
            1.0,
            1.0,
            1.0,
            1.0,
            1.0,
            1.0,
            1.0,
            1.0,
            1.0,
            1.0,
            1.0,
            1.0,
            1.0,
            1.0,
            1.0,
            1.0,
            1.0,
            1.0,
            1.0,
            1.0,
            1.0,
            1.0,
            1.0,
            1.0,
            1.0,
            1.0,
            1.0,
            1.0,
            1.0,
            1.0,
            1.0,
            1.0,
            1.0,
            1.0,
            1.0,
            1.0,
            1.0,
            1.0,
            1.0,
            1.0,
            1.0,
            1.0,
            1.0,
            1.0,
            1.0,
            1.0,
            1.0,
            1.0,
            1.0
        ],
        "total_msgs_sent": [
            30000,
            30000,
            30000,
            30000,
            30000,
            30000,
            30000,
            30000,
            30000,
            30000,
            30000,
            30000,
            30000,
            30000,
            30000,
            30000,
            30000,
            30000,
            30000,
            30000,
            30000,
            30000,
            30000,
            30000,
            30000,
            30000,
            30000,
            30000,
            30000,
            30000,
            30000,
            30000,
            30000,
            30000,
            30000,
            30000,
            30000,
            30000,
            30000,
            30000,
            30000,
            30000,
            30000,
            30000,
            30000,
            30000,
            30000,
            30000,
            30000,
            30000
        ]
    },
    "RunTime": 267.30355829
}
