{
    "Results": {
        "c": 60,
        "delivery_nodes": [
            0.0,
            100.0,
            100.0,
            0.0,
            100.0,
            100.0,
            100.0,
            100.0,
            0.0,
            100.0,
            100.0,
            100.0,
            0.0,
            100.0,
            100.0,
            100.0,
            0.0,
            0.0,
            0.0,
            100.0,
            100.0,
            0.0,
            0.0,
            100.0,
            100.0,
            100.0,
            0.0,
            100.0,
            100.0,
            0.0,
            0.0,
            100.0,
            100.0,
            100.0,
            100.0,
            0.0,
            100.0,
            0.0,
            0.0,
            100.0,
            0.0,
            100.0,
            0.0,
            100.0,
            100.0,
            100.0,
            100.0,
            0.0,
            100.0,
            0.0
        ],
        "delivery_time": [
            0.0,
            27.683333333333334,
            27.933333333333334,
            0.0,
            27.466666666666665,
            28.9,
            27.416666666666668,
            28.0,
            0.0,
            28.883333333333333,
            27.2,
            29.0,
            0.0,
            28.483333333333334,
            28.983333333333334,
            28.0,
            0.0,
            0.0,
            0.0,
            28.083333333333332,
            28.0,
            0.0,
            0.0,
            28.0,
            27.85,
            27.0,
            0.0,
            27.916666666666668,
            28.183333333333334,
            0.0,
            0.0,
            28.9,
            28.033333333333335,
            27.533333333333335,
            28.633333333333333,
            0.0,
            28.6,
            0.0,
            0.0,
            27.466666666666665,
            0.0,
            27.0,
            0.0,
            28.233333333333334,
            28.0,
            27.983333333333334,
            28.0,
            0.0,
            27.033333333333335,
            0.0
        ],
        "disagreement": [
            0.0,
            0.0,
            0.0,
            0.0,
            0.0,
            0.0,
            0.0,
            0.0,
            0.0,
            0.0,
            0.0,
            0.0,
            0.0,
            0.0,
            0.0,
            0.0,
            0.0,
            0.0,
            0.0,
            0.0,
            0.0,
            0.0,
            0.0,
            0.0,
            0.0,
            0.0,
            0.0,
            0.0,
            0.0,
            0.0,
            0.0,
            0.0,
            0.0,
            0.0,
            0.0,
            0.0,
            0.0,
            0.0,
            0.0,
            0.0,
            0.0,
            0.0,
            0.0,
            0.0,
            0.0,
            0.0,
            0.0,
            0.0,
            0.0,
            0.0
        ],
        "disagreement_frequency": [],
        "f": 40,
        "finishing_steps": [
            0,
            4,
            4,
            0,
            4,
            4,
            4,
            4,
            0,
            4,
            4,
            4,
            0,
            4,
            4,
            4,
            0,
            0,
            0,
            4,
            4,
            0,
            0,
            4,
            4,
            4,
            0,
            4,
            4,
            0,
            0,
            4,
            4,
            4,
            4,
            0,
            4,
            0,
            0,
            4,
            0,
            4,
            0,
            4,
            4,
            4,
            4,
            0,
            4,
            0
        ],
        "n": 100,
        "p": 90,
        "termination_rate": [
            0.0,
            1.0,
            1.0,
            0.0,
            1.0,
            1.0,
            1.0,
            1.0,
            0.0,
            1.0,
            1.0,
            1.0,
            0.0,
            1.0,
            1.0,
            1.0,
            0.0,
            0.0,
            0.0,
            1.0,
            1.0,
            0.0,
            0.0,
            1.0,
            1.0,
            1.0,
            0.0,
            1.0,
            1.0,
            0.0,
            0.0,
            1.0,
            1.0,
            1.0,
            1.0,
            0.0,
            1.0,
            0.0,
            0.0,
            1.0,
            0.0,
            1.0,
            0.0,
            1.0,
            1.0,
            1.0,
            1.0,
            0.0,
            1.0,
            0.0
        ],
        "total_msgs_sent": [
            12000,
            18000,
            18000,
            12000,
            18000,
            18000,
            18000,
            18000,
            12000,
            18000,
            18000,
            18000,
            12000,
            18000,
            18000,
            18000,
            12000,
            12000,
            12000,
            18000,
            18000,
            12000,
            12000,
            18000,
            18000,
            18000,
            12000,
            18000,
            18000,
            12000,
            12000,
            18000,
            18000,
            18000,
            18000,
            12000,
            18000,
            12000,
            12000,
            18000,
            12000,
            18000,
            12000,
            18000,
            18000,
            18000,
            18000,
            12000,
            18000,
            12000
        ]
    },
    "RunTime": 186.106164273
}
