{
    "Results": {
        "c": 60,
        "delivery_nodes": [
            0.0,
            0.0,
            0.0,
            0.0,
            0.0,
            0.0,
            0.0,
            0.0,
            0.0,
            100.0,
            0.0,
            100.0,
            0.0,
            0.0,
            100.0,
            0.0,
            100.0,
            0.0,
            0.0,
            0.0,
            0.0,
            100.0,
            100.0,
            0.0,
            0.0,
            0.0,
            100.0,
            100.0,
            0.0,
            0.0,
            0.0,
            100.0,
            100.0,
            0.0,
            0.0,
            0.0,
            0.0,
            0.0,
            0.0,
            0.0,
            0.0,
            0.0,
            100.0,
            0.0,
            100.0,
            0.0,
            0.0,
            100.0,
            0.0,
            0.0
        ],
        "delivery_time": [
            0.0,
            0.0,
            0.0,
            0.0,
            0.0,
            0.0,
            0.0,
            0.0,
            0.0,
            28.483333333333334,
            0.0,
            27.0,
            0.0,
            0.0,
            27.6,
            0.0,
            27.0,
            0.0,
            0.0,
            0.0,
            0.0,
            28.883333333333333,
            27.85,
            0.0,
            0.0,
            0.0,
            27.833333333333332,
            29.0,
            0.0,
            0.0,
            0.0,
            27.3,
            27.983333333333334,
            0.0,
            0.0,
            0.0,
            0.0,
            0.0,
            0.0,
            0.0,
            0.0,
            0.0,
            27.0,
            0.0,
            28.983333333333334,
            0.0,
            0.0,
            27.983333333333334,
            0.0,
            0.0
        ],
        "disagreement": [
            0.0,
            0.0,
            0.0,
            0.0,
            0.0,
            0.0,
            0.0,
            0.0,
            0.0,
            0.0,
            0.0,
            0.0,
            0.0,
            0.0,
            0.0,
            0.0,
            0.0,
            0.0,
            0.0,
            0.0,
            0.0,
            0.0,
            0.0,
            0.0,
            0.0,
            0.0,
            0.0,
            0.0,
            0.0,
            0.0,
            0.0,
            0.0,
            0.0,
            0.0,
            0.0,
            0.0,
            0.0,
            0.0,
            0.0,
            0.0,
            0.0,
            0.0,
            0.0,
            0.0,
            0.0,
            0.0,
            0.0,
            0.0,
            0.0,
            0.0
        ],
        "disagreement_frequency": [],
        "f": 40,
        "finishing_steps": [
            0,
            0,
            0,
            0,
            0,
            0,
            0,
            0,
            0,
            4,
            0,
            4,
            0,
            0,
            4,
            0,
            4,
            0,
            0,
            0,
            0,
            4,
            4,
            0,
            0,
            0,
            4,
            4,
            0,
            0,
            0,
            4,
            4,
            0,
            0,
            0,
            0,
            0,
            0,
            0,
            0,
            0,
            4,
            0,
            4,
            0,
            0,
            4,
            0,
            0
        ],
        "n": 100,
        "p": 70,
        "termination_rate": [
            0.0,
            0.0,
            0.0,
            0.0,
            0.0,
            0.0,
            0.0,
            0.0,
            0.0,
            1.0,
            0.0,
            1.0,
            0.0,
            0.0,
            1.0,
            0.0,
            1.0,
            0.0,
            0.0,
            0.0,
            0.0,
            1.0,
            1.0,
            0.0,
            0.0,
            0.0,
            1.0,
            1.0,
            0.0,
            0.0,
            0.0,
            1.0,
            1.0,
            0.0,
            0.0,
            0.0,
            0.0,
            0.0,
            0.0,
            0.0,
            0.0,
            0.0,
            1.0,
            0.0,
            1.0,
            0.0,
            0.0,
            1.0,
            0.0,
            0.0
        ],
        "total_msgs_sent": [
            12000,
            12000,
            12000,
            12000,
            12000,
            12000,
            12000,
            12000,
            12000,
            18000,
            12000,
            18000,
            12000,
            12000,
            18000,
            12000,
            18000,
            12000,
            12000,
            12000,
            12000,
            18000,
            18000,
            12000,
            12000,
            12000,
            18000,
            18000,
            12000,
            12000,
            12000,
            18000,
            18000,
            12000,
            12000,
            12000,
            12000,
            12000,
            12000,
            12000,
            12000,
            12000,
            18000,
            12000,
            18000,
            12000,
            12000,
            18000,
            12000,
            12000
        ]
    },
    "RunTime": 169.008125346
}
