{
    "Results": {
        "c": 60,
        "delivery_nodes": [
            0.0,
            0.0,
            0.0,
            100.0,
            0.0,
            100.0,
            0.0,
            0.0,
            0.0,
            100.0,
            0.0,
            0.0,
            0.0,
            0.0,
            0.0,
            0.0,
            100.0,
            0.0,
            0.0,
            0.0,
            0.0,
            100.0,
            0.0,
            0.0,
            100.0,
            100.0,
            0.0,
            0.0,
            0.0,
            0.0,
            0.0,
            0.0,
            0.0,
            0.0,
            0.0,
            100.0,
            0.0,
            0.0,
            0.0,
            100.0,
            0.0,
            0.0,
            0.0,
            0.0,
            100.0,
            0.0,
            100.0,
            0.0,
            0.0,
            0.0
        ],
        "delivery_time": [
            0.0,
            0.0,
            0.0,
            28.75,
            0.0,
            28.166666666666668,
            0.0,
            0.0,
            0.0,
            27.0,
            0.0,
            0.0,
            0.0,
            0.0,
            0.0,
            0.0,
            27.916666666666668,
            0.0,
            0.0,
            0.0,
            0.0,
            27.966666666666665,
            0.0,
            0.0,
            28.0,
            28.283333333333335,
            0.0,
            0.0,
            0.0,
            0.0,
            0.0,
            0.0,
            0.0,
            0.0,
            0.0,
            28.0,
            0.0,
            0.0,
            0.0,
            27.016666666666666,
            0.0,
            0.0,
            0.0,
            0.0,
            29.466666666666665,
            0.0,
            28.4,
            0.0,
            0.0,
            0.0
        ],
        "disagreement": [
            0.0,
            0.0,
            0.0,
            0.0,
            0.0,
            0.0,
            0.0,
            0.0,
            0.0,
            0.0,
            0.0,
            0.0,
            0.0,
            0.0,
            0.0,
            0.0,
            0.0,
            0.0,
            0.0,
            0.0,
            0.0,
            0.0,
            0.0,
            0.0,
            0.0,
            0.0,
            0.0,
            0.0,
            0.0,
            0.0,
            0.0,
            0.0,
            0.0,
            0.0,
            0.0,
            0.0,
            0.0,
            0.0,
            0.0,
            0.0,
            0.0,
            0.0,
            0.0,
            0.0,
            0.0,
            0.0,
            0.0,
            0.0,
            0.0,
            0.0
        ],
        "disagreement_frequency": [],
        "f": 40,
        "finishing_steps": [
            0,
            0,
            0,
            4,
            0,
            4,
            0,
            0,
            0,
            4,
            0,
            0,
            0,
            0,
            0,
            0,
            4,
            0,
            0,
            0,
            0,
            4,
            0,
            0,
            4,
            4,
            0,
            0,
            0,
            0,
            0,
            0,
            0,
            0,
            0,
            4,
            0,
            0,
            0,
            4,
            0,
            0,
            0,
            0,
            4,
            0,
            4,
            0,
            0,
            0
        ],
        "n": 100,
        "p": 50,
        "termination_rate": [
            0.0,
            0.0,
            0.0,
            1.0,
            0.0,
            1.0,
            0.0,
            0.0,
            0.0,
            1.0,
            0.0,
            0.0,
            0.0,
            0.0,
            0.0,
            0.0,
            1.0,
            0.0,
            0.0,
            0.0,
            0.0,
            1.0,
            0.0,
            0.0,
            1.0,
            1.0,
            0.0,
            0.0,
            0.0,
            0.0,
            0.0,
            0.0,
            0.0,
            0.0,
            0.0,
            1.0,
            0.0,
            0.0,
            0.0,
            1.0,
            0.0,
            0.0,
            0.0,
            0.0,
            1.0,
            0.0,
            1.0,
            0.0,
            0.0,
            0.0
        ],
        "total_msgs_sent": [
            12000,
            12000,
            12000,
            18000,
            12000,
            18000,
            12000,
            12000,
            12000,
            18000,
            12000,
            12000,
            12000,
            12000,
            12000,
            12000,
            18000,
            12000,
            12000,
            12000,
            12000,
            18000,
            12000,
            12000,
            18000,
            18000,
            12000,
            12000,
            12000,
            12000,
            12000,
            12000,
            12000,
            12000,
            12000,
            18000,
            12000,
            12000,
            12000,
            18000,
            12000,
            12000,
            12000,
            12000,
            18000,
            12000,
            18000,
            12000,
            12000,
            12000
        ]
    },
    "RunTime": 166.270412291
}
