{
    "Results": {
        "c": 75,
        "delivery_nodes": [
            100.0,
            100.0,
            100.0,
            100.0,
            100.0,
            100.0,
            100.0,
            100.0,
            100.0,
            100.0,
            100.0,
            100.0,
            100.0,
            100.0,
            100.0,
            100.0,
            100.0,
            100.0,
            100.0,
            100.0,
            100.0,
            100.0,
            100.0,
            100.0,
            100.0,
            100.0,
            100.0,
            100.0,
            100.0,
            100.0,
            100.0,
            100.0,
            100.0,
            100.0,
            100.0,
            100.0,
            100.0,
            100.0,
            100.0,
            100.0,
            100.0,
            100.0,
            100.0,
            100.0,
            100.0,
            100.0,
            100.0,
            100.0,
            100.0,
            100.0
        ],
        "delivery_time": [
            18.906666666666666,
            19.69333333333333,
            19.053333333333335,
            19.4,
            18.92,
            19.026666666666667,
            18.813333333333333,
            19.106666666666666,
            19.453333333333333,
            19.36,
            19.706666666666667,
            19.186666666666667,
            19.386666666666667,
            19.44,
            19.666666666666668,
            19.48,
            18.8,
            19.2,
            19.746666666666666,
            19.32,
            19.72,
            19.733333333333334,
            19.92,
            19.2,
            18.88,
            19.48,
            19.36,
            19.36,
            19.04,
            19.413333333333334,
            19.14666666666667,
            19.8,
            19.013333333333332,
            19.12,
            19.386666666666667,
            19.666666666666668,
            19.013333333333332,
            19.6,
            19.506666666666668,
            19.44,
            19.30666666666667,
            19.373333333333335,
            19.066666666666666,
            19.426666666666666,
            19.573333333333334,
            18.973333333333333,
            19.093333333333334,
            19.253333333333334,
            19.133333333333333,
            19.506666666666668
        ],
        "disagreement": [
            0.0,
            0.0,
            0.0,
            0.0,
            0.0,
            0.0,
            0.0,
            0.0,
            0.0,
            0.0,
            0.0,
            0.0,
            0.0,
            0.0,
            0.0,
            0.0,
            0.0,
            0.0,
            0.0,
            0.0,
            0.0,
            0.0,
            0.0,
            0.0,
            0.0,
            0.0,
            0.0,
            0.0,
            0.0,
            0.0,
            0.0,
            0.0,
            0.0,
            0.0,
            0.0,
            0.0,
            0.0,
            0.0,
            0.0,
            0.0,
            0.0,
            0.0,
            0.0,
            0.0,
            0.0,
            0.0,
            0.0,
            0.0,
            0.0,
            0.0
        ],
        "disagreement_frequency": [],
        "f": 25,
        "finishing_steps": [
            2,
            2,
            2,
            2,
            2,
            2,
            2,
            2,
            2,
            2,
            2,
            2,
            2,
            2,
            2,
            2,
            2,
            2,
            2,
            2,
            2,
            2,
            2,
            2,
            2,
            2,
            2,
            2,
            2,
            2,
            2,
            2,
            2,
            2,
            2,
            2,
            2,
            2,
            2,
            2,
            2,
            2,
            2,
            2,
            2,
            2,
            2,
            2,
            2,
            2
        ],
        "n": 100,
        "p": 100,
        "termination_rate": [
            1.0,
            1.0,
            1.0,
            1.0,
            1.0,
            1.0,
            1.0,
            1.0,
            1.0,
            1.0,
            1.0,
            1.0,
            1.0,
            1.0,
            1.0,
            1.0,
            1.0,
            1.0,
            1.0,
            1.0,
            1.0,
            1.0,
            1.0,
            1.0,
            1.0,
            1.0,
            1.0,
            1.0,
            1.0,
            1.0,
            1.0,
            1.0,
            1.0,
            1.0,
            1.0,
            1.0,
            1.0,
            1.0,
            1.0,
            1.0,
            1.0,
            1.0,
            1.0,
            1.0,
            1.0,
            1.0,
            1.0,
            1.0,
            1.0,
            1.0
        ],
        "total_msgs_sent": [
            34400,
            34500,
            35000,
            35700,
            35000,
            33700,
            34600,
            35200,
            35000,
            33600,
            33900,
            34900,
            34900,
            35600,
            33800,
            34900,
            34800,
            33800,
            34800,
            35100,
            34600,
            35100,
            34700,
            34100,
            34500,
            34600,
            35700,
            34400,
            33600,
            34300,
            34700,
            33800,
            34400,
            34000,
            35000,
            35100,
            34200,
            35900,
            35500,
            34500,
            34700,
            34000,
            34900,
            33700,
            35400,
            34700,
            34700,
            33800,
            33700,
            34800
        ]
    },
    "RunTime": 278.619709715
}
