{
    "Results": {
        "c": 67,
        "delivery_nodes": [
            100.0,
            100.0,
            100.0,
            100.0,
            100.0,
            100.0,
            100.0,
            100.0,
            100.0,
            100.0,
            100.0,
            100.0,
            100.0,
            100.0,
            100.0,
            100.0,
            100.0,
            100.0,
            100.0,
            100.0,
            100.0,
            100.0,
            100.0,
            100.0,
            100.0,
            100.0,
            100.0,
            100.0,
            100.0,
            100.0,
            100.0,
            100.0,
            100.0,
            100.0,
            100.0,
            100.0,
            100.0,
            100.0,
            100.0,
            100.0,
            100.0,
            100.0,
            100.0,
            100.0,
            100.0,
            100.0,
            100.0,
            100.0,
            100.0,
            100.0
        ],
        "delivery_time": [
            50.3134328358209,
            50.19402985074627,
            50.23880597014925,
            50.149253731343286,
            50.16417910447761,
            50.208955223880594,
            50.16417910447761,
            50.343283582089555,
            50.223880597014926,
            50.26865671641791,
            50.17910447761194,
            50.3134328358209,
            50.26865671641791,
            50.25373134328358,
            50.208955223880594,
            50.19402985074627,
            50.343283582089555,
            50.25373134328358,
            50.343283582089555,
            50.134328358208954,
            50.19402985074627,
            50.298507462686565,
            50.35820895522388,
            50.26865671641791,
            50.223880597014926,
            50.23880597014925,
            50.32835820895522,
            50.25373134328358,
            50.208955223880594,
            50.298507462686565,
            50.3134328358209,
            50.223880597014926,
            50.1044776119403,
            50.19402985074627,
            50.46268656716418,
            50.417910447761194,
            50.19402985074627,
            50.16417910447761,
            50.35820895522388,
            50.3134328358209,
            50.208955223880594,
            50.46268656716418,
            50.26865671641791,
            50.3134328358209,
            50.223880597014926,
            50.298507462686565,
            50.26865671641791,
            50.43283582089552,
            50.17910447761194,
            50.134328358208954
        ],
        "disagreement": [
            0.0,
            0.0,
            0.0,
            0.0,
            0.0,
            0.0,
            0.0,
            0.0,
            0.0,
            0.0,
            0.0,
            0.0,
            0.0,
            0.0,
            0.0,
            0.0,
            0.0,
            0.0,
            0.0,
            0.0,
            0.0,
            0.0,
            0.0,
            0.0,
            0.0,
            0.0,
            0.0,
            0.0,
            0.0,
            0.0,
            0.0,
            0.0,
            0.0,
            0.0,
            0.0,
            0.0,
            0.0,
            0.0,
            0.0,
            0.0,
            0.0,
            0.0,
            0.0,
            0.0,
            0.0,
            0.0,
            0.0,
            0.0,
            0.0,
            0.0
        ],
        "disagreement_frequency": [],
        "f": 33,
        "finishing_steps": [
            7,
            7,
            7,
            7,
            7,
            7,
            7,
            7,
            7,
            7,
            7,
            7,
            7,
            7,
            7,
            7,
            7,
            7,
            7,
            7,
            7,
            7,
            7,
            7,
            7,
            7,
            7,
            7,
            7,
            7,
            7,
            7,
            7,
            7,
            7,
            7,
            7,
            7,
            7,
            7,
            7,
            7,
            7,
            7,
            7,
            7,
            7,
            7,
            7,
            7
        ],
        "n": 100,
        "p": 100,
        "termination_rate": [
            1.0,
            1.0,
            1.0,
            1.0,
            1.0,
            1.0,
            1.0,
            1.0,
            1.0,
            1.0,
            1.0,
            1.0,
            1.0,
            1.0,
            1.0,
            1.0,
            1.0,
            1.0,
            1.0,
            1.0,
            1.0,
            1.0,
            1.0,
            1.0,
            1.0,
            1.0,
            1.0,
            1.0,
            1.0,
            1.0,
            1.0,
            1.0,
            1.0,
            1.0,
            1.0,
            1.0,
            1.0,
            1.0,
            1.0,
            1.0,
            1.0,
            1.0,
            1.0,
            1.0,
            1.0,
            1.0,
            1.0,
            1.0,
            1.0,
            1.0
        ],
        "total_msgs_sent": [
            40200,
            40200,
            40200,
            40200,
            40200,
            40200,
            40200,
            40200,
            40200,
            40200,
            40200,
            40200,
            40200,
            40200,
            40200,
            40200,
            40200,
            40200,
            40200,
            40200,
            40200,
            40200,
            40200,
            40200,
            40200,
            40200,
            40200,
            40200,
            40200,
            40200,
            40200,
            40200,
            40200,
            40200,
            40200,
            40200,
            40200,
            40200,
            40200,
            40200,
            40200,
            40200,
            40200,
            40200,
            40200,
            40200,
            40200,
            40200,
            40200,
            40200
        ]
    },
    "RunTime": 278.464559118
}
