{
    "Results": {
        "c": 81,
        "delivery_nodes": [
            100.0,
            100.0,
            100.0,
            100.0,
            100.0,
            100.0,
            100.0,
            100.0,
            100.0,
            100.0,
            100.0,
            100.0,
            100.0,
            100.0,
            100.0,
            100.0,
            100.0,
            100.0,
            100.0,
            100.0,
            100.0,
            100.0,
            100.0,
            100.0,
            100.0,
            100.0,
            100.0,
            100.0,
            100.0,
            100.0,
            100.0,
            100.0,
            100.0,
            100.0,
            100.0,
            100.0,
            100.0,
            100.0,
            100.0,
            100.0,
            100.0,
            100.0,
            100.0,
            100.0,
            100.0,
            100.0,
            100.0,
            100.0,
            100.0,
            100.0
        ],
        "delivery_time": [
            42.53086419753087,
            42.592592592592595,
            42.55555555555556,
            42.44444444444444,
            42.46913580246913,
            42.48148148148148,
            42.4320987654321,
            42.41975308641975,
            42.49382716049383,
            42.51851851851852,
            42.50617283950617,
            42.67901234567901,
            42.54320987654321,
            42.67901234567901,
            42.75308641975309,
            42.51851851851852,
            42.53086419753087,
            42.55555555555556,
            42.53086419753087,
            42.51851851851852,
            42.45679012345679,
            42.5679012345679,
            42.51851851851852,
            42.46913580246913,
            42.44444444444444,
            42.49382716049383,
            42.25925925925926,
            42.60493827160494,
            42.76543209876543,
            42.81481481481482,
            42.54320987654321,
            42.641975308641975,
            42.382716049382715,
            42.7037037037037,
            42.5679012345679,
            42.44444444444444,
            42.666666666666664,
            42.4320987654321,
            42.50617283950617,
            42.617283950617285,
            42.39506172839506,
            42.7037037037037,
            42.666666666666664,
            42.617283950617285,
            42.72839506172839,
            42.55555555555556,
            42.60493827160494,
            42.51851851851852,
            42.7037037037037,
            42.50617283950617
        ],
        "disagreement": [
            0.0,
            0.0,
            0.0,
            0.0,
            0.0,
            0.0,
            0.0,
            0.0,
            0.0,
            0.0,
            0.0,
            0.0,
            0.0,
            0.0,
            0.0,
            0.0,
            0.0,
            0.0,
            0.0,
            0.0,
            0.0,
            0.0,
            0.0,
            0.0,
            0.0,
            0.0,
            0.0,
            0.0,
            0.0,
            0.0,
            0.0,
            0.0,
            0.0,
            0.0,
            0.0,
            0.0,
            0.0,
            0.0,
            0.0,
            0.0,
            0.0,
            0.0,
            0.0,
            0.0,
            0.0,
            0.0,
            0.0,
            0.0,
            0.0,
            0.0
        ],
        "disagreement_frequency": [],
        "f": 19,
        "finishing_steps": [
            7,
            7,
            7,
            7,
            7,
            7,
            7,
            7,
            7,
            7,
            7,
            7,
            7,
            7,
            7,
            7,
            7,
            7,
            7,
            7,
            7,
            7,
            7,
            7,
            7,
            7,
            7,
            7,
            7,
            7,
            7,
            7,
            7,
            7,
            7,
            7,
            7,
            7,
            7,
            7,
            7,
            7,
            7,
            7,
            7,
            7,
            7,
            7,
            7,
            7
        ],
        "n": 100,
        "p": 100,
        "termination_rate": [
            1.0,
            1.0,
            1.0,
            1.0,
            1.0,
            1.0,
            1.0,
            1.0,
            1.0,
            1.0,
            1.0,
            1.0,
            1.0,
            1.0,
            1.0,
            1.0,
            1.0,
            1.0,
            1.0,
            1.0,
            1.0,
            1.0,
            1.0,
            1.0,
            1.0,
            1.0,
            1.0,
            1.0,
            1.0,
            1.0,
            1.0,
            1.0,
            1.0,
            1.0,
            1.0,
            1.0,
            1.0,
            1.0,
            1.0,
            1.0,
            1.0,
            1.0,
            1.0,
            1.0,
            1.0,
            1.0,
            1.0,
            1.0,
            1.0,
            1.0
        ],
        "total_msgs_sent": [
            48600,
            48600,
            48600,
            48600,
            48600,
            48600,
            48600,
            48600,
            48600,
            48600,
            48600,
            48600,
            48600,
            48600,
            48600,
            48600,
            48600,
            48600,
            48600,
            48600,
            48600,
            48600,
            48600,
            48600,
            48600,
            48600,
            48600,
            48600,
            48600,
            48600,
            48600,
            48600,
            48600,
            48600,
            48600,
            48600,
            48600,
            48600,
            48600,
            48600,
            48600,
            48600,
            48600,
            48600,
            48600,
            48600,
            48600,
            48600,
            48600,
            48600
        ]
    },
    "RunTime": 311.467403937
}
