{
    "Results": {
        "c": 60,
        "delivery_nodes": [
            100.0,
            100.0,
            100.0,
            100.0,
            100.0,
            100.0,
            100.0,
            100.0,
            100.0,
            100.0,
            100.0,
            100.0,
            100.0,
            100.0,
            100.0,
            100.0,
            100.0,
            100.0,
            100.0,
            100.0,
            100.0,
            100.0,
            100.0,
            100.0,
            100.0,
            100.0,
            100.0,
            100.0,
            100.0,
            100.0,
            100.0,
            100.0,
            100.0,
            100.0,
            100.0,
            100.0,
            100.0,
            100.0,
            100.0,
            100.0,
            100.0,
            100.0,
            100.0,
            100.0,
            100.0,
            100.0,
            100.0,
            100.0,
            100.0,
            100.0
        ],
        "delivery_time": [
            19.4,
            19.516666666666666,
            19.5,
            19.383333333333333,
            19.483333333333334,
            19.566666666666666,
            19.25,
            19.333333333333332,
            19.083333333333332,
            19.383333333333333,
            18.15,
            18.416666666666668,
            18.516666666666666,
            18.416666666666668,
            19.166666666666668,
            19.333333333333332,
            19.033333333333335,
            18.483333333333334,
            19.383333333333333,
            18.6,
            19.433333333333334,
            18.333333333333332,
            19.233333333333334,
            18.416666666666668,
            19.416666666666668,
            18.666666666666668,
            19.066666666666666,
            19.45,
            18.85,
            18.883333333333333,
            19.4,
            19.316666666666666,
            18.733333333333334,
            19.533333333333335,
            18.9,
            18.333333333333332,
            18.616666666666667,
            18.733333333333334,
            18.4,
            19.25,
            18.716666666666665,
            18.35,
            18.75,
            19.116666666666667,
            19.45,
            19.45,
            19.016666666666666,
            19.716666666666665,
            18.283333333333335,
            19.216666666666665
        ],
        "disagreement": [
            0.0,
            0.0,
            0.0,
            0.0,
            0.0,
            0.0,
            0.0,
            0.0,
            0.0,
            0.0,
            0.0,
            0.0,
            0.0,
            0.0,
            0.0,
            0.0,
            0.0,
            0.0,
            0.0,
            0.0,
            0.0,
            0.0,
            0.0,
            0.0,
            0.0,
            0.0,
            0.0,
            0.0,
            0.0,
            0.0,
            0.0,
            0.0,
            0.0,
            0.0,
            0.0,
            0.0,
            0.0,
            0.0,
            0.0,
            0.0,
            0.0,
            0.0,
            0.0,
            0.0,
            0.0,
            0.0,
            0.0,
            0.0,
            0.0,
            0.0
        ],
        "disagreement_frequency": [],
        "f": 40,
        "finishing_steps": [
            2,
            2,
            2,
            2,
            2,
            2,
            2,
            2,
            2,
            2,
            2,
            2,
            2,
            2,
            2,
            2,
            2,
            2,
            2,
            2,
            2,
            2,
            2,
            2,
            2,
            2,
            2,
            2,
            2,
            2,
            2,
            2,
            2,
            2,
            2,
            2,
            2,
            2,
            2,
            2,
            2,
            2,
            2,
            2,
            2,
            2,
            2,
            2,
            2,
            2
        ],
        "n": 100,
        "p": 60,
        "termination_rate": [
            1.0,
            1.0,
            1.0,
            1.0,
            1.0,
            1.0,
            1.0,
            1.0,
            1.0,
            1.0,
            1.0,
            1.0,
            1.0,
            1.0,
            1.0,
            1.0,
            1.0,
            1.0,
            1.0,
            1.0,
            1.0,
            1.0,
            1.0,
            1.0,
            1.0,
            1.0,
            1.0,
            1.0,
            1.0,
            1.0,
            1.0,
            1.0,
            1.0,
            1.0,
            1.0,
            1.0,
            1.0,
            1.0,
            1.0,
            1.0,
            1.0,
            1.0,
            1.0,
            1.0,
            1.0,
            1.0,
            1.0,
            1.0,
            1.0,
            1.0
        ],
        "total_msgs_sent": [
            24000,
            29800,
            24000,
            29600,
            24000,
            24000,
            29400,
            29200,
            24900,
            29500,
            25300,
            28300,
            29700,
            27900,
            29400,
            29400,
            29300,
            29100,
            29800,
            29000,
            29700,
            29000,
            30000,
            29300,
            25100,
            24800,
            29900,
            25000,
            29800,
            28700,
            29900,
            29700,
            29200,
            29600,
            29300,
            29200,
            29600,
            28800,
            29300,
            30000,
            29700,
            29000,
            25900,
            24000,
            29900,
            29200,
            29300,
            24500,
            29600,
            27900
        ]
    },
    "RunTime": 321.24680276
}
