{
    "Results": {
        "c": 60,
        "delivery_nodes": [
            100.0,
            100.0,
            100.0,
            100.0,
            100.0,
            100.0,
            100.0,
            100.0,
            100.0,
            100.0,
            100.0,
            100.0,
            100.0,
            100.0,
            100.0,
            100.0,
            100.0,
            100.0,
            100.0,
            100.0,
            100.0,
            100.0,
            100.0,
            100.0,
            100.0,
            100.0,
            100.0,
            100.0,
            100.0,
            100.0,
            100.0,
            100.0,
            100.0,
            100.0,
            100.0,
            100.0,
            100.0,
            100.0,
            100.0,
            100.0,
            100.0,
            100.0,
            100.0,
            100.0,
            100.0,
            100.0,
            100.0,
            100.0,
            100.0,
            100.0
        ],
        "delivery_time": [
            14.466666666666667,
            14.366666666666667,
            15.616666666666667,
            15.45,
            14.383333333333333,
            15.583333333333334,
            15.866666666666667,
            15.2,
            15.333333333333334,
            14.966666666666667,
            16.25,
            14.75,
            15.083333333333334,
            14.566666666666666,
            15.983333333333333,
            14.4,
            14.35,
            15.383333333333333,
            14.583333333333334,
            15.183333333333334,
            14.85,
            15.116666666666667,
            15.2,
            15.466666666666667,
            14.6,
            15.75,
            14.433333333333334,
            14.766666666666667,
            15.916666666666666,
            15.633333333333333,
            15.9,
            14.733333333333333,
            15.083333333333334,
            14.733333333333333,
            15.833333333333334,
            14.516666666666667,
            14.966666666666667,
            15.45,
            14.8,
            15.933333333333334,
            15.2,
            14.683333333333334,
            14.433333333333334,
            14.15,
            15.4,
            15.966666666666667,
            15.6,
            14.883333333333333,
            14.733333333333333,
            15.0
        ],
        "disagreement": [
            0.0,
            0.0,
            0.0,
            0.0,
            0.0,
            0.0,
            0.0,
            0.0,
            0.0,
            0.0,
            0.0,
            0.0,
            0.0,
            0.0,
            0.0,
            0.0,
            0.0,
            0.0,
            0.0,
            0.0,
            0.0,
            0.0,
            0.0,
            0.0,
            0.0,
            0.0,
            0.0,
            0.0,
            0.0,
            0.0,
            0.0,
            0.0,
            0.0,
            0.0,
            0.0,
            0.0,
            0.0,
            0.0,
            0.0,
            0.0,
            0.0,
            0.0,
            0.0,
            0.0,
            0.0,
            0.0,
            0.0,
            0.0,
            0.0,
            0.0
        ],
        "disagreement_frequency": [],
        "f": 40,
        "finishing_steps": [
            2,
            2,
            2,
            2,
            2,
            2,
            2,
            2,
            2,
            2,
            2,
            2,
            2,
            2,
            2,
            2,
            2,
            2,
            2,
            2,
            2,
            2,
            2,
            2,
            2,
            2,
            2,
            2,
            2,
            2,
            2,
            2,
            2,
            2,
            2,
            2,
            2,
            2,
            2,
            2,
            2,
            2,
            2,
            2,
            2,
            2,
            2,
            2,
            2,
            2
        ],
        "n": 100,
        "p": 70,
        "termination_rate": [
            1.0,
            1.0,
            1.0,
            1.0,
            1.0,
            1.0,
            1.0,
            1.0,
            1.0,
            1.0,
            1.0,
            1.0,
            1.0,
            1.0,
            1.0,
            1.0,
            1.0,
            1.0,
            1.0,
            1.0,
            1.0,
            1.0,
            1.0,
            1.0,
            1.0,
            1.0,
            1.0,
            1.0,
            1.0,
            1.0,
            1.0,
            1.0,
            1.0,
            1.0,
            1.0,
            1.0,
            1.0,
            1.0,
            1.0,
            1.0,
            1.0,
            1.0,
            1.0,
            1.0,
            1.0,
            1.0,
            1.0,
            1.0,
            1.0,
            1.0
        ],
        "total_msgs_sent": [
            24000,
            24000,
            24000,
            24100,
            24000,
            24000,
            24000,
            24000,
            24000,
            24000,
            24000,
            24100,
            24000,
            24000,
            24300,
            24000,
            24000,
            24000,
            24000,
            24000,
            24000,
            24100,
            24000,
            24000,
            24000,
            24300,
            24000,
            24000,
            24400,
            24100,
            24100,
            24100,
            24000,
            24000,
            24100,
            24100,
            24000,
            24000,
            24100,
            24100,
            24000,
            24000,
            24000,
            24000,
            24100,
            24200,
            24000,
            24000,
            24000,
            24000
        ]
    },
    "RunTime": 284.763734935
}
