{
    "Results": {
        "c": 81,
        "delivery_nodes": [
            100.0,
            100.0,
            100.0,
            100.0,
            100.0,
            100.0,
            100.0,
            100.0,
            100.0,
            100.0,
            100.0,
            100.0,
            100.0,
            100.0,
            100.0,
            100.0,
            100.0,
            100.0,
            100.0,
            100.0,
            100.0,
            100.0,
            100.0,
            100.0,
            100.0,
            100.0,
            100.0,
            100.0,
            100.0,
            100.0,
            100.0,
            100.0,
            100.0,
            100.0,
            100.0,
            100.0,
            100.0,
            100.0,
            100.0,
            100.0,
            100.0,
            100.0,
            100.0,
            100.0,
            100.0,
            100.0,
            100.0,
            100.0,
            100.0,
            100.0
        ],
        "delivery_time": [
            13.469135802469136,
            12.728395061728396,
            13.419753086419753,
            13.209876543209877,
            13.160493827160494,
            12.617283950617283,
            13.493827160493828,
            12.814814814814815,
            13.419753086419753,
            13.617283950617283,
            13.135802469135802,
            13.246913580246913,
            13.358024691358025,
            13.444444444444445,
            13.0,
            12.925925925925926,
            13.839506172839506,
            13.160493827160494,
            12.950617283950617,
            13.123456790123457,
            13.358024691358025,
            13.518518518518519,
            13.419753086419753,
            13.17283950617284,
            12.765432098765432,
            13.222222222222221,
            13.037037037037036,
            12.925925925925926,
            13.839506172839506,
            13.592592592592593,
            13.271604938271604,
            13.197530864197532,
            13.876543209876543,
            13.790123456790123,
            13.185185185185185,
            13.11111111111111,
            13.45679012345679,
            12.864197530864198,
            13.765432098765432,
            13.506172839506172,
            13.938271604938272,
            13.679012345679013,
            12.777777777777779,
            13.765432098765432,
            13.246913580246913,
            12.876543209876543,
            13.432098765432098,
            13.518518518518519,
            13.432098765432098,
            13.37037037037037
        ],
        "disagreement": [
            0.0,
            0.0,
            0.0,
            0.0,
            0.0,
            0.0,
            0.0,
            0.0,
            0.0,
            0.0,
            0.0,
            0.0,
            0.0,
            0.0,
            0.0,
            0.0,
            0.0,
            0.0,
            0.0,
            0.0,
            0.0,
            0.0,
            0.0,
            0.0,
            0.0,
            0.0,
            0.0,
            0.0,
            0.0,
            0.0,
            0.0,
            0.0,
            0.0,
            0.0,
            0.0,
            0.0,
            0.0,
            0.0,
            0.0,
            0.0,
            0.0,
            0.0,
            0.0,
            0.0,
            0.0,
            0.0,
            0.0,
            0.0,
            0.0,
            0.0
        ],
        "disagreement_frequency": [],
        "f": 19,
        "finishing_steps": [
            2,
            2,
            2,
            2,
            2,
            2,
            2,
            2,
            2,
            2,
            2,
            2,
            2,
            2,
            2,
            2,
            2,
            2,
            2,
            2,
            2,
            2,
            2,
            2,
            2,
            2,
            2,
            2,
            2,
            2,
            2,
            2,
            2,
            2,
            2,
            2,
            2,
            2,
            2,
            2,
            2,
            2,
            2,
            2,
            2,
            2,
            2,
            2,
            2,
            2
        ],
        "n": 100,
        "p": 100,
        "termination_rate": [
            1.0,
            1.0,
            1.0,
            1.0,
            1.0,
            1.0,
            1.0,
            1.0,
            1.0,
            1.0,
            1.0,
            1.0,
            1.0,
            1.0,
            1.0,
            1.0,
            1.0,
            1.0,
            1.0,
            1.0,
            1.0,
            1.0,
            1.0,
            1.0,
            1.0,
            1.0,
            1.0,
            1.0,
            1.0,
            1.0,
            1.0,
            1.0,
            1.0,
            1.0,
            1.0,
            1.0,
            1.0,
            1.0,
            1.0,
            1.0,
            1.0,
            1.0,
            1.0,
            1.0,
            1.0,
            1.0,
            1.0,
            1.0,
            1.0,
            1.0
        ],
        "total_msgs_sent": [
            32400,
            32400,
            32400,
            32400,
            32400,
            32400,
            32400,
            32400,
            32400,
            32400,
            32400,
            32400,
            32400,
            32400,
            32400,
            32400,
            32400,
            32400,
            32400,
            32400,
            32400,
            32400,
            32400,
            32400,
            32400,
            32400,
            32400,
            32400,
            32400,
            32400,
            32400,
            32400,
            32400,
            32400,
            32400,
            32400,
            32400,
            32400,
            32400,
            32400,
            32400,
            32400,
            32400,
            32400,
            32400,
            32400,
            32400,
            32400,
            32400,
            32400
        ]
    },
    "RunTime": 260.021556037
}
