{
    "Results": {
        "c": 60,
        "delivery_nodes": [
            100.0,
            100.0,
            100.0,
            100.0,
            100.0,
            100.0,
            100.0,
            100.0,
            100.0,
            100.0,
            100.0,
            100.0,
            100.0,
            100.0,
            100.0,
            100.0,
            100.0,
            100.0,
            100.0,
            100.0,
            100.0,
            100.0,
            100.0,
            100.0,
            100.0,
            100.0,
            100.0,
            100.0,
            100.0,
            100.0,
            100.0,
            100.0,
            100.0,
            100.0,
            100.0,
            100.0,
            100.0,
            100.0,
            100.0,
            100.0,
            100.0,
            100.0,
            100.0,
            100.0,
            100.0,
            100.0,
            100.0,
            100.0,
            100.0,
            100.0
        ],
        "delivery_time": [
            10.85,
            10.683333333333334,
            10.866666666666667,
            10.85,
            10.933333333333334,
            10.916666666666666,
            10.95,
            10.95,
            10.883333333333333,
            11.016666666666667,
            11.183333333333334,
            10.75,
            11.45,
            10.616666666666667,
            11.8,
            11.516666666666667,
            11.433333333333334,
            10.816666666666666,
            11.233333333333333,
            10.9,
            10.35,
            11.216666666666667,
            11.4,
            11.1,
            10.966666666666667,
            11.333333333333334,
            11.016666666666667,
            11.383333333333333,
            11.133333333333333,
            11.033333333333333,
            10.833333333333334,
            10.983333333333333,
            10.983333333333333,
            11.15,
            11.466666666666667,
            11.1,
            10.0,
            10.933333333333334,
            11.133333333333333,
            11.0,
            11.016666666666667,
            10.733333333333333,
            10.983333333333333,
            11.483333333333333,
            10.983333333333333,
            11.1,
            11.1,
            11.033333333333333,
            11.033333333333333,
            11.116666666666667
        ],
        "disagreement": [
            0.0,
            0.0,
            0.0,
            0.0,
            0.0,
            0.0,
            0.0,
            0.0,
            0.0,
            0.0,
            0.0,
            0.0,
            0.0,
            0.0,
            0.0,
            0.0,
            0.0,
            0.0,
            0.0,
            0.0,
            0.0,
            0.0,
            0.0,
            0.0,
            0.0,
            0.0,
            0.0,
            0.0,
            0.0,
            0.0,
            0.0,
            0.0,
            0.0,
            0.0,
            0.0,
            0.0,
            0.0,
            0.0,
            0.0,
            0.0,
            0.0,
            0.0,
            0.0,
            0.0,
            0.0,
            0.0,
            0.0,
            0.0,
            0.0,
            0.0
        ],
        "disagreement_frequency": [],
        "f": 40,
        "finishing_steps": [
            2,
            2,
            2,
            2,
            2,
            2,
            2,
            2,
            2,
            2,
            2,
            2,
            2,
            2,
            2,
            2,
            2,
            2,
            2,
            2,
            2,
            2,
            2,
            2,
            2,
            2,
            2,
            2,
            2,
            2,
            2,
            2,
            2,
            2,
            2,
            2,
            2,
            2,
            2,
            2,
            2,
            2,
            2,
            2,
            2,
            2,
            2,
            2,
            2,
            2
        ],
        "n": 100,
        "p": 100,
        "termination_rate": [
            1.0,
            1.0,
            1.0,
            1.0,
            1.0,
            1.0,
            1.0,
            1.0,
            1.0,
            1.0,
            1.0,
            1.0,
            1.0,
            1.0,
            1.0,
            1.0,
            1.0,
            1.0,
            1.0,
            1.0,
            1.0,
            1.0,
            1.0,
            1.0,
            1.0,
            1.0,
            1.0,
            1.0,
            1.0,
            1.0,
            1.0,
            1.0,
            1.0,
            1.0,
            1.0,
            1.0,
            1.0,
            1.0,
            1.0,
            1.0,
            1.0,
            1.0,
            1.0,
            1.0,
            1.0,
            1.0,
            1.0,
            1.0,
            1.0,
            1.0
        ],
        "total_msgs_sent": [
            24000,
            24000,
            24000,
            24000,
            24000,
            24000,
            24000,
            24000,
            24000,
            24000,
            24000,
            24000,
            24000,
            24000,
            24000,
            24000,
            24000,
            24000,
            24000,
            24000,
            23900,
            24000,
            24000,
            24000,
            24000,
            24000,
            24000,
            24000,
            24000,
            24000,
            24000,
            24000,
            24000,
            24000,
            24000,
            24000,
            23800,
            24000,
            24000,
            24000,
            24000,
            24000,
            23900,
            24000,
            23900,
            24000,
            24000,
            24000,
            24000,
            24000
        ]
    },
    "RunTime": 196.3677122
}
