{
    "Results": {
        "c": 75,
        "delivery_nodes": [
            100.0,
            100.0,
            100.0,
            100.0,
            100.0,
            100.0,
            100.0,
            100.0,
            100.0,
            100.0,
            100.0,
            100.0,
            100.0,
            100.0,
            100.0,
            100.0,
            100.0,
            100.0,
            100.0,
            100.0,
            100.0,
            100.0,
            100.0,
            100.0,
            100.0,
            100.0,
            100.0,
            100.0,
            100.0,
            100.0,
            100.0,
            100.0,
            100.0,
            100.0,
            100.0,
            100.0,
            100.0,
            100.0,
            100.0,
            100.0,
            100.0,
            100.0,
            100.0,
            100.0,
            100.0,
            100.0,
            100.0,
            100.0,
            100.0,
            100.0
        ],
        "delivery_time": [
            33.0,
            33.0,
            33.093333333333334,
            33.96,
            32.0,
            33.0,
            33.373333333333335,
            33.0,
            33.0,
            32.0,
            33.6,
            33.21333333333333,
            33.16,
            32.93333333333333,
            31.973333333333333,
            33.0,
            32.0,
            32.0,
            32.973333333333336,
            32.0,
            33.0,
            33.0,
            33.0,
            33.0,
            34.0,
            32.74666666666667,
            33.13333333333333,
            33.42666666666667,
            32.653333333333336,
            33.0,
            32.026666666666664,
            32.96,
            32.0,
            32.89333333333333,
            33.0,
            33.21333333333333,
            32.04,
            33.0,
            32.946666666666665,
            33.0,
            33.0,
            33.2,
            32.68,
            32.93333333333333,
            33.12,
            33.08,
            33.0,
            32.986666666666665,
            33.0,
            33.96
        ],
        "disagreement": [
            0.0,
            0.0,
            0.0,
            0.0,
            0.0,
            0.0,
            0.0,
            0.0,
            0.0,
            0.0,
            0.0,
            0.0,
            0.0,
            0.0,
            0.0,
            0.0,
            0.0,
            0.0,
            0.0,
            0.0,
            0.0,
            0.0,
            0.0,
            0.0,
            0.0,
            0.0,
            0.0,
            0.0,
            0.0,
            0.0,
            0.0,
            0.0,
            0.0,
            0.0,
            0.0,
            0.0,
            0.0,
            0.0,
            0.0,
            0.0,
            0.0,
            0.0,
            0.0,
            0.0,
            0.0,
            0.0,
            0.0,
            0.0,
            0.0,
            0.0
        ],
        "disagreement_frequency": [],
        "f": 25,
        "finishing_steps": [
            4,
            4,
            4,
            4,
            4,
            4,
            4,
            4,
            4,
            4,
            4,
            4,
            4,
            4,
            4,
            4,
            4,
            4,
            4,
            4,
            4,
            4,
            4,
            4,
            4,
            4,
            4,
            4,
            4,
            4,
            4,
            4,
            4,
            4,
            4,
            4,
            4,
            4,
            4,
            4,
            4,
            4,
            4,
            4,
            4,
            4,
            4,
            4,
            4,
            4
        ],
        "n": 100,
        "p": 70,
        "termination_rate": [
            1.0,
            1.0,
            1.0,
            1.0,
            1.0,
            1.0,
            1.0,
            1.0,
            1.0,
            1.0,
            1.0,
            1.0,
            1.0,
            1.0,
            1.0,
            1.0,
            1.0,
            1.0,
            1.0,
            1.0,
            1.0,
            1.0,
            1.0,
            1.0,
            1.0,
            1.0,
            1.0,
            1.0,
            1.0,
            1.0,
            1.0,
            1.0,
            1.0,
            1.0,
            1.0,
            1.0,
            1.0,
            1.0,
            1.0,
            1.0,
            1.0,
            1.0,
            1.0,
            1.0,
            1.0,
            1.0,
            1.0,
            1.0,
            1.0,
            1.0
        ],
        "total_msgs_sent": [
            22500,
            22500,
            22500,
            22500,
            22500,
            22500,
            22500,
            22500,
            22500,
            22500,
            22500,
            22500,
            22500,
            22500,
            22500,
            22500,
            22500,
            22500,
            22500,
            22500,
            22500,
            22500,
            22500,
            22500,
            22500,
            22500,
            22500,
            22500,
            22500,
            22500,
            22500,
            22500,
            22500,
            22500,
            22500,
            22500,
            22500,
            22500,
            22500,
            22500,
            22500,
            22500,
            22500,
            22500,
            22500,
            22500,
            22500,
            22500,
            22500,
            22500
        ]
    },
    "RunTime": 186.169940529
}
