{
    "Results": {
        "c": 67,
        "delivery_nodes": [
            100.0,
            100.0,
            100.0,
            100.0,
            100.0,
            100.0,
            100.0,
            100.0,
            100.0,
            100.0,
            100.0,
            0.0,
            100.0,
            100.0,
            100.0,
            100.0,
            100.0,
            100.0,
            100.0,
            100.0,
            100.0,
            100.0,
            100.0,
            0.0,
            100.0,
            100.0,
            100.0,
            100.0,
            100.0,
            100.0,
            100.0,
            100.0,
            100.0,
            100.0,
            100.0,
            100.0,
            100.0,
            100.0,
            100.0,
            100.0,
            100.0,
            100.0,
            100.0,
            100.0,
            100.0,
            100.0,
            100.0,
            100.0,
            100.0,
            100.0
        ],
        "delivery_time": [
            31.0,
            31.0,
            31.0,
            30.686567164179106,
            31.17910447761194,
            31.0,
            31.0,
            31.955223880597014,
            31.0,
            31.970149253731343,
            31.0,
            0.0,
            31.0,
            31.328358208955223,
            31.55223880597015,
            31.98507462686567,
            31.925373134328357,
            31.19402985074627,
            31.0,
            31.0,
            31.0,
            31.388059701492537,
            31.119402985074625,
            0.0,
            31.0,
            31.0,
            31.791044776119403,
            31.149253731343283,
            30.970149253731343,
            31.074626865671643,
            31.0,
            31.0,
            30.98507462686567,
            31.0,
            31.0,
            31.253731343283583,
            31.791044776119403,
            31.0,
            30.970149253731343,
            31.0,
            30.970149253731343,
            31.0,
            31.0,
            31.0,
            31.0,
            31.776119402985074,
            31.0,
            31.98507462686567,
            32.0,
            32.0
        ],
        "disagreement": [
            0.0,
            0.0,
            0.0,
            0.0,
            0.0,
            0.0,
            0.0,
            0.0,
            0.0,
            0.0,
            0.0,
            0.0,
            0.0,
            0.0,
            0.0,
            0.0,
            0.0,
            0.0,
            0.0,
            0.0,
            0.0,
            0.0,
            0.0,
            0.0,
            0.0,
            0.0,
            0.0,
            0.0,
            0.0,
            0.0,
            0.0,
            0.0,
            0.0,
            0.0,
            0.0,
            0.0,
            0.0,
            0.0,
            0.0,
            0.0,
            0.0,
            0.0,
            0.0,
            0.0,
            0.0,
            0.0,
            0.0,
            0.0,
            0.0,
            0.0
        ],
        "disagreement_frequency": [],
        "f": 33,
        "finishing_steps": [
            4,
            4,
            4,
            4,
            4,
            4,
            4,
            4,
            4,
            4,
            4,
            0,
            4,
            4,
            4,
            4,
            4,
            4,
            4,
            4,
            4,
            4,
            4,
            0,
            4,
            4,
            4,
            4,
            4,
            4,
            4,
            4,
            4,
            4,
            4,
            4,
            4,
            4,
            4,
            4,
            4,
            4,
            4,
            4,
            4,
            4,
            4,
            4,
            4,
            4
        ],
        "n": 100,
        "p": 60,
        "termination_rate": [
            1.0,
            1.0,
            1.0,
            1.0,
            1.0,
            1.0,
            1.0,
            1.0,
            1.0,
            1.0,
            1.0,
            0.0,
            1.0,
            1.0,
            1.0,
            1.0,
            1.0,
            1.0,
            1.0,
            1.0,
            1.0,
            1.0,
            1.0,
            0.0,
            1.0,
            1.0,
            1.0,
            1.0,
            1.0,
            1.0,
            1.0,
            1.0,
            1.0,
            1.0,
            1.0,
            1.0,
            1.0,
            1.0,
            1.0,
            1.0,
            1.0,
            1.0,
            1.0,
            1.0,
            1.0,
            1.0,
            1.0,
            1.0,
            1.0,
            1.0
        ],
        "total_msgs_sent": [
            20100,
            20100,
            20100,
            20100,
            20100,
            20100,
            20100,
            20100,
            20100,
            20100,
            20100,
            13400,
            20100,
            20100,
            20100,
            20100,
            20100,
            20100,
            20100,
            20100,
            20100,
            20100,
            20100,
            13400,
            20100,
            20100,
            20100,
            20100,
            20100,
            20100,
            20100,
            20100,
            20100,
            20100,
            20100,
            20100,
            20100,
            20100,
            20100,
            20100,
            20100,
            20100,
            20100,
            20100,
            20100,
            20100,
            20100,
            20100,
            20100,
            20100
        ]
    },
    "RunTime": 181.725227174
}
