{
    "Results": {
        "c": 81,
        "delivery_nodes": [
            100.0,
            100.0,
            100.0,
            100.0,
            100.0,
            100.0,
            100.0,
            100.0,
            100.0,
            100.0,
            100.0,
            100.0,
            100.0,
            100.0,
            100.0,
            100.0,
            100.0,
            100.0,
            100.0,
            100.0,
            100.0,
            100.0,
            100.0,
            100.0,
            100.0,
            100.0,
            100.0,
            100.0,
            100.0,
            100.0,
            100.0,
            100.0,
            100.0,
            100.0,
            100.0,
            100.0,
            100.0,
            100.0,
            100.0,
            100.0,
            100.0,
            100.0,
            100.0,
            100.0,
            100.0,
            100.0,
            100.0,
            100.0,
            100.0,
            100.0
        ],
        "delivery_time": [
            12.469135802469136,
            13.703703703703704,
            13.123456790123457,
            14.074074074074074,
            12.592592592592593,
            13.679012345679013,
            13.407407407407407,
            13.11111111111111,
            13.580246913580247,
            13.728395061728396,
            13.419753086419753,
            13.308641975308642,
            13.160493827160494,
            13.703703703703704,
            13.481481481481481,
            12.74074074074074,
            13.45679012345679,
            12.975308641975309,
            13.419753086419753,
            13.135802469135802,
            13.679012345679013,
            12.666666666666666,
            13.123456790123457,
            13.25925925925926,
            13.506172839506172,
            13.530864197530864,
            13.493827160493828,
            13.407407407407407,
            13.098765432098766,
            13.308641975308642,
            13.555555555555555,
            13.716049382716049,
            13.382716049382717,
            13.012345679012345,
            12.82716049382716,
            12.962962962962964,
            13.530864197530864,
            13.160493827160494,
            13.679012345679013,
            12.74074074074074,
            13.308641975308642,
            13.148148148148149,
            13.395061728395062,
            13.641975308641975,
            13.641975308641975,
            13.135802469135802,
            12.950617283950617,
            13.246913580246913,
            13.938271604938272,
            13.358024691358025
        ],
        "disagreement": [
            0.0,
            0.0,
            0.0,
            0.0,
            0.0,
            0.0,
            0.0,
            0.0,
            0.0,
            0.0,
            0.0,
            0.0,
            0.0,
            0.0,
            0.0,
            0.0,
            0.0,
            0.0,
            0.0,
            0.0,
            0.0,
            0.0,
            0.0,
            0.0,
            0.0,
            0.0,
            0.0,
            0.0,
            0.0,
            0.0,
            0.0,
            0.0,
            0.0,
            0.0,
            0.0,
            0.0,
            0.0,
            0.0,
            0.0,
            0.0,
            0.0,
            0.0,
            0.0,
            0.0,
            0.0,
            0.0,
            0.0,
            0.0,
            0.0,
            0.0
        ],
        "disagreement_frequency": [],
        "f": 19,
        "finishing_steps": [
            2,
            2,
            2,
            2,
            2,
            2,
            2,
            2,
            2,
            2,
            2,
            2,
            2,
            2,
            2,
            2,
            2,
            2,
            2,
            2,
            2,
            2,
            2,
            2,
            2,
            2,
            2,
            2,
            2,
            2,
            2,
            2,
            2,
            2,
            2,
            2,
            2,
            2,
            2,
            2,
            2,
            2,
            2,
            2,
            2,
            2,
            2,
            2,
            2,
            2
        ],
        "n": 100,
        "p": 100,
        "termination_rate": [
            1.0,
            1.0,
            1.0,
            1.0,
            1.0,
            1.0,
            1.0,
            1.0,
            1.0,
            1.0,
            1.0,
            1.0,
            1.0,
            1.0,
            1.0,
            1.0,
            1.0,
            1.0,
            1.0,
            1.0,
            1.0,
            1.0,
            1.0,
            1.0,
            1.0,
            1.0,
            1.0,
            1.0,
            1.0,
            1.0,
            1.0,
            1.0,
            1.0,
            1.0,
            1.0,
            1.0,
            1.0,
            1.0,
            1.0,
            1.0,
            1.0,
            1.0,
            1.0,
            1.0,
            1.0,
            1.0,
            1.0,
            1.0,
            1.0,
            1.0
        ],
        "total_msgs_sent": [
            32400,
            32400,
            32400,
            32400,
            32400,
            32400,
            32400,
            32400,
            32400,
            32400,
            32400,
            32400,
            32400,
            32400,
            32400,
            32400,
            32400,
            32400,
            32400,
            32400,
            32400,
            32400,
            32400,
            32400,
            32400,
            32400,
            32400,
            32400,
            32400,
            32400,
            32400,
            32400,
            32400,
            32400,
            32400,
            32400,
            32400,
            32400,
            32400,
            32400,
            32400,
            32400,
            32400,
            32400,
            32400,
            32400,
            32400,
            32400,
            32400,
            32400
        ]
    },
    "RunTime": 217.012016923
}
