{
    "Results": {
        "c": 67,
        "delivery_nodes": [
            100.0,
            100.0,
            100.0,
            100.0,
            100.0,
            100.0,
            100.0,
            100.0,
            100.0,
            100.0,
            100.0,
            100.0,
            100.0,
            100.0,
            100.0,
            100.0,
            100.0,
            100.0,
            100.0,
            100.0,
            100.0,
            100.0,
            100.0,
            100.0,
            100.0,
            100.0,
            100.0,
            100.0,
            100.0,
            100.0,
            100.0,
            100.0,
            100.0,
            100.0,
            100.0,
            100.0,
            100.0,
            100.0,
            100.0,
            100.0,
            100.0,
            100.0,
            100.0,
            100.0,
            100.0,
            100.0,
            100.0,
            100.0,
            100.0,
            100.0
        ],
        "delivery_time": [
            13.671641791044776,
            14.597014925373134,
            14.447761194029852,
            14.746268656716419,
            13.850746268656716,
            14.238805970149254,
            14.35820895522388,
            13.850746268656716,
            14.432835820895523,
            14.134328358208956,
            14.582089552238806,
            14.925373134328359,
            14.611940298507463,
            15.029850746268657,
            14.223880597014926,
            15.477611940298507,
            14.716417910447761,
            14.970149253731343,
            15.119402985074627,
            15.26865671641791,
            14.507462686567164,
            14.746268656716419,
            14.223880597014926,
            13.776119402985074,
            14.746268656716419,
            14.701492537313433,
            14.253731343283581,
            14.014925373134329,
            14.223880597014926,
            15.507462686567164,
            15.0,
            14.791044776119403,
            13.597014925373134,
            13.477611940298507,
            14.164179104477611,
            15.417910447761194,
            14.597014925373134,
            15.074626865671641,
            14.925373134328359,
            15.328358208955224,
            14.880597014925373,
            14.462686567164178,
            14.776119402985074,
            13.940298507462687,
            15.044776119402986,
            14.149253731343284,
            14.134328358208956,
            14.194029850746269,
            14.64179104477612,
            15.432835820895523
        ],
        "disagreement": [
            0.0,
            0.0,
            0.0,
            0.0,
            0.0,
            0.0,
            0.0,
            0.0,
            0.0,
            0.0,
            0.0,
            0.0,
            0.0,
            0.0,
            0.0,
            0.0,
            0.0,
            0.0,
            0.0,
            0.0,
            0.0,
            0.0,
            0.0,
            0.0,
            0.0,
            0.0,
            0.0,
            0.0,
            0.0,
            0.0,
            0.0,
            0.0,
            0.0,
            0.0,
            0.0,
            0.0,
            0.0,
            0.0,
            0.0,
            0.0,
            0.0,
            0.0,
            0.0,
            0.0,
            0.0,
            0.0,
            0.0,
            0.0,
            0.0,
            0.0
        ],
        "disagreement_frequency": [],
        "f": 33,
        "finishing_steps": [
            2,
            2,
            2,
            2,
            2,
            2,
            2,
            2,
            2,
            2,
            2,
            2,
            2,
            2,
            2,
            2,
            2,
            2,
            2,
            2,
            2,
            2,
            2,
            2,
            2,
            2,
            2,
            2,
            2,
            2,
            2,
            2,
            2,
            2,
            2,
            2,
            2,
            2,
            2,
            2,
            2,
            2,
            2,
            2,
            2,
            2,
            2,
            2,
            2,
            2
        ],
        "n": 100,
        "p": 80,
        "termination_rate": [
            1.0,
            1.0,
            1.0,
            1.0,
            1.0,
            1.0,
            1.0,
            1.0,
            1.0,
            1.0,
            1.0,
            1.0,
            1.0,
            1.0,
            1.0,
            1.0,
            1.0,
            1.0,
            1.0,
            1.0,
            1.0,
            1.0,
            1.0,
            1.0,
            1.0,
            1.0,
            1.0,
            1.0,
            1.0,
            1.0,
            1.0,
            1.0,
            1.0,
            1.0,
            1.0,
            1.0,
            1.0,
            1.0,
            1.0,
            1.0,
            1.0,
            1.0,
            1.0,
            1.0,
            1.0,
            1.0,
            1.0,
            1.0,
            1.0,
            1.0
        ],
        "total_msgs_sent": [
            26800,
            26800,
            26800,
            26800,
            26800,
            26800,
            26800,
            26800,
            26800,
            26800,
            26800,
            26800,
            26800,
            26800,
            26800,
            26800,
            26800,
            26800,
            26800,
            26800,
            26800,
            26800,
            26800,
            26800,
            26800,
            26800,
            26800,
            26800,
            26800,
            26800,
            26800,
            26800,
            26800,
            26800,
            26800,
            26800,
            26800,
            26800,
            26800,
            26800,
            26800,
            26800,
            26800,
            26800,
            26800,
            26800,
            26800,
            26800,
            26800,
            26800
        ]
    },
    "RunTime": 226.581670771
}
