{
    "Results": {
        "c": 81,
        "delivery_nodes": [
            100.0,
            100.0,
            100.0,
            100.0,
            100.0,
            100.0,
            100.0,
            100.0,
            100.0,
            100.0,
            100.0,
            100.0,
            100.0,
            100.0,
            100.0,
            100.0,
            100.0,
            100.0,
            100.0,
            100.0,
            100.0,
            100.0,
            100.0,
            100.0,
            100.0,
            100.0,
            100.0,
            100.0,
            100.0,
            100.0,
            100.0,
            100.0,
            100.0,
            100.0,
            100.0,
            100.0,
            100.0,
            100.0,
            100.0,
            100.0,
            100.0,
            100.0,
            100.0,
            100.0,
            100.0,
            100.0,
            100.0,
            100.0,
            100.0,
            100.0
        ],
        "delivery_time": [
            39.46913580246913,
            38.22222222222222,
            40.0,
            40.0,
            39.25925925925926,
            39.0,
            38.93827160493827,
            37.888888888888886,
            39.0,
            39.74074074074074,
            38.91358024691358,
            38.0,
            38.02469135802469,
            38.98765432098765,
            39.0,
            38.06172839506173,
            38.0,
            39.98765432098765,
            38.333333333333336,
            39.0,
            40.0,
            37.370370370370374,
            37.0,
            39.95061728395062,
            39.851851851851855,
            38.96296296296296,
            39.75308641975309,
            38.20987654320987,
            37.864197530864196,
            39.48148148148148,
            39.76543209876543,
            38.876543209876544,
            40.0,
            37.0,
            38.851851851851855,
            38.97530864197531,
            38.24691358024691,
            37.98765432098765,
            38.96296296296296,
            39.592592592592595,
            37.48148148148148,
            38.34567901234568,
            37.76543209876543,
            39.28395061728395,
            39.20987654320987,
            38.851851851851855,
            38.0,
            39.074074074074076,
            39.50617283950617,
            38.0
        ],
        "disagreement": [
            0.0,
            0.0,
            0.0,
            0.0,
            0.0,
            0.0,
            0.0,
            0.0,
            0.0,
            0.0,
            0.0,
            0.0,
            0.0,
            0.0,
            0.0,
            0.0,
            0.0,
            0.0,
            0.0,
            0.0,
            0.0,
            0.0,
            0.0,
            0.0,
            0.0,
            0.0,
            0.0,
            0.0,
            0.0,
            0.0,
            0.0,
            0.0,
            0.0,
            0.0,
            0.0,
            0.0,
            0.0,
            0.0,
            0.0,
            0.0,
            0.0,
            0.0,
            0.0,
            0.0,
            0.0,
            0.0,
            0.0,
            0.0,
            0.0,
            0.0
        ],
        "disagreement_frequency": [],
        "f": 19,
        "finishing_steps": [
            4,
            4,
            4,
            4,
            4,
            4,
            4,
            4,
            4,
            4,
            4,
            4,
            4,
            4,
            4,
            4,
            4,
            4,
            4,
            4,
            4,
            4,
            4,
            4,
            4,
            4,
            4,
            4,
            4,
            4,
            4,
            4,
            4,
            4,
            4,
            4,
            4,
            4,
            4,
            4,
            4,
            4,
            4,
            4,
            4,
            4,
            4,
            4,
            4,
            4
        ],
        "n": 100,
        "p": 80,
        "termination_rate": [
            1.0,
            1.0,
            1.0,
            1.0,
            1.0,
            1.0,
            1.0,
            1.0,
            1.0,
            1.0,
            1.0,
            1.0,
            1.0,
            1.0,
            1.0,
            1.0,
            1.0,
            1.0,
            1.0,
            1.0,
            1.0,
            1.0,
            1.0,
            1.0,
            1.0,
            1.0,
            1.0,
            1.0,
            1.0,
            1.0,
            1.0,
            1.0,
            1.0,
            1.0,
            1.0,
            1.0,
            1.0,
            1.0,
            1.0,
            1.0,
            1.0,
            1.0,
            1.0,
            1.0,
            1.0,
            1.0,
            1.0,
            1.0,
            1.0,
            1.0
        ],
        "total_msgs_sent": [
            24300,
            24300,
            24300,
            24300,
            24300,
            24300,
            24300,
            24300,
            24300,
            24300,
            24300,
            24300,
            24300,
            24300,
            24300,
            24300,
            24300,
            24300,
            24300,
            24300,
            24300,
            24300,
            24300,
            24300,
            24300,
            24300,
            24300,
            24300,
            24300,
            24300,
            24300,
            24300,
            24300,
            24300,
            24300,
            24300,
            24300,
            24300,
            24300,
            24300,
            24300,
            24300,
            24300,
            24300,
            24300,
            24300,
            24300,
            24300,
            24300,
            24300
        ]
    },
    "RunTime": 225.987450405
}
