{
    "Results": {
        "c": 67,
        "delivery_nodes": [
            0.0,
            0.0,
            0.0,
            0.0,
            0.0,
            0.0,
            100.0,
            0.0,
            0.0,
            0.0,
            0.0,
            0.0,
            100.0,
            100.0,
            0.0,
            0.0,
            0.0,
            0.0,
            0.0,
            100.0,
            100.0,
            0.0,
            0.0,
            0.0,
            100.0,
            0.0,
            0.0,
            0.0,
            0.0,
            0.0,
            0.0,
            0.0,
            0.0,
            0.0,
            0.0,
            0.0,
            0.0,
            0.0,
            0.0,
            0.0,
            0.0,
            100.0,
            0.0,
            0.0,
            0.0,
            0.0,
            0.0,
            0.0,
            0.0,
            0.0
        ],
        "delivery_time": [
            0.0,
            0.0,
            0.0,
            0.0,
            0.0,
            0.0,
            31.71641791044776,
            0.0,
            0.0,
            0.0,
            0.0,
            0.0,
            32.95522388059702,
            31.0,
            0.0,
            0.0,
            0.0,
            0.0,
            0.0,
            31.98507462686567,
            32.0,
            0.0,
            0.0,
            0.0,
            31.29850746268657,
            0.0,
            0.0,
            0.0,
            0.0,
            0.0,
            0.0,
            0.0,
            0.0,
            0.0,
            0.0,
            0.0,
            0.0,
            0.0,
            0.0,
            0.0,
            0.0,
            31.104477611940297,
            0.0,
            0.0,
            0.0,
            0.0,
            0.0,
            0.0,
            0.0,
            0.0
        ],
        "disagreement": [
            0.0,
            0.0,
            0.0,
            0.0,
            0.0,
            0.0,
            0.0,
            0.0,
            0.0,
            0.0,
            0.0,
            0.0,
            0.0,
            0.0,
            0.0,
            0.0,
            0.0,
            0.0,
            0.0,
            0.0,
            0.0,
            0.0,
            0.0,
            0.0,
            0.0,
            0.0,
            0.0,
            0.0,
            0.0,
            0.0,
            0.0,
            0.0,
            0.0,
            0.0,
            0.0,
            0.0,
            0.0,
            0.0,
            0.0,
            0.0,
            0.0,
            0.0,
            0.0,
            0.0,
            0.0,
            0.0,
            0.0,
            0.0,
            0.0,
            0.0
        ],
        "disagreement_frequency": [],
        "f": 33,
        "finishing_steps": [
            0,
            0,
            0,
            0,
            0,
            0,
            4,
            0,
            0,
            0,
            0,
            0,
            4,
            4,
            0,
            0,
            0,
            0,
            0,
            4,
            4,
            0,
            0,
            0,
            4,
            0,
            0,
            0,
            0,
            0,
            0,
            0,
            0,
            0,
            0,
            0,
            0,
            0,
            0,
            0,
            0,
            4,
            0,
            0,
            0,
            0,
            0,
            0,
            0,
            0
        ],
        "n": 100,
        "p": 50,
        "termination_rate": [
            0.0,
            0.0,
            0.0,
            0.0,
            0.0,
            0.0,
            1.0,
            0.0,
            0.0,
            0.0,
            0.0,
            0.0,
            1.0,
            1.0,
            0.0,
            0.0,
            0.0,
            0.0,
            0.0,
            1.0,
            1.0,
            0.0,
            0.0,
            0.0,
            1.0,
            0.0,
            0.0,
            0.0,
            0.0,
            0.0,
            0.0,
            0.0,
            0.0,
            0.0,
            0.0,
            0.0,
            0.0,
            0.0,
            0.0,
            0.0,
            0.0,
            1.0,
            0.0,
            0.0,
            0.0,
            0.0,
            0.0,
            0.0,
            0.0,
            0.0
        ],
        "total_msgs_sent": [
            13400,
            13400,
            13400,
            13400,
            13400,
            13400,
            20100,
            13400,
            13400,
            13400,
            13400,
            13400,
            20100,
            20100,
            13400,
            13400,
            13400,
            13400,
            13400,
            20100,
            20100,
            13400,
            13400,
            13400,
            20100,
            13400,
            13400,
            13400,
            13400,
            13400,
            13400,
            13400,
            13400,
            13400,
            13400,
            13400,
            13400,
            13400,
            13400,
            13400,
            13400,
            20100,
            13400,
            13400,
            13400,
            13400,
            13400,
            13400,
            13400,
            13400
        ]
    },
    "RunTime": 191.396789202
}
