{
    "Results": {
        "c": 67,
        "delivery_nodes": [
            100.0,
            0.0,
            100.0,
            100.0,
            0.0,
            0.0,
            100.0,
            100.0,
            0.0,
            100.0,
            100.0,
            0.0,
            0.0,
            100.0,
            100.0,
            0.0,
            0.0,
            0.0,
            0.0,
            100.0,
            0.0,
            100.0,
            0.0,
            100.0,
            100.0,
            100.0,
            100.0,
            0.0,
            0.0,
            0.0,
            0.0,
            100.0,
            100.0,
            0.0,
            100.0,
            100.0,
            100.0,
            0.0,
            100.0,
            100.0,
            100.0,
            0.0,
            0.0,
            0.0,
            0.0,
            0.0,
            100.0,
            100.0,
            0.0,
            100.0
        ],
        "delivery_time": [
            31.0,
            0.0,
            31.98507462686567,
            31.029850746268657,
            0.0,
            0.0,
            31.0,
            31.98507462686567,
            0.0,
            31.149253731343283,
            31.328358208955223,
            0.0,
            0.0,
            31.0,
            32.0,
            0.0,
            0.0,
            0.0,
            0.0,
            31.70149253731343,
            0.0,
            31.0,
            0.0,
            31.0,
            31.01492537313433,
            30.970149253731343,
            31.388059701492537,
            0.0,
            0.0,
            0.0,
            0.0,
            31.0,
            31.0,
            0.0,
            31.253731343283583,
            31.074626865671643,
            30.98507462686567,
            0.0,
            31.98507462686567,
            32.16417910447761,
            31.044776119402986,
            0.0,
            0.0,
            0.0,
            0.0,
            0.0,
            31.0,
            31.0,
            0.0,
            31.0
        ],
        "disagreement": [
            0.0,
            0.0,
            0.0,
            0.0,
            0.0,
            0.0,
            0.0,
            0.0,
            0.0,
            0.0,
            0.0,
            0.0,
            0.0,
            0.0,
            0.0,
            0.0,
            0.0,
            0.0,
            0.0,
            0.0,
            0.0,
            0.0,
            0.0,
            0.0,
            0.0,
            0.0,
            0.0,
            0.0,
            0.0,
            0.0,
            0.0,
            0.0,
            0.0,
            0.0,
            0.0,
            0.0,
            0.0,
            0.0,
            0.0,
            0.0,
            0.0,
            0.0,
            0.0,
            0.0,
            0.0,
            0.0,
            0.0,
            0.0,
            0.0,
            0.0
        ],
        "disagreement_frequency": [],
        "f": 33,
        "finishing_steps": [
            4,
            0,
            4,
            4,
            0,
            0,
            4,
            4,
            0,
            4,
            4,
            0,
            0,
            4,
            4,
            0,
            0,
            0,
            0,
            4,
            0,
            4,
            0,
            4,
            4,
            4,
            4,
            0,
            0,
            0,
            0,
            4,
            4,
            0,
            4,
            4,
            4,
            0,
            4,
            4,
            4,
            0,
            0,
            0,
            0,
            0,
            4,
            4,
            0,
            4
        ],
        "n": 100,
        "p": 80,
        "termination_rate": [
            1.0,
            0.0,
            1.0,
            1.0,
            0.0,
            0.0,
            1.0,
            1.0,
            0.0,
            1.0,
            1.0,
            0.0,
            0.0,
            1.0,
            1.0,
            0.0,
            0.0,
            0.0,
            0.0,
            1.0,
            0.0,
            1.0,
            0.0,
            1.0,
            1.0,
            1.0,
            1.0,
            0.0,
            0.0,
            0.0,
            0.0,
            1.0,
            1.0,
            0.0,
            1.0,
            1.0,
            1.0,
            0.0,
            1.0,
            1.0,
            1.0,
            0.0,
            0.0,
            0.0,
            0.0,
            0.0,
            1.0,
            1.0,
            0.0,
            1.0
        ],
        "total_msgs_sent": [
            20100,
            13400,
            20100,
            20100,
            13400,
            13400,
            20100,
            20100,
            13400,
            20100,
            20100,
            13400,
            13400,
            20100,
            20100,
            13400,
            13400,
            13400,
            13400,
            20100,
            13400,
            20100,
            13400,
            20100,
            20100,
            20100,
            20100,
            13400,
            13400,
            13400,
            13400,
            20100,
            20100,
            13400,
            20100,
            20100,
            20100,
            13400,
            20100,
            20100,
            20100,
            13400,
            13400,
            13400,
            13400,
            13400,
            20100,
            20100,
            13400,
            20100
        ]
    },
    "RunTime": 205.771421395
}
