{
    "Results": {
        "c": 60,
        "delivery_nodes": [
            100.0,
            100.0,
            100.0,
            100.0,
            100.0,
            100.0,
            100.0,
            100.0,
            100.0,
            100.0,
            100.0,
            100.0,
            100.0,
            100.0,
            100.0,
            100.0,
            100.0,
            100.0,
            100.0,
            100.0,
            100.0,
            100.0,
            100.0,
            100.0,
            100.0,
            100.0,
            100.0,
            100.0,
            100.0,
            100.0,
            100.0,
            100.0,
            100.0,
            100.0,
            100.0,
            100.0,
            100.0,
            100.0,
            100.0,
            100.0,
            100.0,
            100.0,
            100.0,
            100.0,
            100.0,
            100.0,
            100.0,
            100.0,
            100.0,
            100.0
        ],
        "delivery_time": [
            19.1,
            19.55,
            19.383333333333333,
            19.183333333333334,
            18.183333333333334,
            18.55,
            19.183333333333334,
            18.333333333333332,
            19.35,
            19.133333333333333,
            19.333333333333332,
            18.883333333333333,
            18.65,
            19.4,
            18.6,
            19.416666666666668,
            19.416666666666668,
            19.35,
            19.45,
            19.183333333333334,
            19.683333333333334,
            19.116666666666667,
            19.4,
            18.316666666666666,
            19.4,
            19.533333333333335,
            19.166666666666668,
            19.4,
            19.3,
            19.383333333333333,
            19.8,
            18.583333333333332,
            19.266666666666666,
            19.166666666666668,
            18.833333333333332,
            19.65,
            18.783333333333335,
            19.433333333333334,
            19.433333333333334,
            19.35,
            19.35,
            19.083333333333332,
            18.0,
            18.933333333333334,
            19.433333333333334,
            19.5,
            17.916666666666668,
            19.2,
            19.35,
            19.483333333333334
        ],
        "disagreement": [
            0.0,
            0.0,
            0.0,
            0.0,
            0.0,
            0.0,
            0.0,
            0.0,
            0.0,
            0.0,
            0.0,
            0.0,
            0.0,
            0.0,
            0.0,
            0.0,
            0.0,
            0.0,
            0.0,
            0.0,
            0.0,
            0.0,
            0.0,
            0.0,
            0.0,
            0.0,
            0.0,
            0.0,
            0.0,
            0.0,
            0.0,
            0.0,
            0.0,
            0.0,
            0.0,
            0.0,
            0.0,
            0.0,
            0.0,
            0.0,
            0.0,
            0.0,
            0.0,
            0.0,
            0.0,
            0.0,
            0.0,
            0.0,
            0.0,
            0.0
        ],
        "disagreement_frequency": [],
        "f": 40,
        "finishing_steps": [
            2,
            2,
            2,
            2,
            2,
            2,
            2,
            2,
            2,
            2,
            2,
            2,
            2,
            2,
            2,
            2,
            2,
            2,
            2,
            2,
            2,
            2,
            2,
            2,
            2,
            2,
            2,
            2,
            2,
            2,
            2,
            2,
            2,
            2,
            2,
            2,
            2,
            2,
            2,
            2,
            2,
            2,
            2,
            2,
            2,
            2,
            2,
            2,
            2,
            2
        ],
        "n": 100,
        "p": 100,
        "termination_rate": [
            1.0,
            1.0,
            1.0,
            1.0,
            1.0,
            1.0,
            1.0,
            1.0,
            1.0,
            1.0,
            1.0,
            1.0,
            1.0,
            1.0,
            1.0,
            1.0,
            1.0,
            1.0,
            1.0,
            1.0,
            1.0,
            1.0,
            1.0,
            1.0,
            1.0,
            1.0,
            1.0,
            1.0,
            1.0,
            1.0,
            1.0,
            1.0,
            1.0,
            1.0,
            1.0,
            1.0,
            1.0,
            1.0,
            1.0,
            1.0,
            1.0,
            1.0,
            1.0,
            1.0,
            1.0,
            1.0,
            1.0,
            1.0,
            1.0,
            1.0
        ],
        "total_msgs_sent": [
            28800,
            24000,
            29600,
            24000,
            29100,
            24300,
            29800,
            28100,
            29800,
            29300,
            29800,
            28000,
            28900,
            24000,
            28800,
            24000,
            29700,
            29300,
            24000,
            24000,
            24000,
            24000,
            29200,
            24000,
            29700,
            29800,
            29400,
            29600,
            29100,
            29200,
            24000,
            29400,
            29400,
            29800,
            27800,
            29800,
            29700,
            24000,
            28600,
            29700,
            29600,
            29900,
            28200,
            28900,
            25700,
            29800,
            28400,
            29800,
            24000,
            24000
        ]
    },
    "RunTime": 284.576256825
}
