{
    "Results": {
        "c": 67,
        "delivery_nodes": [
            100.0,
            100.0,
            100.0,
            100.0,
            100.0,
            100.0,
            100.0,
            100.0,
            100.0,
            100.0,
            100.0,
            100.0,
            100.0,
            100.0,
            100.0,
            100.0,
            100.0,
            100.0,
            100.0,
            100.0,
            100.0,
            100.0,
            100.0,
            100.0,
            100.0,
            100.0,
            100.0,
            100.0,
            100.0,
            100.0,
            100.0,
            100.0,
            100.0,
            100.0,
            100.0,
            100.0,
            100.0,
            100.0,
            100.0,
            100.0,
            100.0,
            100.0,
            100.0,
            100.0,
            100.0,
            100.0,
            100.0,
            100.0,
            100.0,
            100.0
        ],
        "delivery_time": [
            49.40298507462686,
            48.91044776119403,
            49.40298507462686,
            49.134328358208954,
            49.298507462686565,
            49.25373134328358,
            49.25373134328358,
            49.492537313432834,
            49.25373134328358,
            49.149253731343286,
            49.223880597014926,
            49.40298507462686,
            49.55223880597015,
            49.52238805970149,
            49.16417910447761,
            49.417910447761194,
            49.343283582089555,
            49.28358208955224,
            49.56716417910448,
            49.3134328358209,
            49.582089552238806,
            49.32835820895522,
            49.3134328358209,
            49.656716417910445,
            49.0,
            49.3134328358209,
            49.37313432835821,
            49.417910447761194,
            49.46268656716418,
            49.23880597014925,
            49.46268656716418,
            49.3134328358209,
            49.32835820895522,
            49.37313432835821,
            49.52238805970149,
            49.64179104477612,
            49.38805970149254,
            49.25373134328358,
            49.17910447761194,
            49.08955223880597,
            49.298507462686565,
            49.40298507462686,
            49.37313432835821,
            49.37313432835821,
            49.298507462686565,
            49.38805970149254,
            49.46268656716418,
            49.37313432835821,
            49.28358208955224,
            49.223880597014926
        ],
        "disagreement": [
            0.0,
            0.0,
            0.0,
            0.0,
            0.0,
            0.0,
            0.0,
            0.0,
            0.0,
            0.0,
            0.0,
            0.0,
            0.0,
            0.0,
            0.0,
            0.0,
            0.0,
            0.0,
            0.0,
            0.0,
            0.0,
            0.0,
            0.0,
            0.0,
            0.0,
            0.0,
            0.0,
            0.0,
            0.0,
            0.0,
            0.0,
            0.0,
            0.0,
            0.0,
            0.0,
            0.0,
            0.0,
            0.0,
            0.0,
            0.0,
            0.0,
            0.0,
            0.0,
            0.0,
            0.0,
            0.0,
            0.0,
            0.0,
            0.0,
            0.0
        ],
        "disagreement_frequency": [],
        "f": 33,
        "finishing_steps": [
            7,
            7,
            7,
            7,
            7,
            7,
            7,
            7,
            7,
            7,
            7,
            7,
            7,
            7,
            7,
            7,
            7,
            7,
            7,
            7,
            7,
            7,
            7,
            7,
            7,
            7,
            7,
            7,
            7,
            7,
            7,
            7,
            7,
            7,
            7,
            7,
            7,
            7,
            7,
            7,
            7,
            7,
            7,
            7,
            7,
            7,
            7,
            7,
            7,
            7
        ],
        "n": 100,
        "p": 100,
        "termination_rate": [
            1.0,
            1.0,
            1.0,
            1.0,
            1.0,
            1.0,
            1.0,
            1.0,
            1.0,
            1.0,
            1.0,
            1.0,
            1.0,
            1.0,
            1.0,
            1.0,
            1.0,
            1.0,
            1.0,
            1.0,
            1.0,
            1.0,
            1.0,
            1.0,
            1.0,
            1.0,
            1.0,
            1.0,
            1.0,
            1.0,
            1.0,
            1.0,
            1.0,
            1.0,
            1.0,
            1.0,
            1.0,
            1.0,
            1.0,
            1.0,
            1.0,
            1.0,
            1.0,
            1.0,
            1.0,
            1.0,
            1.0,
            1.0,
            1.0,
            1.0
        ],
        "total_msgs_sent": [
            43500,
            43500,
            43500,
            43500,
            43500,
            43500,
            43500,
            43500,
            43500,
            43500,
            43500,
            43500,
            43500,
            43500,
            43500,
            43500,
            43500,
            43500,
            43500,
            43500,
            43500,
            43500,
            43500,
            43500,
            43500,
            43500,
            43500,
            43500,
            43500,
            43500,
            43500,
            43500,
            43500,
            43500,
            43500,
            43500,
            43500,
            43500,
            43500,
            43500,
            43500,
            43500,
            43500,
            43500,
            43500,
            43500,
            43500,
            43500,
            43500,
            43500
        ]
    },
    "RunTime": 260.314809524
}
