{
    "Results": {
        "c": 75,
        "delivery_nodes": [
            100.0,
            100.0,
            100.0,
            100.0,
            100.0,
            100.0,
            100.0,
            100.0,
            100.0,
            100.0,
            100.0,
            100.0,
            100.0,
            100.0,
            100.0,
            100.0,
            100.0,
            100.0,
            100.0,
            100.0,
            100.0,
            100.0,
            100.0,
            100.0,
            100.0,
            100.0,
            100.0,
            100.0,
            100.0,
            100.0,
            100.0,
            100.0,
            100.0,
            100.0,
            100.0,
            100.0,
            100.0,
            100.0,
            100.0,
            100.0,
            100.0,
            100.0,
            100.0,
            100.0,
            100.0,
            100.0,
            100.0,
            100.0,
            100.0,
            100.0
        ],
        "delivery_time": [
            45.053333333333335,
            45.17333333333333,
            44.92,
            45.10666666666667,
            44.973333333333336,
            45.14666666666667,
            45.08,
            44.973333333333336,
            44.973333333333336,
            45.04,
            45.026666666666664,
            45.16,
            44.973333333333336,
            45.0,
            44.86666666666667,
            44.986666666666665,
            44.77333333333333,
            45.026666666666664,
            45.093333333333334,
            45.06666666666667,
            45.17333333333333,
            44.89333333333333,
            44.84,
            45.04,
            45.0,
            44.946666666666665,
            44.89333333333333,
            45.026666666666664,
            44.88,
            45.053333333333335,
            45.013333333333335,
            45.04,
            45.04,
            45.013333333333335,
            45.026666666666664,
            45.04,
            45.06666666666667,
            45.10666666666667,
            45.053333333333335,
            45.10666666666667,
            44.86666666666667,
            45.04,
            45.053333333333335,
            44.973333333333336,
            44.86666666666667,
            44.85333333333333,
            44.693333333333335,
            45.08,
            45.026666666666664,
            44.986666666666665
        ],
        "disagreement": [
            0.0,
            0.0,
            0.0,
            0.0,
            0.0,
            0.0,
            0.0,
            0.0,
            0.0,
            0.0,
            0.0,
            0.0,
            0.0,
            0.0,
            0.0,
            0.0,
            0.0,
            0.0,
            0.0,
            0.0,
            0.0,
            0.0,
            0.0,
            0.0,
            0.0,
            0.0,
            0.0,
            0.0,
            0.0,
            0.0,
            0.0,
            0.0,
            0.0,
            0.0,
            0.0,
            0.0,
            0.0,
            0.0,
            0.0,
            0.0,
            0.0,
            0.0,
            0.0,
            0.0,
            0.0,
            0.0,
            0.0,
            0.0,
            0.0,
            0.0
        ],
        "disagreement_frequency": [],
        "f": 25,
        "finishing_steps": [
            7,
            7,
            7,
            7,
            7,
            7,
            7,
            7,
            7,
            7,
            7,
            7,
            7,
            7,
            7,
            7,
            7,
            7,
            7,
            7,
            7,
            7,
            7,
            7,
            7,
            7,
            7,
            7,
            7,
            7,
            7,
            7,
            7,
            7,
            7,
            7,
            7,
            7,
            7,
            7,
            7,
            7,
            7,
            7,
            7,
            7,
            7,
            7,
            7,
            7
        ],
        "n": 100,
        "p": 100,
        "termination_rate": [
            1.0,
            1.0,
            1.0,
            1.0,
            1.0,
            1.0,
            1.0,
            1.0,
            1.0,
            1.0,
            1.0,
            1.0,
            1.0,
            1.0,
            1.0,
            1.0,
            1.0,
            1.0,
            1.0,
            1.0,
            1.0,
            1.0,
            1.0,
            1.0,
            1.0,
            1.0,
            1.0,
            1.0,
            1.0,
            1.0,
            1.0,
            1.0,
            1.0,
            1.0,
            1.0,
            1.0,
            1.0,
            1.0,
            1.0,
            1.0,
            1.0,
            1.0,
            1.0,
            1.0,
            1.0,
            1.0,
            1.0,
            1.0,
            1.0,
            1.0
        ],
        "total_msgs_sent": [
            45000,
            45000,
            45000,
            45000,
            45000,
            45000,
            45000,
            45000,
            45000,
            45000,
            45000,
            45000,
            45000,
            45000,
            45000,
            45000,
            45000,
            45000,
            45000,
            45000,
            45000,
            45000,
            45000,
            45000,
            45000,
            45000,
            45000,
            45000,
            45000,
            45000,
            45000,
            45000,
            45000,
            45000,
            45000,
            45000,
            45000,
            45000,
            45000,
            45000,
            45000,
            45000,
            45000,
            45000,
            45000,
            45000,
            45000,
            45000,
            45000,
            45000
        ]
    },
    "RunTime": 298.016917921
}
