{
    "Results": {
        "c": 67,
        "delivery_nodes": [
            100.0,
            100.0,
            100.0,
            100.0,
            100.0,
            100.0,
            100.0,
            100.0,
            100.0,
            100.0,
            100.0,
            100.0,
            100.0,
            100.0,
            100.0,
            100.0,
            100.0,
            100.0,
            100.0,
            100.0,
            100.0,
            100.0,
            100.0,
            100.0,
            100.0,
            100.0,
            100.0,
            100.0,
            100.0,
            100.0,
            100.0,
            100.0,
            100.0,
            100.0,
            100.0,
            100.0,
            100.0,
            100.0,
            100.0,
            100.0,
            100.0,
            100.0,
            100.0,
            100.0,
            100.0,
            100.0,
            100.0,
            100.0,
            100.0,
            100.0
        ],
        "delivery_time": [
            47.43283582089552,
            47.417910447761194,
            47.46268656716418,
            47.492537313432834,
            47.492537313432834,
            47.343283582089555,
            47.44776119402985,
            47.38805970149254,
            47.46268656716418,
            47.492537313432834,
            47.3134328358209,
            47.43283582089552,
            47.38805970149254,
            47.492537313432834,
            47.44776119402985,
            47.417910447761194,
            47.343283582089555,
            47.417910447761194,
            47.52238805970149,
            47.35820895522388,
            47.3134328358209,
            47.35820895522388,
            47.26865671641791,
            47.44776119402985,
            47.40298507462686,
            47.38805970149254,
            47.56716417910448,
            47.52238805970149,
            47.64179104477612,
            47.507462686567166,
            47.417910447761194,
            47.46268656716418,
            47.44776119402985,
            47.46268656716418,
            47.52238805970149,
            47.46268656716418,
            47.343283582089555,
            47.40298507462686,
            47.44776119402985,
            47.61194029850746,
            47.46268656716418,
            47.26865671641791,
            47.61194029850746,
            47.43283582089552,
            47.37313432835821,
            47.25373134328358,
            47.53731343283582,
            47.59701492537314,
            47.55223880597015,
            47.53731343283582
        ],
        "disagreement": [
            0.0,
            0.0,
            0.0,
            0.0,
            0.0,
            0.0,
            0.0,
            0.0,
            0.0,
            0.0,
            0.0,
            0.0,
            0.0,
            0.0,
            0.0,
            0.0,
            0.0,
            0.0,
            0.0,
            0.0,
            0.0,
            0.0,
            0.0,
            0.0,
            0.0,
            0.0,
            0.0,
            0.0,
            0.0,
            0.0,
            0.0,
            0.0,
            0.0,
            0.0,
            0.0,
            0.0,
            0.0,
            0.0,
            0.0,
            0.0,
            0.0,
            0.0,
            0.0,
            0.0,
            0.0,
            0.0,
            0.0,
            0.0,
            0.0,
            0.0
        ],
        "disagreement_frequency": [],
        "f": 33,
        "finishing_steps": [
            7,
            7,
            7,
            7,
            7,
            7,
            7,
            7,
            7,
            7,
            7,
            7,
            7,
            7,
            7,
            7,
            7,
            7,
            7,
            7,
            7,
            7,
            7,
            7,
            7,
            7,
            7,
            7,
            7,
            7,
            7,
            7,
            7,
            7,
            7,
            7,
            7,
            7,
            7,
            7,
            7,
            7,
            7,
            7,
            7,
            7,
            7,
            7,
            7,
            7
        ],
        "n": 100,
        "p": 100,
        "termination_rate": [
            1.0,
            1.0,
            1.0,
            1.0,
            1.0,
            1.0,
            1.0,
            1.0,
            1.0,
            1.0,
            1.0,
            1.0,
            1.0,
            1.0,
            1.0,
            1.0,
            1.0,
            1.0,
            1.0,
            1.0,
            1.0,
            1.0,
            1.0,
            1.0,
            1.0,
            1.0,
            1.0,
            1.0,
            1.0,
            1.0,
            1.0,
            1.0,
            1.0,
            1.0,
            1.0,
            1.0,
            1.0,
            1.0,
            1.0,
            1.0,
            1.0,
            1.0,
            1.0,
            1.0,
            1.0,
            1.0,
            1.0,
            1.0,
            1.0,
            1.0
        ],
        "total_msgs_sent": [
            40200,
            40200,
            40200,
            40200,
            40200,
            40200,
            40200,
            40200,
            40200,
            40200,
            40200,
            40200,
            40200,
            40200,
            40200,
            40200,
            40200,
            40200,
            40200,
            40200,
            40200,
            40200,
            40200,
            40200,
            40200,
            40200,
            40200,
            40200,
            40200,
            40200,
            40200,
            40200,
            40200,
            40200,
            40200,
            40200,
            40200,
            40200,
            40200,
            40200,
            40200,
            40200,
            40200,
            40200,
            40200,
            40200,
            40200,
            40200,
            40200,
            40200
        ]
    },
    "RunTime": 271.571899072
}
