{
    "Results": {
        "c": 81,
        "delivery_nodes": [
            100.0,
            100.0,
            100.0,
            100.0,
            100.0,
            100.0,
            100.0,
            100.0,
            100.0,
            100.0,
            100.0,
            100.0,
            100.0,
            100.0,
            100.0,
            100.0,
            100.0,
            100.0,
            100.0,
            100.0,
            100.0,
            100.0,
            100.0,
            100.0,
            100.0,
            100.0,
            100.0,
            100.0,
            100.0,
            100.0,
            100.0,
            100.0,
            100.0,
            100.0,
            100.0,
            100.0,
            100.0,
            100.0,
            100.0,
            100.0,
            100.0,
            100.0,
            100.0,
            100.0,
            100.0,
            100.0,
            100.0,
            100.0,
            100.0,
            100.0
        ],
        "delivery_time": [
            24.85185185185185,
            24.77777777777778,
            25.234567901234566,
            24.061728395061728,
            23.765432098765434,
            24.320987654320987,
            23.271604938271604,
            23.395061728395063,
            24.839506172839506,
            24.728395061728396,
            24.160493827160494,
            23.493827160493826,
            23.419753086419753,
            23.37037037037037,
            23.97530864197531,
            23.51851851851852,
            24.061728395061728,
            23.419753086419753,
            23.246913580246915,
            24.02469135802469,
            23.71604938271605,
            24.074074074074073,
            24.358024691358025,
            25.061728395061728,
            24.246913580246915,
            23.37037037037037,
            23.59259259259259,
            23.37037037037037,
            24.358024691358025,
            24.580246913580247,
            23.85185185185185,
            24.962962962962962,
            24.506172839506174,
            23.62962962962963,
            24.876543209876544,
            23.876543209876544,
            25.037037037037038,
            24.790123456790123,
            24.469135802469136,
            24.123456790123456,
            23.493827160493826,
            25.209876543209877,
            24.271604938271604,
            25.469135802469136,
            24.28395061728395,
            23.728395061728396,
            24.51851851851852,
            24.506172839506174,
            25.135802469135804,
            24.938271604938272
        ],
        "disagreement": [
            0.0,
            0.0,
            0.0,
            0.0,
            0.0,
            0.0,
            0.0,
            0.0,
            0.0,
            0.0,
            0.0,
            0.0,
            0.0,
            0.0,
            0.0,
            0.0,
            0.0,
            0.0,
            0.0,
            0.0,
            0.0,
            0.0,
            0.0,
            0.0,
            0.0,
            0.0,
            0.0,
            0.0,
            0.0,
            0.0,
            0.0,
            0.0,
            0.0,
            0.0,
            0.0,
            0.0,
            0.0,
            0.0,
            0.0,
            0.0,
            0.0,
            0.0,
            0.0,
            0.0,
            0.0,
            0.0,
            0.0,
            0.0,
            0.0,
            0.0
        ],
        "disagreement_frequency": [],
        "f": 19,
        "finishing_steps": [
            3,
            3,
            3,
            3,
            3,
            3,
            3,
            3,
            3,
            3,
            3,
            3,
            3,
            3,
            3,
            3,
            3,
            3,
            3,
            3,
            3,
            3,
            3,
            3,
            3,
            3,
            3,
            3,
            3,
            3,
            3,
            3,
            3,
            3,
            3,
            3,
            3,
            3,
            3,
            3,
            3,
            3,
            3,
            3,
            3,
            3,
            3,
            3,
            3,
            3
        ],
        "n": 100,
        "p": 90,
        "termination_rate": [
            1.0,
            1.0,
            1.0,
            1.0,
            1.0,
            1.0,
            1.0,
            1.0,
            1.0,
            1.0,
            1.0,
            1.0,
            1.0,
            1.0,
            1.0,
            1.0,
            1.0,
            1.0,
            1.0,
            1.0,
            1.0,
            1.0,
            1.0,
            1.0,
            1.0,
            1.0,
            1.0,
            1.0,
            1.0,
            1.0,
            1.0,
            1.0,
            1.0,
            1.0,
            1.0,
            1.0,
            1.0,
            1.0,
            1.0,
            1.0,
            1.0,
            1.0,
            1.0,
            1.0,
            1.0,
            1.0,
            1.0,
            1.0,
            1.0,
            1.0
        ],
        "total_msgs_sent": [
            9000,
            9000,
            9000,
            9000,
            9000,
            9000,
            9000,
            9000,
            9000,
            9000,
            9000,
            9000,
            9000,
            9000,
            9000,
            9000,
            9000,
            9000,
            9000,
            9000,
            9000,
            9000,
            9000,
            9000,
            9000,
            9000,
            9000,
            9000,
            9000,
            9000,
            9000,
            9000,
            9000,
            9000,
            9000,
            9000,
            9000,
            9000,
            9000,
            9000,
            9000,
            9000,
            9000,
            9000,
            9000,
            9000,
            9000,
            9000,
            9000,
            9000
        ]
    },
    "RunTime": 116.5451748
}
