{
    "Results": {
        "c": 67,
        "delivery_nodes": [
            100.0,
            100.0,
            100.0,
            100.0,
            100.0,
            100.0,
            100.0,
            100.0,
            100.0,
            100.0,
            100.0,
            100.0,
            100.0,
            100.0,
            100.0,
            100.0,
            100.0,
            100.0,
            100.0,
            100.0,
            100.0,
            100.0,
            100.0,
            100.0,
            100.0,
            100.0,
            100.0,
            100.0,
            100.0,
            100.0,
            100.0,
            100.0,
            100.0,
            100.0,
            100.0,
            100.0,
            100.0,
            100.0,
            100.0,
            100.0,
            100.0,
            100.0,
            100.0,
            100.0,
            100.0,
            100.0,
            100.0,
            100.0,
            100.0,
            100.0
        ],
        "delivery_time": [
            20.746268656716417,
            20.53731343283582,
            21.029850746268657,
            19.0,
            20.37313432835821,
            19.940298507462686,
            20.37313432835821,
            19.98507462686567,
            20.70149253731343,
            19.313432835820894,
            20.597014925373134,
            20.80597014925373,
            20.29850746268657,
            20.119402985074625,
            20.238805970149254,
            20.46268656716418,
            19.746268656716417,
            20.223880597014926,
            20.35820895522388,
            19.402985074626866,
            20.29850746268657,
            20.134328358208954,
            20.55223880597015,
            19.507462686567163,
            20.28358208955224,
            21.074626865671643,
            19.970149253731343,
            20.134328358208954,
            20.64179104477612,
            20.895522388059703,
            20.34328358208955,
            19.507462686567163,
            19.671641791044777,
            20.746268656716417,
            20.059701492537314,
            18.55223880597015,
            20.492537313432837,
            20.253731343283583,
            20.761194029850746,
            20.82089552238806,
            19.388059701492537,
            20.64179104477612,
            20.686567164179106,
            19.70149253731343,
            20.611940298507463,
            20.776119402985074,
            19.970149253731343,
            20.567164179104477,
            20.08955223880597,
            20.492537313432837
        ],
        "disagreement": [
            0.0,
            0.0,
            0.0,
            0.0,
            0.0,
            0.0,
            0.0,
            0.0,
            0.0,
            0.0,
            0.0,
            0.0,
            0.0,
            0.0,
            0.0,
            0.0,
            0.0,
            0.0,
            0.0,
            0.0,
            0.0,
            0.0,
            0.0,
            0.0,
            0.0,
            0.0,
            0.0,
            0.0,
            0.0,
            0.0,
            0.0,
            0.0,
            0.0,
            0.0,
            0.0,
            0.0,
            0.0,
            0.0,
            0.0,
            0.0,
            0.0,
            0.0,
            0.0,
            0.0,
            0.0,
            0.0,
            0.0,
            0.0,
            0.0,
            0.0
        ],
        "disagreement_frequency": [],
        "f": 33,
        "finishing_steps": [
            3,
            3,
            3,
            3,
            3,
            3,
            3,
            3,
            3,
            3,
            3,
            3,
            3,
            3,
            3,
            3,
            3,
            3,
            3,
            3,
            3,
            3,
            3,
            3,
            3,
            3,
            3,
            3,
            3,
            3,
            3,
            3,
            3,
            3,
            3,
            3,
            3,
            3,
            3,
            3,
            3,
            3,
            3,
            3,
            3,
            3,
            3,
            3,
            3,
            3
        ],
        "n": 100,
        "p": 90,
        "termination_rate": [
            1.0,
            1.0,
            1.0,
            1.0,
            1.0,
            1.0,
            1.0,
            1.0,
            1.0,
            1.0,
            1.0,
            1.0,
            1.0,
            1.0,
            1.0,
            1.0,
            1.0,
            1.0,
            1.0,
            1.0,
            1.0,
            1.0,
            1.0,
            1.0,
            1.0,
            1.0,
            1.0,
            1.0,
            1.0,
            1.0,
            1.0,
            1.0,
            1.0,
            1.0,
            1.0,
            1.0,
            1.0,
            1.0,
            1.0,
            1.0,
            1.0,
            1.0,
            1.0,
            1.0,
            1.0,
            1.0,
            1.0,
            1.0,
            1.0,
            1.0
        ],
        "total_msgs_sent": [
            7400,
            7400,
            7300,
            7200,
            7300,
            7400,
            7300,
            7300,
            7300,
            7300,
            7400,
            7400,
            7400,
            7400,
            7400,
            7400,
            7200,
            7400,
            7400,
            7300,
            7400,
            7400,
            7300,
            7300,
            7400,
            7400,
            7400,
            7400,
            7400,
            7400,
            7400,
            7300,
            7300,
            7400,
            7400,
            7200,
            7300,
            7300,
            7400,
            7400,
            7400,
            7400,
            7400,
            7300,
            7400,
            7400,
            7200,
            7300,
            7400,
            7400
        ]
    },
    "RunTime": 101.886251998
}
