{
    "Results": {
        "c": 67,
        "delivery_nodes": [
            100.0,
            100.0,
            100.0,
            100.0,
            100.0,
            100.0,
            100.0,
            100.0,
            100.0,
            100.0,
            100.0,
            100.0,
            100.0,
            100.0,
            100.0,
            100.0,
            100.0,
            100.0,
            100.0,
            100.0,
            100.0,
            100.0,
            100.0,
            100.0,
            100.0,
            100.0,
            100.0,
            100.0,
            100.0,
            100.0,
            100.0,
            100.0,
            100.0,
            100.0,
            100.0,
            100.0,
            100.0,
            100.0,
            100.0,
            100.0,
            100.0,
            100.0,
            100.0,
            100.0,
            100.0,
            100.0,
            100.0,
            100.0,
            100.0,
            100.0
        ],
        "delivery_time": [
            22.432835820895523,
            23.52238805970149,
            22.582089552238806,
            23.26865671641791,
            22.746268656716417,
            23.417910447761194,
            22.80597014925373,
            22.567164179104477,
            21.91044776119403,
            23.52238805970149,
            22.582089552238806,
            23.28358208955224,
            22.925373134328357,
            22.91044776119403,
            23.567164179104477,
            22.417910447761194,
            23.65671641791045,
            22.73134328358209,
            22.791044776119403,
            22.208955223880597,
            22.53731343283582,
            22.91044776119403,
            23.44776119402985,
            23.46268656716418,
            23.402985074626866,
            23.134328358208954,
            23.52238805970149,
            23.0,
            22.507462686567163,
            22.791044776119403,
            23.26865671641791,
            22.82089552238806,
            22.134328358208954,
            23.46268656716418,
            22.44776119402985,
            23.26865671641791,
            22.044776119402986,
            23.328358208955223,
            23.46268656716418,
            23.0,
            22.238805970149254,
            23.37313432835821,
            22.83582089552239,
            23.044776119402986,
            23.686567164179106,
            22.611940298507463,
            22.64179104477612,
            22.746268656716417,
            22.761194029850746,
            23.62686567164179
        ],
        "disagreement": [
            0.0,
            0.0,
            0.0,
            0.0,
            0.0,
            0.0,
            0.0,
            0.0,
            0.0,
            0.0,
            0.0,
            0.0,
            0.0,
            0.0,
            0.0,
            0.0,
            0.0,
            0.0,
            0.0,
            0.0,
            0.0,
            0.0,
            0.0,
            0.0,
            0.0,
            0.0,
            0.0,
            0.0,
            0.0,
            0.0,
            0.0,
            0.0,
            0.0,
            0.0,
            0.0,
            0.0,
            0.0,
            0.0,
            0.0,
            0.0,
            0.0,
            0.0,
            0.0,
            0.0,
            0.0,
            0.0,
            0.0,
            0.0,
            0.0,
            0.0
        ],
        "disagreement_frequency": [],
        "f": 33,
        "finishing_steps": [
            3,
            3,
            3,
            3,
            3,
            3,
            3,
            3,
            3,
            3,
            3,
            3,
            3,
            3,
            3,
            3,
            3,
            3,
            3,
            3,
            3,
            3,
            3,
            3,
            3,
            3,
            3,
            3,
            3,
            3,
            3,
            3,
            3,
            3,
            3,
            3,
            3,
            3,
            3,
            3,
            3,
            3,
            3,
            3,
            3,
            3,
            3,
            3,
            3,
            3
        ],
        "n": 100,
        "p": 70,
        "termination_rate": [
            1.0,
            1.0,
            1.0,
            1.0,
            1.0,
            1.0,
            1.0,
            1.0,
            1.0,
            1.0,
            1.0,
            1.0,
            1.0,
            1.0,
            1.0,
            1.0,
            1.0,
            1.0,
            1.0,
            1.0,
            1.0,
            1.0,
            1.0,
            1.0,
            1.0,
            1.0,
            1.0,
            1.0,
            1.0,
            1.0,
            1.0,
            1.0,
            1.0,
            1.0,
            1.0,
            1.0,
            1.0,
            1.0,
            1.0,
            1.0,
            1.0,
            1.0,
            1.0,
            1.0,
            1.0,
            1.0,
            1.0,
            1.0,
            1.0,
            1.0
        ],
        "total_msgs_sent": [
            8900,
            8900,
            8900,
            8900,
            8900,
            8900,
            8900,
            8900,
            8900,
            8900,
            8900,
            8900,
            8900,
            8900,
            8900,
            8900,
            8900,
            8900,
            8900,
            8900,
            8900,
            8900,
            8900,
            8900,
            8900,
            8900,
            8900,
            8900,
            8900,
            8900,
            8900,
            8900,
            8900,
            8900,
            8900,
            8900,
            8900,
            8900,
            8900,
            8900,
            8900,
            8900,
            8900,
            8900,
            8900,
            8900,
            8900,
            8900,
            8900,
            8900
        ]
    },
    "RunTime": 114.48391659
}
