{
    "Results": {
        "c": 60,
        "delivery_nodes": [
            100.0,
            100.0,
            100.0,
            100.0,
            100.0,
            100.0,
            100.0,
            100.0,
            100.0,
            100.0,
            100.0,
            100.0,
            100.0,
            100.0,
            100.0,
            100.0,
            100.0,
            100.0,
            100.0,
            100.0,
            100.0,
            100.0,
            100.0,
            100.0,
            100.0,
            100.0,
            100.0,
            100.0,
            100.0,
            100.0,
            100.0,
            100.0,
            100.0,
            100.0,
            100.0,
            100.0,
            100.0,
            100.0,
            100.0,
            100.0,
            100.0,
            100.0,
            100.0,
            100.0,
            100.0,
            100.0,
            100.0,
            100.0,
            100.0,
            100.0
        ],
        "delivery_time": [
            17.433333333333334,
            16.133333333333333,
            18.4,
            17.516666666666666,
            16.0,
            16.433333333333334,
            17.816666666666666,
            17.066666666666666,
            17.666666666666668,
            17.166666666666668,
            17.15,
            17.2,
            17.633333333333333,
            17.716666666666665,
            16.2,
            17.483333333333334,
            17.266666666666666,
            17.583333333333332,
            16.083333333333332,
            17.1,
            17.666666666666668,
            17.266666666666666,
            17.166666666666668,
            17.6,
            16.833333333333332,
            17.766666666666666,
            17.2,
            17.716666666666665,
            17.366666666666667,
            17.116666666666667,
            17.616666666666667,
            17.066666666666666,
            16.766666666666666,
            17.95,
            17.583333333333332,
            16.783333333333335,
            18.45,
            18.233333333333334,
            17.766666666666666,
            17.55,
            17.583333333333332,
            16.733333333333334,
            18.75,
            17.216666666666665,
            17.0,
            17.333333333333332,
            17.15,
            16.833333333333332,
            17.483333333333334,
            17.2
        ],
        "disagreement": [
            0.0,
            0.0,
            0.0,
            0.0,
            0.0,
            0.0,
            0.0,
            0.0,
            0.0,
            0.0,
            0.0,
            0.0,
            0.0,
            0.0,
            0.0,
            0.0,
            0.0,
            0.0,
            0.0,
            0.0,
            0.0,
            0.0,
            0.0,
            0.0,
            0.0,
            0.0,
            0.0,
            0.0,
            0.0,
            0.0,
            0.0,
            0.0,
            0.0,
            0.0,
            0.0,
            0.0,
            0.0,
            0.0,
            0.0,
            0.0,
            0.0,
            0.0,
            0.0,
            0.0,
            0.0,
            0.0,
            0.0,
            0.0,
            0.0,
            0.0
        ],
        "disagreement_frequency": [],
        "f": 40,
        "finishing_steps": [
            2,
            2,
            2,
            2,
            2,
            2,
            2,
            2,
            2,
            2,
            2,
            2,
            2,
            2,
            2,
            2,
            2,
            2,
            2,
            2,
            2,
            2,
            2,
            2,
            2,
            2,
            2,
            2,
            2,
            2,
            2,
            2,
            2,
            2,
            2,
            2,
            2,
            2,
            2,
            2,
            2,
            2,
            2,
            2,
            2,
            2,
            2,
            2,
            2,
            2
        ],
        "n": 100,
        "p": 100,
        "termination_rate": [
            1.0,
            1.0,
            1.0,
            1.0,
            1.0,
            1.0,
            1.0,
            1.0,
            1.0,
            1.0,
            1.0,
            1.0,
            1.0,
            1.0,
            1.0,
            1.0,
            1.0,
            1.0,
            1.0,
            1.0,
            1.0,
            1.0,
            1.0,
            1.0,
            1.0,
            1.0,
            1.0,
            1.0,
            1.0,
            1.0,
            1.0,
            1.0,
            1.0,
            1.0,
            1.0,
            1.0,
            1.0,
            1.0,
            1.0,
            1.0,
            1.0,
            1.0,
            1.0,
            1.0,
            1.0,
            1.0,
            1.0,
            1.0,
            1.0,
            1.0
        ],
        "total_msgs_sent": [
            6000,
            6000,
            6000,
            6000,
            6000,
            6000,
            6000,
            6000,
            6000,
            6000,
            6000,
            6000,
            6000,
            6000,
            6000,
            6000,
            6000,
            6000,
            6000,
            6000,
            6000,
            6000,
            6000,
            6000,
            6000,
            6000,
            6000,
            6000,
            6000,
            6000,
            6000,
            6000,
            6000,
            6000,
            6000,
            6000,
            6000,
            6000,
            6000,
            6000,
            6000,
            6000,
            6000,
            6000,
            6000,
            6000,
            6000,
            6000,
            6000,
            6000
        ]
    },
    "RunTime": 79.072424306
}
