{
    "Results": {
        "c": 67,
        "delivery_nodes": [
            100.0,
            100.0,
            100.0,
            100.0,
            100.0,
            100.0,
            100.0,
            100.0,
            100.0,
            100.0,
            100.0,
            100.0,
            100.0,
            100.0,
            100.0,
            100.0,
            100.0,
            100.0,
            100.0,
            100.0,
            100.0,
            100.0,
            100.0,
            100.0,
            100.0,
            100.0,
            100.0,
            100.0,
            100.0,
            100.0,
            100.0,
            100.0,
            100.0,
            100.0,
            100.0,
            100.0,
            100.0,
            100.0,
            100.0,
            100.0,
            100.0,
            100.0,
            100.0,
            100.0,
            100.0,
            100.0,
            100.0,
            100.0,
            100.0,
            100.0
        ],
        "delivery_time": [
            19.55223880597015,
            19.328358208955223,
            19.73134328358209,
            19.71641791044776,
            19.70149253731343,
            19.582089552238806,
            18.70149253731343,
            18.83582089552239,
            18.91044776119403,
            19.074626865671643,
            19.104477611940297,
            19.686567164179106,
            18.83582089552239,
            19.73134328358209,
            19.34328358208955,
            18.37313432835821,
            19.65671641791045,
            19.83582089552239,
            20.0,
            19.746268656716417,
            19.671641791044777,
            18.65671641791045,
            18.26865671641791,
            19.597014925373134,
            19.71641791044776,
            19.62686567164179,
            18.895522388059703,
            19.82089552238806,
            18.791044776119403,
            18.223880597014926,
            19.47761194029851,
            18.91044776119403,
            19.582089552238806,
            19.432835820895523,
            17.53731343283582,
            19.253731343283583,
            19.925373134328357,
            19.55223880597015,
            19.671641791044777,
            19.059701492537314,
            19.611940298507463,
            17.507462686567163,
            19.52238805970149,
            19.044776119402986,
            18.73134328358209,
            18.71641791044776,
            19.46268656716418,
            19.26865671641791,
            19.507462686567163,
            19.80597014925373
        ],
        "disagreement": [
            0.0,
            0.0,
            0.0,
            0.0,
            0.0,
            0.0,
            0.0,
            0.0,
            0.0,
            0.0,
            0.0,
            0.0,
            0.0,
            0.0,
            0.0,
            0.0,
            0.0,
            0.0,
            0.0,
            0.0,
            0.0,
            0.0,
            0.0,
            0.0,
            0.0,
            0.0,
            0.0,
            0.0,
            0.0,
            0.0,
            0.0,
            0.0,
            0.0,
            0.0,
            0.0,
            0.0,
            0.0,
            0.0,
            0.0,
            0.0,
            0.0,
            0.0,
            0.0,
            0.0,
            0.0,
            0.0,
            0.0,
            0.0,
            0.0,
            0.0
        ],
        "disagreement_frequency": [],
        "f": 33,
        "finishing_steps": [
            2,
            2,
            2,
            2,
            2,
            2,
            2,
            2,
            2,
            2,
            2,
            2,
            2,
            2,
            2,
            2,
            2,
            2,
            2,
            2,
            2,
            2,
            2,
            2,
            2,
            2,
            2,
            2,
            2,
            2,
            2,
            2,
            2,
            2,
            2,
            2,
            2,
            2,
            2,
            2,
            2,
            2,
            2,
            2,
            2,
            2,
            2,
            2,
            2,
            2
        ],
        "n": 100,
        "p": 100,
        "termination_rate": [
            1.0,
            1.0,
            1.0,
            1.0,
            1.0,
            1.0,
            1.0,
            1.0,
            1.0,
            1.0,
            1.0,
            1.0,
            1.0,
            1.0,
            1.0,
            1.0,
            1.0,
            1.0,
            1.0,
            1.0,
            1.0,
            1.0,
            1.0,
            1.0,
            1.0,
            1.0,
            1.0,
            1.0,
            1.0,
            1.0,
            1.0,
            1.0,
            1.0,
            1.0,
            1.0,
            1.0,
            1.0,
            1.0,
            1.0,
            1.0,
            1.0,
            1.0,
            1.0,
            1.0,
            1.0,
            1.0,
            1.0,
            1.0,
            1.0,
            1.0
        ],
        "total_msgs_sent": [
            6700,
            6700,
            6700,
            6700,
            6700,
            6700,
            6700,
            6700,
            6700,
            6700,
            6700,
            6700,
            6700,
            6700,
            6700,
            6700,
            6700,
            6700,
            6700,
            6700,
            6700,
            6700,
            6700,
            6700,
            6700,
            6700,
            6700,
            6700,
            6700,
            6700,
            6700,
            6700,
            6700,
            6700,
            6700,
            6700,
            6700,
            6700,
            6700,
            6700,
            6700,
            6700,
            6700,
            6700,
            6700,
            6700,
            6700,
            6700,
            6700,
            6700
        ]
    },
    "RunTime": 90.181159057
}
