{
    "Results": {
        "c": 75,
        "delivery_nodes": [
            100.0,
            100.0,
            100.0,
            100.0,
            100.0,
            100.0,
            100.0,
            100.0,
            100.0,
            100.0,
            100.0,
            100.0,
            100.0,
            100.0,
            100.0,
            100.0,
            100.0,
            100.0,
            100.0,
            100.0,
            100.0,
            100.0,
            100.0,
            100.0,
            100.0,
            100.0,
            100.0,
            100.0,
            100.0,
            100.0,
            100.0,
            100.0,
            100.0,
            100.0,
            100.0,
            100.0,
            100.0,
            100.0,
            100.0,
            100.0,
            100.0,
            100.0,
            100.0,
            100.0,
            100.0,
            100.0,
            100.0,
            100.0,
            100.0,
            100.0
        ],
        "delivery_time": [
            19.413333333333334,
            19.813333333333333,
            19.893333333333334,
            19.826666666666668,
            19.85333333333333,
            19.906666666666666,
            19.6,
            19.653333333333332,
            19.84,
            19.733333333333334,
            19.826666666666668,
            19.733333333333334,
            19.56,
            19.906666666666666,
            19.88,
            19.826666666666668,
            19.96,
            19.84,
            19.893333333333334,
            19.84,
            20.0,
            19.69333333333333,
            19.773333333333333,
            19.72,
            19.893333333333334,
            19.96,
            19.933333333333334,
            19.933333333333334,
            19.933333333333334,
            19.986666666666668,
            19.906666666666666,
            19.626666666666665,
            19.84,
            19.84,
            19.893333333333334,
            19.773333333333333,
            19.85333333333333,
            19.826666666666668,
            19.706666666666667,
            19.813333333333333,
            19.893333333333334,
            19.84,
            19.64,
            19.88,
            19.88,
            19.88,
            19.893333333333334,
            19.946666666666665,
            19.746666666666666,
            19.84
        ],
        "disagreement": [
            0.0,
            0.0,
            0.0,
            0.0,
            0.0,
            0.0,
            0.0,
            0.0,
            0.0,
            0.0,
            0.0,
            0.0,
            0.0,
            0.0,
            0.0,
            0.0,
            0.0,
            0.0,
            0.0,
            0.0,
            0.0,
            0.0,
            0.0,
            0.0,
            0.0,
            0.0,
            0.0,
            0.0,
            0.0,
            0.0,
            0.0,
            0.0,
            0.0,
            0.0,
            0.0,
            0.0,
            0.0,
            0.0,
            0.0,
            0.0,
            0.0,
            0.0,
            0.0,
            0.0,
            0.0,
            0.0,
            0.0,
            0.0,
            0.0,
            0.0
        ],
        "disagreement_frequency": [],
        "f": 25,
        "finishing_steps": [
            2,
            2,
            2,
            2,
            2,
            2,
            2,
            2,
            2,
            2,
            2,
            2,
            2,
            2,
            2,
            2,
            2,
            2,
            2,
            2,
            2,
            2,
            2,
            2,
            2,
            2,
            2,
            2,
            2,
            2,
            2,
            2,
            2,
            2,
            2,
            2,
            2,
            2,
            2,
            2,
            2,
            2,
            2,
            2,
            2,
            2,
            2,
            2,
            2,
            2
        ],
        "n": 100,
        "p": 100,
        "termination_rate": [
            1.0,
            1.0,
            1.0,
            1.0,
            1.0,
            1.0,
            1.0,
            1.0,
            1.0,
            1.0,
            1.0,
            1.0,
            1.0,
            1.0,
            1.0,
            1.0,
            1.0,
            1.0,
            1.0,
            1.0,
            1.0,
            1.0,
            1.0,
            1.0,
            1.0,
            1.0,
            1.0,
            1.0,
            1.0,
            1.0,
            1.0,
            1.0,
            1.0,
            1.0,
            1.0,
            1.0,
            1.0,
            1.0,
            1.0,
            1.0,
            1.0,
            1.0,
            1.0,
            1.0,
            1.0,
            1.0,
            1.0,
            1.0,
            1.0,
            1.0
        ],
        "total_msgs_sent": [
            7500,
            7500,
            7500,
            7500,
            7500,
            7500,
            7500,
            7500,
            7500,
            7500,
            7500,
            7500,
            7500,
            7500,
            7500,
            7500,
            7500,
            7500,
            7500,
            7500,
            7500,
            7500,
            7500,
            7500,
            7500,
            7500,
            7500,
            7500,
            7500,
            7500,
            7500,
            7500,
            7500,
            7500,
            7500,
            7500,
            7500,
            7500,
            7500,
            7500,
            7500,
            7500,
            7500,
            7500,
            7500,
            7500,
            7500,
            7500,
            7500,
            7500
        ]
    },
    "RunTime": 96.664199523
}
