{
    "Results": {
        "c": 60,
        "delivery_nodes": [
            100.0,
            100.0,
            100.0,
            100.0,
            100.0,
            100.0,
            100.0,
            100.0,
            100.0,
            100.0,
            100.0,
            100.0,
            100.0,
            100.0,
            100.0,
            100.0,
            100.0,
            100.0,
            100.0,
            100.0,
            100.0,
            100.0,
            100.0,
            100.0,
            100.0,
            100.0,
            100.0,
            100.0,
            100.0,
            100.0,
            100.0,
            100.0,
            100.0,
            100.0,
            100.0,
            100.0,
            100.0,
            100.0,
            100.0,
            100.0,
            100.0,
            100.0,
            100.0,
            100.0,
            100.0,
            100.0,
            100.0,
            100.0,
            100.0,
            100.0
        ],
        "delivery_time": [
            18.466666666666665,
            17.766666666666666,
            18.266666666666666,
            18.133333333333333,
            18.116666666666667,
            18.583333333333332,
            18.15,
            17.866666666666667,
            17.5,
            17.55,
            16.566666666666666,
            18.766666666666666,
            17.516666666666666,
            18.516666666666666,
            17.7,
            17.366666666666667,
            18.066666666666666,
            18.183333333333334,
            18.033333333333335,
            17.583333333333332,
            16.883333333333333,
            18.366666666666667,
            18.216666666666665,
            17.883333333333333,
            18.6,
            17.216666666666665,
            18.416666666666668,
            18.083333333333332,
            17.466666666666665,
            18.4,
            17.283333333333335,
            18.233333333333334,
            17.933333333333334,
            19.4,
            18.066666666666666,
            18.75,
            18.85,
            17.883333333333333,
            17.883333333333333,
            17.55,
            17.65,
            17.6,
            17.683333333333334,
            18.816666666666666,
            18.116666666666667,
            18.216666666666665,
            16.683333333333334,
            18.533333333333335,
            17.616666666666667,
            18.266666666666666
        ],
        "disagreement": [
            0.0,
            0.0,
            0.0,
            0.0,
            0.0,
            0.0,
            0.0,
            0.0,
            0.0,
            0.0,
            0.0,
            0.0,
            0.0,
            0.0,
            0.0,
            0.0,
            0.0,
            0.0,
            0.0,
            0.0,
            0.0,
            0.0,
            0.0,
            0.0,
            0.0,
            0.0,
            0.0,
            0.0,
            0.0,
            0.0,
            0.0,
            0.0,
            0.0,
            0.0,
            0.0,
            0.0,
            0.0,
            0.0,
            0.0,
            0.0,
            0.0,
            0.0,
            0.0,
            0.0,
            0.0,
            0.0,
            0.0,
            0.0,
            0.0,
            0.0
        ],
        "disagreement_frequency": [],
        "f": 40,
        "finishing_steps": [
            3,
            3,
            3,
            3,
            3,
            3,
            3,
            3,
            3,
            3,
            3,
            3,
            3,
            3,
            3,
            3,
            3,
            3,
            3,
            3,
            3,
            3,
            3,
            3,
            3,
            3,
            3,
            3,
            3,
            3,
            3,
            3,
            3,
            3,
            3,
            3,
            3,
            3,
            3,
            3,
            3,
            3,
            3,
            3,
            3,
            3,
            3,
            3,
            3,
            3
        ],
        "n": 100,
        "p": 90,
        "termination_rate": [
            1.0,
            1.0,
            1.0,
            1.0,
            1.0,
            1.0,
            1.0,
            1.0,
            1.0,
            1.0,
            1.0,
            1.0,
            1.0,
            1.0,
            1.0,
            1.0,
            1.0,
            1.0,
            1.0,
            1.0,
            1.0,
            1.0,
            1.0,
            1.0,
            1.0,
            1.0,
            1.0,
            1.0,
            1.0,
            1.0,
            1.0,
            1.0,
            1.0,
            1.0,
            1.0,
            1.0,
            1.0,
            1.0,
            1.0,
            1.0,
            1.0,
            1.0,
            1.0,
            1.0,
            1.0,
            1.0,
            1.0,
            1.0,
            1.0,
            1.0
        ],
        "total_msgs_sent": [
            6600,
            6400,
            6600,
            6600,
            6600,
            6800,
            6500,
            6700,
            6700,
            6700,
            6700,
            6800,
            6700,
            6500,
            6600,
            6500,
            6400,
            6700,
            6700,
            6500,
            6400,
            6700,
            6600,
            6600,
            6700,
            6700,
            6800,
            6600,
            6600,
            6600,
            6500,
            6600,
            6700,
            6800,
            6800,
            6600,
            6600,
            6600,
            6300,
            6700,
            6700,
            6600,
            6600,
            6700,
            6700,
            6700,
            6400,
            6600,
            6400,
            6700
        ]
    },
    "RunTime": 83.015723694
}
