{
    "Results": {
        "c": 81,
        "delivery_nodes": [
            100.0,
            100.0,
            100.0,
            100.0,
            100.0,
            100.0,
            100.0,
            100.0,
            100.0,
            100.0,
            100.0,
            100.0,
            100.0,
            100.0,
            100.0,
            100.0,
            100.0,
            100.0,
            100.0,
            100.0,
            100.0,
            100.0,
            100.0,
            100.0,
            100.0,
            100.0,
            100.0,
            100.0,
            100.0,
            100.0,
            100.0,
            100.0,
            100.0,
            100.0,
            100.0,
            100.0,
            100.0,
            100.0,
            100.0,
            100.0,
            100.0,
            100.0,
            100.0,
            100.0,
            100.0,
            100.0,
            100.0,
            100.0,
            100.0,
            100.0
        ],
        "delivery_time": [
            19.88888888888889,
            19.617283950617285,
            19.876543209876544,
            19.938271604938272,
            19.320987654320987,
            19.876543209876544,
            19.71604938271605,
            19.59259259259259,
            19.839506172839506,
            19.938271604938272,
            19.88888888888889,
            19.925925925925927,
            19.814814814814813,
            19.97530864197531,
            19.88888888888889,
            19.814814814814813,
            19.864197530864196,
            19.839506172839506,
            19.876543209876544,
            19.91358024691358,
            19.901234567901234,
            19.728395061728396,
            19.901234567901234,
            19.703703703703702,
            19.962962962962962,
            19.790123456790123,
            19.938271604938272,
            19.703703703703702,
            19.71604938271605,
            19.962962962962962,
            19.80246913580247,
            19.765432098765434,
            19.814814814814813,
            19.88888888888889,
            19.876543209876544,
            19.82716049382716,
            19.80246913580247,
            19.925925925925927,
            19.962962962962962,
            19.97530864197531,
            19.814814814814813,
            19.728395061728396,
            19.864197530864196,
            19.97530864197531,
            19.97530864197531,
            19.753086419753085,
            19.666666666666668,
            19.938271604938272,
            19.666666666666668,
            19.950617283950617
        ],
        "disagreement": [
            0.0,
            0.0,
            0.0,
            0.0,
            0.0,
            0.0,
            0.0,
            0.0,
            0.0,
            0.0,
            0.0,
            0.0,
            0.0,
            0.0,
            0.0,
            0.0,
            0.0,
            0.0,
            0.0,
            0.0,
            0.0,
            0.0,
            0.0,
            0.0,
            0.0,
            0.0,
            0.0,
            0.0,
            0.0,
            0.0,
            0.0,
            0.0,
            0.0,
            0.0,
            0.0,
            0.0,
            0.0,
            0.0,
            0.0,
            0.0,
            0.0,
            0.0,
            0.0,
            0.0,
            0.0,
            0.0,
            0.0,
            0.0,
            0.0,
            0.0
        ],
        "disagreement_frequency": [],
        "f": 19,
        "finishing_steps": [
            2,
            2,
            2,
            2,
            2,
            2,
            2,
            2,
            2,
            2,
            2,
            2,
            2,
            2,
            2,
            2,
            2,
            2,
            2,
            2,
            2,
            2,
            2,
            2,
            2,
            2,
            2,
            2,
            2,
            2,
            2,
            2,
            2,
            2,
            2,
            2,
            2,
            2,
            2,
            2,
            2,
            2,
            2,
            2,
            2,
            2,
            2,
            2,
            2,
            2
        ],
        "n": 100,
        "p": 100,
        "termination_rate": [
            1.0,
            1.0,
            1.0,
            1.0,
            1.0,
            1.0,
            1.0,
            1.0,
            1.0,
            1.0,
            1.0,
            1.0,
            1.0,
            1.0,
            1.0,
            1.0,
            1.0,
            1.0,
            1.0,
            1.0,
            1.0,
            1.0,
            1.0,
            1.0,
            1.0,
            1.0,
            1.0,
            1.0,
            1.0,
            1.0,
            1.0,
            1.0,
            1.0,
            1.0,
            1.0,
            1.0,
            1.0,
            1.0,
            1.0,
            1.0,
            1.0,
            1.0,
            1.0,
            1.0,
            1.0,
            1.0,
            1.0,
            1.0,
            1.0,
            1.0
        ],
        "total_msgs_sent": [
            8100,
            8100,
            8100,
            8100,
            8100,
            8100,
            8100,
            8100,
            8100,
            8100,
            8100,
            8100,
            8100,
            8100,
            8100,
            8100,
            8100,
            8100,
            8100,
            8100,
            8100,
            8100,
            8100,
            8100,
            8100,
            8100,
            8100,
            8100,
            8100,
            8100,
            8100,
            8100,
            8100,
            8100,
            8100,
            8100,
            8100,
            8100,
            8100,
            8100,
            8100,
            8100,
            8100,
            8100,
            8100,
            8100,
            8100,
            8100,
            8100,
            8100
        ]
    },
    "RunTime": 97.929790924
}
