{
    "Results": {
        "c": 75,
        "delivery_nodes": [
            100.0,
            100.0,
            100.0,
            100.0,
            100.0,
            100.0,
            100.0,
            100.0,
            100.0,
            100.0,
            100.0,
            100.0,
            100.0,
            100.0,
            100.0,
            100.0,
            100.0,
            100.0,
            100.0,
            100.0,
            100.0,
            100.0,
            100.0,
            100.0,
            100.0,
            100.0,
            100.0,
            100.0,
            100.0,
            100.0,
            100.0,
            100.0,
            100.0,
            100.0,
            100.0,
            100.0,
            100.0,
            100.0,
            100.0,
            100.0,
            100.0,
            100.0,
            100.0,
            100.0,
            100.0,
            100.0,
            100.0,
            100.0,
            100.0,
            100.0
        ],
        "delivery_time": [
            29.973333333333333,
            29.946666666666665,
            29.48,
            29.72,
            29.84,
            29.96,
            29.453333333333333,
            29.72,
            29.893333333333334,
            28.106666666666666,
            29.746666666666666,
            29.973333333333333,
            29.626666666666665,
            29.653333333333332,
            29.026666666666667,
            29.96,
            29.973333333333333,
            29.506666666666668,
            29.933333333333334,
            29.85333333333333,
            29.093333333333334,
            29.946666666666665,
            29.88,
            29.946666666666665,
            29.413333333333334,
            29.88,
            29.706666666666667,
            29.813333333333333,
            29.69333333333333,
            30.0,
            29.973333333333333,
            29.946666666666665,
            29.973333333333333,
            29.866666666666667,
            29.48,
            29.68,
            29.706666666666667,
            28.986666666666668,
            29.973333333333333,
            29.093333333333334,
            29.026666666666667,
            29.8,
            29.626666666666665,
            27.786666666666665,
            29.933333333333334,
            29.84,
            29.32,
            29.946666666666665,
            29.213333333333335,
            29.56
        ],
        "disagreement": [
            0.0,
            0.0,
            0.0,
            0.0,
            0.0,
            0.0,
            0.0,
            0.0,
            0.0,
            0.0,
            0.0,
            0.0,
            0.0,
            0.0,
            0.0,
            0.0,
            0.0,
            0.0,
            0.0,
            0.0,
            0.0,
            0.0,
            0.0,
            0.0,
            0.0,
            0.0,
            0.0,
            0.0,
            0.0,
            0.0,
            0.0,
            0.0,
            0.0,
            0.0,
            0.0,
            0.0,
            0.0,
            0.0,
            0.0,
            0.0,
            0.0,
            0.0,
            0.0,
            0.0,
            0.0,
            0.0,
            0.0,
            0.0,
            0.0,
            0.0
        ],
        "disagreement_frequency": [],
        "f": 25,
        "finishing_steps": [
            3,
            3,
            3,
            3,
            3,
            3,
            3,
            3,
            3,
            3,
            3,
            3,
            3,
            3,
            3,
            3,
            3,
            3,
            3,
            3,
            3,
            3,
            3,
            3,
            3,
            3,
            3,
            3,
            3,
            3,
            3,
            3,
            3,
            3,
            3,
            3,
            3,
            3,
            3,
            3,
            3,
            3,
            3,
            3,
            3,
            3,
            3,
            3,
            3,
            3
        ],
        "n": 100,
        "p": 70,
        "termination_rate": [
            1.0,
            1.0,
            1.0,
            1.0,
            1.0,
            1.0,
            1.0,
            1.0,
            1.0,
            1.0,
            1.0,
            1.0,
            1.0,
            1.0,
            1.0,
            1.0,
            1.0,
            1.0,
            1.0,
            1.0,
            1.0,
            1.0,
            1.0,
            1.0,
            1.0,
            1.0,
            1.0,
            1.0,
            1.0,
            1.0,
            1.0,
            1.0,
            1.0,
            1.0,
            1.0,
            1.0,
            1.0,
            1.0,
            1.0,
            1.0,
            1.0,
            1.0,
            1.0,
            1.0,
            1.0,
            1.0,
            1.0,
            1.0,
            1.0,
            1.0
        ],
        "total_msgs_sent": [
            10000,
            10000,
            10000,
            10000,
            10000,
            10000,
            10000,
            10000,
            10000,
            10000,
            10000,
            10000,
            10000,
            10000,
            10000,
            10000,
            10000,
            10000,
            10000,
            10000,
            10000,
            10000,
            10000,
            10000,
            10000,
            10000,
            10000,
            10000,
            10000,
            10000,
            10000,
            10000,
            10000,
            10000,
            10000,
            10000,
            10000,
            10000,
            10000,
            10000,
            10000,
            10000,
            10000,
            10000,
            10000,
            10000,
            10000,
            10000,
            10000,
            10000
        ]
    },
    "RunTime": 122.412707977
}
