{
    "Results": {
        "c": 60,
        "delivery_nodes": [
            100.0,
            100.0,
            100.0,
            100.0,
            100.0,
            100.0,
            100.0,
            100.0,
            100.0,
            100.0,
            100.0,
            100.0,
            100.0,
            100.0,
            100.0,
            100.0,
            100.0,
            100.0,
            100.0,
            100.0,
            100.0,
            100.0,
            100.0,
            100.0,
            100.0,
            100.0,
            100.0,
            100.0,
            100.0,
            100.0,
            100.0,
            100.0,
            100.0,
            100.0,
            100.0,
            100.0,
            100.0,
            100.0,
            100.0,
            100.0,
            100.0,
            100.0,
            100.0,
            100.0,
            100.0,
            100.0,
            100.0,
            100.0,
            100.0,
            100.0
        ],
        "delivery_time": [
            18.65,
            18.216666666666665,
            18.116666666666667,
            18.85,
            17.7,
            18.5,
            18.633333333333333,
            18.266666666666666,
            18.3,
            18.766666666666666,
            17.866666666666667,
            18.433333333333334,
            18.8,
            19.383333333333333,
            18.95,
            17.516666666666666,
            18.833333333333332,
            18.366666666666667,
            17.7,
            18.733333333333334,
            19.15,
            18.4,
            18.316666666666666,
            19.7,
            17.816666666666666,
            18.183333333333334,
            18.35,
            19.283333333333335,
            18.666666666666668,
            18.516666666666666,
            19.2,
            18.783333333333335,
            18.333333333333332,
            17.966666666666665,
            18.933333333333334,
            18.183333333333334,
            17.85,
            17.416666666666668,
            18.35,
            18.5,
            19.333333333333332,
            19.8,
            18.316666666666666,
            19.15,
            19.7,
            17.816666666666666,
            18.933333333333334,
            17.866666666666667,
            19.316666666666666,
            18.516666666666666
        ],
        "disagreement": [
            0.0,
            0.0,
            0.0,
            0.0,
            0.0,
            0.0,
            0.0,
            0.0,
            0.0,
            0.0,
            0.0,
            0.0,
            0.0,
            0.0,
            0.0,
            0.0,
            0.0,
            0.0,
            0.0,
            0.0,
            0.0,
            0.0,
            0.0,
            0.0,
            0.0,
            0.0,
            0.0,
            0.0,
            0.0,
            0.0,
            0.0,
            0.0,
            0.0,
            0.0,
            0.0,
            0.0,
            0.0,
            0.0,
            0.0,
            0.0,
            0.0,
            0.0,
            0.0,
            0.0,
            0.0,
            0.0,
            0.0,
            0.0,
            0.0,
            0.0
        ],
        "disagreement_frequency": [],
        "f": 40,
        "finishing_steps": [
            3,
            3,
            3,
            3,
            3,
            3,
            3,
            3,
            3,
            3,
            3,
            3,
            3,
            3,
            3,
            3,
            3,
            3,
            3,
            3,
            3,
            3,
            3,
            3,
            3,
            3,
            3,
            3,
            3,
            3,
            3,
            3,
            3,
            3,
            3,
            3,
            3,
            3,
            3,
            3,
            3,
            3,
            3,
            3,
            3,
            3,
            3,
            3,
            3,
            3
        ],
        "n": 100,
        "p": 80,
        "termination_rate": [
            1.0,
            1.0,
            1.0,
            1.0,
            1.0,
            1.0,
            1.0,
            1.0,
            1.0,
            1.0,
            1.0,
            1.0,
            1.0,
            1.0,
            1.0,
            1.0,
            1.0,
            1.0,
            1.0,
            1.0,
            1.0,
            1.0,
            1.0,
            1.0,
            1.0,
            1.0,
            1.0,
            1.0,
            1.0,
            1.0,
            1.0,
            1.0,
            1.0,
            1.0,
            1.0,
            1.0,
            1.0,
            1.0,
            1.0,
            1.0,
            1.0,
            1.0,
            1.0,
            1.0,
            1.0,
            1.0,
            1.0,
            1.0,
            1.0,
            1.0
        ],
        "total_msgs_sent": [
            6800,
            6900,
            6900,
            7000,
            6700,
            6800,
            6900,
            7000,
            6900,
            6700,
            6800,
            7000,
            7000,
            6900,
            7000,
            6700,
            6600,
            6700,
            7000,
            7000,
            6900,
            6900,
            6800,
            6900,
            6800,
            7100,
            6900,
            7000,
            6700,
            6700,
            6700,
            7100,
            6900,
            7100,
            6900,
            6600,
            7000,
            7000,
            6800,
            7200,
            6900,
            7000,
            7100,
            7100,
            6800,
            6900,
            6800,
            6900,
            7100,
            6800
        ]
    },
    "RunTime": 91.036318849
}
