{
    "Results": {
        "c": 81,
        "delivery_nodes": [
            100.0,
            100.0,
            100.0,
            100.0,
            100.0,
            100.0,
            100.0,
            100.0,
            100.0,
            100.0,
            100.0,
            100.0,
            100.0,
            100.0,
            100.0,
            100.0,
            100.0,
            100.0,
            100.0,
            100.0,
            100.0,
            100.0,
            100.0,
            100.0,
            100.0,
            100.0,
            100.0,
            100.0,
            100.0,
            100.0,
            100.0,
            100.0,
            100.0,
            100.0,
            100.0,
            100.0,
            100.0,
            100.0,
            100.0,
            100.0,
            100.0,
            100.0,
            100.0,
            100.0,
            100.0,
            100.0,
            100.0,
            100.0,
            100.0,
            100.0
        ],
        "delivery_time": [
            35.111111111111114,
            35.53086419753087,
            36.02469135802469,
            35.22222222222222,
            35.160493827160494,
            34.925925925925924,
            33.22222222222222,
            36.111111111111114,
            35.0,
            33.876543209876544,
            34.51851851851852,
            35.333333333333336,
            35.25925925925926,
            36.04938271604938,
            34.97530864197531,
            34.407407407407405,
            35.666666666666664,
            34.407407407407405,
            35.864197530864196,
            34.888888888888886,
            36.24691358024691,
            34.80246913580247,
            36.17283950617284,
            34.93827160493827,
            33.51851851851852,
            35.41975308641975,
            33.876543209876544,
            35.135802469135804,
            35.95061728395062,
            35.888888888888886,
            36.49382716049383,
            34.925925925925924,
            35.98765432098765,
            35.7037037037037,
            35.02469135802469,
            34.7037037037037,
            33.77777777777778,
            34.148148148148145,
            34.50617283950617,
            34.864197530864196,
            35.5679012345679,
            35.370370370370374,
            35.901234567901234,
            35.407407407407405,
            34.58024691358025,
            35.839506172839506,
            35.06172839506173,
            35.72839506172839,
            35.18518518518518,
            35.22222222222222
        ],
        "disagreement": [
            0.0,
            0.0,
            0.0,
            0.0,
            0.0,
            0.0,
            0.0,
            0.0,
            0.0,
            0.0,
            0.0,
            0.0,
            0.0,
            0.0,
            0.0,
            0.0,
            0.0,
            0.0,
            0.0,
            0.0,
            0.0,
            0.0,
            0.0,
            0.0,
            0.0,
            0.0,
            0.0,
            0.0,
            0.0,
            0.0,
            0.0,
            0.0,
            0.0,
            0.0,
            0.0,
            0.0,
            0.0,
            0.0,
            0.0,
            0.0,
            0.0,
            0.0,
            0.0,
            0.0,
            0.0,
            0.0,
            0.0,
            0.0,
            0.0,
            0.0
        ],
        "disagreement_frequency": [],
        "f": 19,
        "finishing_steps": [
            4,
            4,
            4,
            4,
            4,
            4,
            4,
            4,
            4,
            4,
            4,
            4,
            4,
            4,
            4,
            4,
            4,
            4,
            4,
            4,
            4,
            4,
            4,
            4,
            4,
            4,
            4,
            4,
            4,
            4,
            4,
            4,
            4,
            4,
            4,
            4,
            4,
            4,
            4,
            4,
            4,
            4,
            4,
            4,
            4,
            4,
            4,
            4,
            4,
            4
        ],
        "n": 100,
        "p": 70,
        "termination_rate": [
            1.0,
            1.0,
            1.0,
            1.0,
            1.0,
            1.0,
            1.0,
            1.0,
            1.0,
            1.0,
            1.0,
            1.0,
            1.0,
            1.0,
            1.0,
            1.0,
            1.0,
            1.0,
            1.0,
            1.0,
            1.0,
            1.0,
            1.0,
            1.0,
            1.0,
            1.0,
            1.0,
            1.0,
            1.0,
            1.0,
            1.0,
            1.0,
            1.0,
            1.0,
            1.0,
            1.0,
            1.0,
            1.0,
            1.0,
            1.0,
            1.0,
            1.0,
            1.0,
            1.0,
            1.0,
            1.0,
            1.0,
            1.0,
            1.0,
            1.0
        ],
        "total_msgs_sent": [
            24300,
            24300,
            24300,
            24300,
            24300,
            24300,
            24300,
            24300,
            24300,
            24300,
            24300,
            24300,
            24300,
            24300,
            24300,
            24300,
            24300,
            24300,
            24300,
            24300,
            24300,
            24300,
            24300,
            24300,
            24300,
            24300,
            24300,
            24300,
            24300,
            24300,
            24300,
            24300,
            24300,
            24300,
            24300,
            24300,
            24300,
            24300,
            24300,
            24300,
            24300,
            24300,
            24300,
            24300,
            24300,
            24300,
            24300,
            24300,
            24300,
            24300
        ]
    },
    "RunTime": 234.594456765
}
