{
    "Results": {
        "c": 60,
        "delivery_nodes": [
            100.0,
            100.0,
            100.0,
            100.0,
            100.0,
            100.0,
            100.0,
            100.0,
            100.0,
            100.0,
            100.0,
            100.0,
            100.0,
            100.0,
            100.0,
            100.0,
            100.0,
            100.0,
            100.0,
            100.0,
            100.0,
            100.0,
            100.0,
            100.0,
            100.0,
            100.0,
            100.0,
            100.0,
            100.0,
            100.0,
            100.0,
            100.0,
            100.0,
            100.0,
            100.0,
            100.0,
            100.0,
            100.0,
            100.0,
            100.0,
            100.0,
            100.0,
            100.0,
            100.0,
            100.0,
            100.0,
            100.0,
            100.0,
            100.0,
            100.0
        ],
        "delivery_time": [
            18.983333333333334,
            19.5,
            19.05,
            19.633333333333333,
            18.516666666666666,
            18.883333333333333,
            18.516666666666666,
            18.883333333333333,
            18.733333333333334,
            19.216666666666665,
            18.283333333333335,
            19.4,
            19.6,
            19.5,
            17.65,
            19.033333333333335,
            19.666666666666668,
            18.466666666666665,
            19.283333333333335,
            19.216666666666665,
            19.033333333333335,
            18.866666666666667,
            19.633333333333333,
            19.366666666666667,
            19.116666666666667,
            19.566666666666666,
            19.116666666666667,
            18.833333333333332,
            19.416666666666668,
            19.333333333333332,
            19.483333333333334,
            19.233333333333334,
            19.216666666666665,
            19.533333333333335,
            19.35,
            18.65,
            18.7,
            19.316666666666666,
            19.016666666666666,
            19.1,
            19.65,
            18.466666666666665,
            18.116666666666667,
            18.266666666666666,
            17.966666666666665,
            19.266666666666666,
            19.25,
            18.766666666666666,
            18.95,
            18.833333333333332
        ],
        "disagreement": [
            0.0,
            0.0,
            0.0,
            0.0,
            0.0,
            0.0,
            0.0,
            0.0,
            0.0,
            0.0,
            0.0,
            0.0,
            0.0,
            0.0,
            0.0,
            0.0,
            0.0,
            0.0,
            0.0,
            0.0,
            0.0,
            0.0,
            0.0,
            0.0,
            0.0,
            0.0,
            0.0,
            0.0,
            0.0,
            0.0,
            0.0,
            0.0,
            0.0,
            0.0,
            0.0,
            0.0,
            0.0,
            0.0,
            0.0,
            0.0,
            0.0,
            0.0,
            0.0,
            0.0,
            0.0,
            0.0,
            0.0,
            0.0,
            0.0,
            0.0
        ],
        "disagreement_frequency": [],
        "f": 40,
        "finishing_steps": [
            2,
            2,
            2,
            2,
            2,
            2,
            2,
            2,
            2,
            2,
            2,
            2,
            2,
            2,
            2,
            2,
            2,
            2,
            2,
            2,
            2,
            2,
            2,
            2,
            2,
            2,
            2,
            2,
            2,
            2,
            2,
            2,
            2,
            2,
            2,
            2,
            2,
            2,
            2,
            2,
            2,
            2,
            2,
            2,
            2,
            2,
            2,
            2,
            2,
            2
        ],
        "n": 100,
        "p": 60,
        "termination_rate": [
            1.0,
            1.0,
            1.0,
            1.0,
            1.0,
            1.0,
            1.0,
            1.0,
            1.0,
            1.0,
            1.0,
            1.0,
            1.0,
            1.0,
            1.0,
            1.0,
            1.0,
            1.0,
            1.0,
            1.0,
            1.0,
            1.0,
            1.0,
            1.0,
            1.0,
            1.0,
            1.0,
            1.0,
            1.0,
            1.0,
            1.0,
            1.0,
            1.0,
            1.0,
            1.0,
            1.0,
            1.0,
            1.0,
            1.0,
            1.0,
            1.0,
            1.0,
            1.0,
            1.0,
            1.0,
            1.0,
            1.0,
            1.0,
            1.0,
            1.0
        ],
        "total_msgs_sent": [
            29600,
            29800,
            28100,
            29500,
            28700,
            29600,
            29600,
            29700,
            29100,
            29100,
            29300,
            24000,
            24000,
            30000,
            28000,
            24000,
            29700,
            29100,
            29100,
            29500,
            29500,
            24600,
            24000,
            29800,
            28900,
            29900,
            29200,
            29700,
            28600,
            29700,
            29900,
            29700,
            29400,
            30000,
            24000,
            28300,
            24000,
            29700,
            28900,
            29600,
            29500,
            26400,
            29800,
            29300,
            28300,
            29800,
            29500,
            29300,
            24000,
            29400
        ]
    },
    "RunTime": 307.096146822
}
