{
    "Results": {
        "c": 75,
        "delivery_nodes": [
            100.0,
            100.0,
            100.0,
            100.0,
            100.0,
            100.0,
            100.0,
            100.0,
            100.0,
            100.0,
            100.0,
            100.0,
            100.0,
            100.0,
            100.0,
            100.0,
            100.0,
            100.0,
            100.0,
            100.0,
            100.0,
            100.0,
            100.0,
            100.0,
            100.0,
            100.0,
            100.0,
            100.0,
            100.0,
            100.0,
            100.0,
            100.0,
            100.0,
            100.0,
            100.0,
            100.0,
            100.0,
            100.0,
            100.0,
            100.0,
            100.0,
            100.0,
            100.0,
            100.0,
            100.0,
            100.0,
            100.0,
            100.0,
            100.0,
            100.0
        ],
        "delivery_time": [
            37.36,
            37.24,
            37.32,
            37.4,
            37.21333333333333,
            37.21333333333333,
            37.06666666666667,
            37.333333333333336,
            37.17333333333333,
            37.373333333333335,
            37.18666666666667,
            37.28,
            37.266666666666666,
            37.14666666666667,
            37.04,
            37.28,
            37.306666666666665,
            37.346666666666664,
            37.24,
            37.333333333333336,
            37.24,
            37.22666666666667,
            37.093333333333334,
            37.2,
            37.2,
            37.346666666666664,
            37.093333333333334,
            37.16,
            37.10666666666667,
            37.2,
            37.22666666666667,
            37.306666666666665,
            37.4,
            37.32,
            37.24,
            37.22666666666667,
            37.16,
            37.25333333333333,
            37.4,
            37.12,
            37.38666666666666,
            37.32,
            37.306666666666665,
            37.36,
            37.25333333333333,
            37.12,
            37.18666666666667,
            37.18666666666667,
            37.306666666666665,
            37.24
        ],
        "disagreement": [
            0.0,
            0.0,
            0.0,
            0.0,
            0.0,
            0.0,
            0.0,
            0.0,
            0.0,
            0.0,
            0.0,
            0.0,
            0.0,
            0.0,
            0.0,
            0.0,
            0.0,
            0.0,
            0.0,
            0.0,
            0.0,
            0.0,
            0.0,
            0.0,
            0.0,
            0.0,
            0.0,
            0.0,
            0.0,
            0.0,
            0.0,
            0.0,
            0.0,
            0.0,
            0.0,
            0.0,
            0.0,
            0.0,
            0.0,
            0.0,
            0.0,
            0.0,
            0.0,
            0.0,
            0.0,
            0.0,
            0.0,
            0.0,
            0.0,
            0.0
        ],
        "disagreement_frequency": [],
        "f": 25,
        "finishing_steps": [
            4,
            4,
            4,
            4,
            4,
            4,
            4,
            4,
            4,
            4,
            4,
            4,
            4,
            4,
            4,
            4,
            4,
            4,
            4,
            4,
            4,
            4,
            4,
            4,
            4,
            4,
            4,
            4,
            4,
            4,
            4,
            4,
            4,
            4,
            4,
            4,
            4,
            4,
            4,
            4,
            4,
            4,
            4,
            4,
            4,
            4,
            4,
            4,
            4,
            4
        ],
        "n": 100,
        "p": 50,
        "termination_rate": [
            1.0,
            1.0,
            1.0,
            1.0,
            1.0,
            1.0,
            1.0,
            1.0,
            1.0,
            1.0,
            1.0,
            1.0,
            1.0,
            1.0,
            1.0,
            1.0,
            1.0,
            1.0,
            1.0,
            1.0,
            1.0,
            1.0,
            1.0,
            1.0,
            1.0,
            1.0,
            1.0,
            1.0,
            1.0,
            1.0,
            1.0,
            1.0,
            1.0,
            1.0,
            1.0,
            1.0,
            1.0,
            1.0,
            1.0,
            1.0,
            1.0,
            1.0,
            1.0,
            1.0,
            1.0,
            1.0,
            1.0,
            1.0,
            1.0,
            1.0
        ],
        "total_msgs_sent": [
            22500,
            22500,
            22500,
            22500,
            22500,
            22500,
            22500,
            22500,
            22500,
            22500,
            22500,
            22500,
            22500,
            22500,
            22500,
            22500,
            22500,
            22500,
            22500,
            22500,
            22500,
            22500,
            22500,
            22500,
            22500,
            22500,
            22500,
            22500,
            22500,
            22500,
            22500,
            22500,
            22500,
            22500,
            22500,
            22500,
            22500,
            22500,
            22500,
            22500,
            22500,
            22500,
            22500,
            22500,
            22500,
            22500,
            22500,
            22500,
            22500,
            22500
        ]
    },
    "RunTime": 259.964468122
}
