{
    "Results": {
        "c": 60,
        "delivery_nodes": [
            100.0,
            100.0,
            100.0,
            100.0,
            100.0,
            100.0,
            100.0,
            100.0,
            100.0,
            100.0,
            100.0,
            100.0,
            100.0,
            100.0,
            100.0,
            100.0,
            100.0,
            100.0,
            100.0,
            100.0,
            100.0,
            100.0,
            100.0,
            100.0,
            100.0,
            100.0,
            100.0,
            100.0,
            100.0,
            100.0,
            100.0,
            100.0,
            100.0,
            100.0,
            100.0,
            100.0,
            100.0,
            100.0,
            100.0,
            100.0,
            100.0,
            100.0,
            100.0,
            100.0,
            100.0,
            100.0,
            100.0,
            100.0,
            100.0,
            100.0
        ],
        "delivery_time": [
            15.233333333333333,
            15.333333333333334,
            15.616666666666667,
            15.316666666666666,
            15.766666666666667,
            15.583333333333334,
            15.45,
            13.666666666666666,
            14.15,
            16.033333333333335,
            15.4,
            15.85,
            14.383333333333333,
            14.933333333333334,
            15.75,
            15.783333333333333,
            15.85,
            15.0,
            15.433333333333334,
            14.566666666666666,
            15.283333333333333,
            14.716666666666667,
            15.916666666666666,
            15.083333333333334,
            15.233333333333333,
            15.2,
            15.45,
            14.883333333333333,
            15.866666666666667,
            15.083333333333334,
            15.366666666666667,
            15.366666666666667,
            15.933333333333334,
            15.066666666666666,
            15.416666666666666,
            15.016666666666667,
            14.65,
            15.9,
            14.666666666666666,
            14.8,
            15.483333333333333,
            15.35,
            14.966666666666667,
            14.766666666666667,
            14.666666666666666,
            15.2,
            15.25,
            14.566666666666666,
            15.4,
            16.533333333333335
        ],
        "disagreement": [
            0.0,
            0.0,
            0.0,
            0.0,
            0.0,
            0.0,
            0.0,
            0.0,
            0.0,
            0.0,
            0.0,
            0.0,
            0.0,
            0.0,
            0.0,
            0.0,
            0.0,
            0.0,
            0.0,
            0.0,
            0.0,
            0.0,
            0.0,
            0.0,
            0.0,
            0.0,
            0.0,
            0.0,
            0.0,
            0.0,
            0.0,
            0.0,
            0.0,
            0.0,
            0.0,
            0.0,
            0.0,
            0.0,
            0.0,
            0.0,
            0.0,
            0.0,
            0.0,
            0.0,
            0.0,
            0.0,
            0.0,
            0.0,
            0.0,
            0.0
        ],
        "disagreement_frequency": [],
        "f": 40,
        "finishing_steps": [
            2,
            2,
            2,
            2,
            2,
            2,
            2,
            2,
            2,
            2,
            2,
            2,
            2,
            2,
            2,
            2,
            2,
            2,
            2,
            2,
            2,
            2,
            2,
            2,
            2,
            2,
            2,
            2,
            2,
            2,
            2,
            2,
            2,
            2,
            2,
            2,
            2,
            2,
            2,
            2,
            2,
            2,
            2,
            2,
            2,
            2,
            2,
            2,
            2,
            2
        ],
        "n": 100,
        "p": 70,
        "termination_rate": [
            1.0,
            1.0,
            1.0,
            1.0,
            1.0,
            1.0,
            1.0,
            1.0,
            1.0,
            1.0,
            1.0,
            1.0,
            1.0,
            1.0,
            1.0,
            1.0,
            1.0,
            1.0,
            1.0,
            1.0,
            1.0,
            1.0,
            1.0,
            1.0,
            1.0,
            1.0,
            1.0,
            1.0,
            1.0,
            1.0,
            1.0,
            1.0,
            1.0,
            1.0,
            1.0,
            1.0,
            1.0,
            1.0,
            1.0,
            1.0,
            1.0,
            1.0,
            1.0,
            1.0,
            1.0,
            1.0,
            1.0,
            1.0,
            1.0,
            1.0
        ],
        "total_msgs_sent": [
            24000,
            24100,
            24000,
            24200,
            24100,
            24100,
            24100,
            24000,
            24000,
            24100,
            24100,
            24000,
            24000,
            24100,
            24000,
            24100,
            24000,
            24000,
            24000,
            24100,
            24100,
            24200,
            24200,
            24000,
            24000,
            24000,
            24000,
            24100,
            24000,
            24200,
            24100,
            24000,
            24000,
            24000,
            24000,
            24000,
            24000,
            24100,
            24000,
            24000,
            24000,
            24000,
            24000,
            24000,
            24000,
            24000,
            24100,
            24000,
            24100,
            24100
        ]
    },
    "RunTime": 287.741966784
}
