{
    "Results": {
        "c": 81,
        "delivery_nodes": [
            100.0,
            100.0,
            100.0,
            100.0,
            100.0,
            100.0,
            100.0,
            100.0,
            100.0,
            100.0,
            100.0,
            100.0,
            100.0,
            100.0,
            100.0,
            100.0,
            100.0,
            100.0,
            100.0,
            100.0,
            100.0,
            100.0,
            100.0,
            100.0,
            100.0,
            100.0,
            100.0,
            100.0,
            100.0,
            100.0,
            100.0,
            100.0,
            100.0,
            100.0,
            100.0,
            100.0,
            100.0,
            100.0,
            100.0,
            100.0,
            100.0,
            100.0,
            100.0,
            100.0,
            100.0,
            100.0,
            100.0,
            100.0,
            100.0,
            100.0
        ],
        "delivery_time": [
            14.975308641975309,
            15.185185185185185,
            16.185185185185187,
            14.962962962962964,
            15.345679012345679,
            15.728395061728396,
            16.296296296296298,
            15.432098765432098,
            14.814814814814815,
            15.25925925925926,
            14.88888888888889,
            14.728395061728396,
            14.839506172839506,
            15.271604938271604,
            15.308641975308642,
            14.617283950617283,
            15.308641975308642,
            15.382716049382717,
            15.91358024691358,
            16.049382716049383,
            16.28395061728395,
            15.17283950617284,
            14.851851851851851,
            14.567901234567902,
            15.54320987654321,
            14.790123456790123,
            16.395061728395063,
            15.098765432098766,
            15.617283950617283,
            15.296296296296296,
            15.703703703703704,
            15.432098765432098,
            14.481481481481481,
            15.62962962962963,
            15.222222222222221,
            15.91358024691358,
            15.308641975308642,
            16.098765432098766,
            15.901234567901234,
            15.271604938271604,
            16.617283950617285,
            15.938271604938272,
            16.185185185185187,
            15.37037037037037,
            14.987654320987655,
            15.469135802469136,
            15.82716049382716,
            15.160493827160494,
            16.419753086419753,
            15.901234567901234
        ],
        "disagreement": [
            0.0,
            0.0,
            0.0,
            0.0,
            0.0,
            0.0,
            0.0,
            0.0,
            0.0,
            0.0,
            0.0,
            0.0,
            0.0,
            0.0,
            0.0,
            0.0,
            0.0,
            0.0,
            0.0,
            0.0,
            0.0,
            0.0,
            0.0,
            0.0,
            0.0,
            0.0,
            0.0,
            0.0,
            0.0,
            0.0,
            0.0,
            0.0,
            0.0,
            0.0,
            0.0,
            0.0,
            0.0,
            0.0,
            0.0,
            0.0,
            0.0,
            0.0,
            0.0,
            0.0,
            0.0,
            0.0,
            0.0,
            0.0,
            0.0,
            0.0
        ],
        "disagreement_frequency": [],
        "f": 19,
        "finishing_steps": [
            2,
            2,
            2,
            2,
            2,
            2,
            2,
            2,
            2,
            2,
            2,
            2,
            2,
            2,
            2,
            2,
            2,
            2,
            2,
            2,
            2,
            2,
            2,
            2,
            2,
            2,
            2,
            2,
            2,
            2,
            2,
            2,
            2,
            2,
            2,
            2,
            2,
            2,
            2,
            2,
            2,
            2,
            2,
            2,
            2,
            2,
            2,
            2,
            2,
            2
        ],
        "n": 100,
        "p": 90,
        "termination_rate": [
            1.0,
            1.0,
            1.0,
            1.0,
            1.0,
            1.0,
            1.0,
            1.0,
            1.0,
            1.0,
            1.0,
            1.0,
            1.0,
            1.0,
            1.0,
            1.0,
            1.0,
            1.0,
            1.0,
            1.0,
            1.0,
            1.0,
            1.0,
            1.0,
            1.0,
            1.0,
            1.0,
            1.0,
            1.0,
            1.0,
            1.0,
            1.0,
            1.0,
            1.0,
            1.0,
            1.0,
            1.0,
            1.0,
            1.0,
            1.0,
            1.0,
            1.0,
            1.0,
            1.0,
            1.0,
            1.0,
            1.0,
            1.0,
            1.0,
            1.0
        ],
        "total_msgs_sent": [
            32400,
            32400,
            32400,
            32400,
            32400,
            32400,
            32400,
            32400,
            32400,
            32400,
            32400,
            32400,
            32400,
            32400,
            32400,
            32400,
            32400,
            32400,
            32400,
            32400,
            32400,
            32400,
            32400,
            32400,
            32400,
            32400,
            32400,
            32400,
            32400,
            32400,
            32400,
            32400,
            32400,
            32400,
            32400,
            32400,
            32400,
            32400,
            32400,
            32400,
            32400,
            32400,
            32400,
            32400,
            32400,
            32400,
            32400,
            32400,
            32400,
            32400
        ]
    },
    "RunTime": 276.335219045
}
