{
    "Results": {
        "c": 60,
        "delivery_nodes": [
            100.0,
            100.0,
            100.0,
            100.0,
            100.0,
            100.0,
            100.0,
            100.0,
            100.0,
            100.0,
            100.0,
            100.0,
            100.0,
            100.0,
            100.0,
            100.0,
            100.0,
            100.0,
            100.0,
            100.0,
            100.0,
            100.0,
            100.0,
            100.0,
            100.0,
            100.0,
            100.0,
            100.0,
            100.0,
            100.0,
            100.0,
            100.0,
            100.0,
            100.0,
            100.0,
            100.0,
            100.0,
            100.0,
            100.0,
            100.0,
            100.0,
            100.0,
            100.0,
            100.0,
            100.0,
            100.0,
            100.0,
            100.0,
            100.0,
            100.0
        ],
        "delivery_time": [
            11.833333333333334,
            11.65,
            12.616666666666667,
            11.85,
            11.533333333333333,
            12.233333333333333,
            11.083333333333334,
            12.016666666666667,
            11.1,
            11.4,
            12.366666666666667,
            11.9,
            10.816666666666666,
            12.15,
            12.083333333333334,
            11.266666666666667,
            11.783333333333333,
            11.266666666666667,
            12.383333333333333,
            11.483333333333333,
            11.6,
            11.666666666666666,
            11.166666666666666,
            11.883333333333333,
            11.266666666666667,
            11.6,
            12.0,
            11.916666666666666,
            12.1,
            11.766666666666667,
            11.866666666666667,
            11.266666666666667,
            11.283333333333333,
            11.1,
            12.066666666666666,
            12.0,
            11.75,
            11.5,
            11.816666666666666,
            11.433333333333334,
            12.083333333333334,
            12.183333333333334,
            11.483333333333333,
            11.166666666666666,
            11.433333333333334,
            11.983333333333333,
            12.283333333333333,
            10.766666666666667,
            11.55,
            12.1
        ],
        "disagreement": [
            0.0,
            0.0,
            0.0,
            0.0,
            0.0,
            0.0,
            0.0,
            0.0,
            0.0,
            0.0,
            0.0,
            0.0,
            0.0,
            0.0,
            0.0,
            0.0,
            0.0,
            0.0,
            0.0,
            0.0,
            0.0,
            0.0,
            0.0,
            0.0,
            0.0,
            0.0,
            0.0,
            0.0,
            0.0,
            0.0,
            0.0,
            0.0,
            0.0,
            0.0,
            0.0,
            0.0,
            0.0,
            0.0,
            0.0,
            0.0,
            0.0,
            0.0,
            0.0,
            0.0,
            0.0,
            0.0,
            0.0,
            0.0,
            0.0,
            0.0
        ],
        "disagreement_frequency": [],
        "f": 40,
        "finishing_steps": [
            2,
            2,
            2,
            2,
            2,
            2,
            2,
            2,
            2,
            2,
            2,
            2,
            2,
            2,
            2,
            2,
            2,
            2,
            2,
            2,
            2,
            2,
            2,
            2,
            2,
            2,
            2,
            2,
            2,
            2,
            2,
            2,
            2,
            2,
            2,
            2,
            2,
            2,
            2,
            2,
            2,
            2,
            2,
            2,
            2,
            2,
            2,
            2,
            2,
            2
        ],
        "n": 100,
        "p": 90,
        "termination_rate": [
            1.0,
            1.0,
            1.0,
            1.0,
            1.0,
            1.0,
            1.0,
            1.0,
            1.0,
            1.0,
            1.0,
            1.0,
            1.0,
            1.0,
            1.0,
            1.0,
            1.0,
            1.0,
            1.0,
            1.0,
            1.0,
            1.0,
            1.0,
            1.0,
            1.0,
            1.0,
            1.0,
            1.0,
            1.0,
            1.0,
            1.0,
            1.0,
            1.0,
            1.0,
            1.0,
            1.0,
            1.0,
            1.0,
            1.0,
            1.0,
            1.0,
            1.0,
            1.0,
            1.0,
            1.0,
            1.0,
            1.0,
            1.0,
            1.0,
            1.0
        ],
        "total_msgs_sent": [
            24000,
            24000,
            24000,
            24000,
            24000,
            24000,
            24000,
            24000,
            23900,
            24000,
            24000,
            24000,
            24000,
            24000,
            24000,
            24000,
            24000,
            24000,
            24000,
            24000,
            24000,
            24000,
            24000,
            24000,
            24000,
            24000,
            24000,
            24000,
            24000,
            24000,
            24000,
            24000,
            24000,
            24000,
            24000,
            24000,
            24000,
            24000,
            24000,
            24000,
            24000,
            24000,
            24000,
            24000,
            24000,
            24000,
            24000,
            24000,
            24000,
            24000
        ]
    },
    "RunTime": 297.186037916
}
