{
    "Results": {
        "c": 75,
        "delivery_nodes": [
            100.0,
            100.0,
            100.0,
            100.0,
            100.0,
            100.0,
            100.0,
            100.0,
            100.0,
            100.0,
            100.0,
            100.0,
            100.0,
            100.0,
            100.0,
            100.0,
            100.0,
            100.0,
            100.0,
            100.0,
            100.0,
            100.0,
            100.0,
            100.0,
            100.0,
            100.0,
            100.0,
            100.0,
            100.0,
            100.0,
            100.0,
            100.0,
            100.0,
            100.0,
            100.0,
            100.0,
            100.0,
            100.0,
            100.0,
            100.0,
            100.0,
            100.0,
            100.0,
            100.0,
            100.0,
            100.0,
            100.0,
            100.0,
            100.0,
            100.0
        ],
        "delivery_time": [
            16.48,
            17.586666666666666,
            16.36,
            16.96,
            16.066666666666666,
            16.6,
            15.84,
            16.533333333333335,
            16.213333333333335,
            16.253333333333334,
            15.706666666666667,
            16.36,
            16.866666666666667,
            16.68,
            16.253333333333334,
            16.706666666666667,
            15.84,
            16.52,
            16.85333333333333,
            16.186666666666667,
            15.693333333333333,
            15.826666666666666,
            15.586666666666666,
            17.133333333333333,
            16.28,
            15.893333333333333,
            16.333333333333332,
            15.626666666666667,
            16.906666666666666,
            16.28,
            16.56,
            16.293333333333333,
            16.24,
            16.14666666666667,
            16.0,
            15.2,
            15.346666666666666,
            15.666666666666666,
            15.96,
            16.226666666666667,
            16.746666666666666,
            15.666666666666666,
            15.586666666666666,
            15.893333333333333,
            16.36,
            16.066666666666666,
            15.76,
            16.213333333333335,
            17.12,
            15.826666666666666
        ],
        "disagreement": [
            0.0,
            0.0,
            0.0,
            0.0,
            0.0,
            0.0,
            0.0,
            0.0,
            0.0,
            0.0,
            0.0,
            0.0,
            0.0,
            0.0,
            0.0,
            0.0,
            0.0,
            0.0,
            0.0,
            0.0,
            0.0,
            0.0,
            0.0,
            0.0,
            0.0,
            0.0,
            0.0,
            0.0,
            0.0,
            0.0,
            0.0,
            0.0,
            0.0,
            0.0,
            0.0,
            0.0,
            0.0,
            0.0,
            0.0,
            0.0,
            0.0,
            0.0,
            0.0,
            0.0,
            0.0,
            0.0,
            0.0,
            0.0,
            0.0,
            0.0
        ],
        "disagreement_frequency": [],
        "f": 25,
        "finishing_steps": [
            2,
            2,
            2,
            2,
            2,
            2,
            2,
            2,
            2,
            2,
            2,
            2,
            2,
            2,
            2,
            2,
            2,
            2,
            2,
            2,
            2,
            2,
            2,
            2,
            2,
            2,
            2,
            2,
            2,
            2,
            2,
            2,
            2,
            2,
            2,
            2,
            2,
            2,
            2,
            2,
            2,
            2,
            2,
            2,
            2,
            2,
            2,
            2,
            2,
            2
        ],
        "n": 100,
        "p": 80,
        "termination_rate": [
            1.0,
            1.0,
            1.0,
            1.0,
            1.0,
            1.0,
            1.0,
            1.0,
            1.0,
            1.0,
            1.0,
            1.0,
            1.0,
            1.0,
            1.0,
            1.0,
            1.0,
            1.0,
            1.0,
            1.0,
            1.0,
            1.0,
            1.0,
            1.0,
            1.0,
            1.0,
            1.0,
            1.0,
            1.0,
            1.0,
            1.0,
            1.0,
            1.0,
            1.0,
            1.0,
            1.0,
            1.0,
            1.0,
            1.0,
            1.0,
            1.0,
            1.0,
            1.0,
            1.0,
            1.0,
            1.0,
            1.0,
            1.0,
            1.0,
            1.0
        ],
        "total_msgs_sent": [
            30000,
            30000,
            30000,
            30000,
            30000,
            30000,
            30000,
            30000,
            30000,
            30000,
            30000,
            30000,
            30000,
            30000,
            30000,
            30000,
            30000,
            30000,
            30000,
            30000,
            30000,
            30000,
            30000,
            30000,
            30000,
            30000,
            30000,
            30000,
            30000,
            30000,
            30000,
            30000,
            30000,
            30000,
            30000,
            30000,
            30000,
            30000,
            30000,
            30000,
            30000,
            30000,
            30000,
            30000,
            30000,
            30000,
            30000,
            30000,
            30000,
            30000
        ]
    },
    "RunTime": 298.042473617
}
