{
    "Results": {
        "c": 60,
        "delivery_nodes": [
            100.0,
            100.0,
            100.0,
            100.0,
            100.0,
            100.0,
            100.0,
            100.0,
            100.0,
            100.0,
            100.0,
            100.0,
            100.0,
            100.0,
            100.0,
            100.0,
            100.0,
            100.0,
            100.0,
            100.0,
            100.0,
            100.0,
            100.0,
            100.0,
            100.0,
            100.0,
            100.0,
            100.0,
            100.0,
            100.0,
            100.0,
            100.0,
            100.0,
            100.0,
            100.0,
            100.0,
            100.0,
            100.0,
            100.0,
            100.0,
            100.0,
            100.0,
            100.0,
            100.0,
            100.0,
            100.0,
            100.0,
            100.0,
            100.0,
            100.0
        ],
        "delivery_time": [
            19.233333333333334,
            19.65,
            19.766666666666666,
            19.416666666666668,
            19.733333333333334,
            19.466666666666665,
            19.8,
            19.783333333333335,
            19.916666666666668,
            19.833333333333332,
            19.85,
            19.933333333333334,
            19.783333333333335,
            19.883333333333333,
            19.916666666666668,
            19.633333333333333,
            19.783333333333335,
            19.783333333333335,
            19.866666666666667,
            19.15,
            19.566666666666666,
            19.766666666666666,
            19.216666666666665,
            19.583333333333332,
            19.733333333333334,
            19.783333333333335,
            19.4,
            19.833333333333332,
            19.366666666666667,
            19.516666666666666,
            19.816666666666666,
            19.7,
            19.716666666666665,
            19.7,
            19.716666666666665,
            19.633333333333333,
            19.733333333333334,
            19.666666666666668,
            19.7,
            18.933333333333334,
            19.733333333333334,
            19.916666666666668,
            19.783333333333335,
            19.616666666666667,
            19.766666666666666,
            19.85,
            19.916666666666668,
            19.733333333333334,
            19.866666666666667,
            19.85
        ],
        "disagreement": [
            0.0,
            0.0,
            0.0,
            0.0,
            0.0,
            0.0,
            0.0,
            0.0,
            0.0,
            0.0,
            0.0,
            0.0,
            0.0,
            0.0,
            0.0,
            0.0,
            0.0,
            0.0,
            0.0,
            0.0,
            0.0,
            0.0,
            0.0,
            0.0,
            0.0,
            0.0,
            0.0,
            0.0,
            0.0,
            0.0,
            0.0,
            0.0,
            0.0,
            0.0,
            0.0,
            0.0,
            0.0,
            0.0,
            0.0,
            0.0,
            0.0,
            0.0,
            0.0,
            0.0,
            0.0,
            0.0,
            0.0,
            0.0,
            0.0,
            0.0
        ],
        "disagreement_frequency": [],
        "f": 40,
        "finishing_steps": [
            2,
            2,
            2,
            2,
            2,
            2,
            2,
            2,
            2,
            2,
            2,
            2,
            2,
            2,
            2,
            2,
            2,
            2,
            2,
            2,
            2,
            2,
            2,
            2,
            2,
            2,
            2,
            2,
            2,
            2,
            2,
            2,
            2,
            2,
            2,
            2,
            2,
            2,
            2,
            2,
            2,
            2,
            2,
            2,
            2,
            2,
            2,
            2,
            2,
            2
        ],
        "n": 100,
        "p": 60,
        "termination_rate": [
            1.0,
            1.0,
            1.0,
            1.0,
            1.0,
            1.0,
            1.0,
            1.0,
            1.0,
            1.0,
            1.0,
            1.0,
            1.0,
            1.0,
            1.0,
            1.0,
            1.0,
            1.0,
            1.0,
            1.0,
            1.0,
            1.0,
            1.0,
            1.0,
            1.0,
            1.0,
            1.0,
            1.0,
            1.0,
            1.0,
            1.0,
            1.0,
            1.0,
            1.0,
            1.0,
            1.0,
            1.0,
            1.0,
            1.0,
            1.0,
            1.0,
            1.0,
            1.0,
            1.0,
            1.0,
            1.0,
            1.0,
            1.0,
            1.0,
            1.0
        ],
        "total_msgs_sent": [
            29700,
            29900,
            24000,
            29500,
            30000,
            29100,
            24200,
            24000,
            24000,
            29900,
            29800,
            24000,
            29900,
            30000,
            24000,
            29700,
            30000,
            30000,
            29900,
            29800,
            29900,
            24000,
            29300,
            29400,
            30000,
            29300,
            24000,
            30000,
            29600,
            29700,
            30000,
            29800,
            24600,
            29400,
            29800,
            30000,
            29800,
            29900,
            30000,
            24000,
            30000,
            30000,
            29700,
            29600,
            24000,
            29800,
            29900,
            29800,
            24000,
            24000
        ]
    },
    "RunTime": 292.470266215
}
