{
    "Results": {
        "c": 67,
        "delivery_nodes": [
            100.0,
            100.0,
            100.0,
            100.0,
            100.0,
            100.0,
            100.0,
            100.0,
            100.0,
            100.0,
            100.0,
            100.0,
            100.0,
            100.0,
            100.0,
            100.0,
            100.0,
            100.0,
            100.0,
            100.0,
            100.0,
            100.0,
            100.0,
            100.0,
            100.0,
            100.0,
            100.0,
            100.0,
            100.0,
            100.0,
            100.0,
            100.0,
            100.0,
            100.0,
            100.0,
            100.0,
            0.0,
            100.0,
            100.0,
            100.0,
            100.0,
            100.0,
            100.0,
            100.0,
            100.0,
            100.0,
            100.0,
            100.0,
            100.0,
            100.0
        ],
        "delivery_time": [
            31.507462686567163,
            31.0,
            31.16417910447761,
            31.0,
            31.01492537313433,
            30.925373134328357,
            31.432835820895523,
            31.0,
            31.08955223880597,
            31.0,
            30.82089552238806,
            31.059701492537314,
            31.0,
            30.970149253731343,
            31.0,
            31.98507462686567,
            31.01492537313433,
            31.0,
            30.865671641791046,
            31.0,
            31.0,
            31.0,
            31.0,
            31.83582089552239,
            32.0,
            31.0,
            31.0,
            31.0,
            31.0,
            31.0,
            31.0,
            31.0,
            31.059701492537314,
            31.044776119402986,
            32.0,
            31.62686567164179,
            0.0,
            31.0,
            31.0,
            31.98507462686567,
            31.0,
            31.0,
            31.01492537313433,
            31.55223880597015,
            31.0,
            30.044776119402986,
            31.0,
            31.0,
            30.28358208955224,
            31.029850746268657
        ],
        "disagreement": [
            0.0,
            0.0,
            0.0,
            0.0,
            0.0,
            0.0,
            0.0,
            0.0,
            0.0,
            0.0,
            0.0,
            0.0,
            0.0,
            0.0,
            0.0,
            0.0,
            0.0,
            0.0,
            0.0,
            0.0,
            0.0,
            0.0,
            0.0,
            0.0,
            0.0,
            0.0,
            0.0,
            0.0,
            0.0,
            0.0,
            0.0,
            0.0,
            0.0,
            0.0,
            0.0,
            0.0,
            0.0,
            0.0,
            0.0,
            0.0,
            0.0,
            0.0,
            0.0,
            0.0,
            0.0,
            0.0,
            0.0,
            0.0,
            0.0,
            0.0
        ],
        "disagreement_frequency": [],
        "f": 33,
        "finishing_steps": [
            4,
            4,
            4,
            4,
            4,
            4,
            4,
            4,
            4,
            4,
            4,
            4,
            4,
            4,
            4,
            4,
            4,
            4,
            4,
            4,
            4,
            4,
            4,
            4,
            4,
            4,
            4,
            4,
            4,
            4,
            4,
            4,
            4,
            4,
            4,
            4,
            0,
            4,
            4,
            4,
            4,
            4,
            4,
            4,
            4,
            4,
            4,
            4,
            4,
            4
        ],
        "n": 100,
        "p": 60,
        "termination_rate": [
            1.0,
            1.0,
            1.0,
            1.0,
            1.0,
            1.0,
            1.0,
            1.0,
            1.0,
            1.0,
            1.0,
            1.0,
            1.0,
            1.0,
            1.0,
            1.0,
            1.0,
            1.0,
            1.0,
            1.0,
            1.0,
            1.0,
            1.0,
            1.0,
            1.0,
            1.0,
            1.0,
            1.0,
            1.0,
            1.0,
            1.0,
            1.0,
            1.0,
            1.0,
            1.0,
            1.0,
            0.0,
            1.0,
            1.0,
            1.0,
            1.0,
            1.0,
            1.0,
            1.0,
            1.0,
            1.0,
            1.0,
            1.0,
            1.0,
            1.0
        ],
        "total_msgs_sent": [
            20100,
            20100,
            20100,
            20100,
            20100,
            20100,
            20100,
            20100,
            20100,
            20100,
            20100,
            20100,
            20100,
            20100,
            20100,
            20100,
            20100,
            20100,
            20100,
            20100,
            20100,
            20100,
            20100,
            20100,
            20100,
            20100,
            20100,
            20100,
            20100,
            20100,
            20100,
            20100,
            20100,
            20100,
            20100,
            20100,
            13400,
            20100,
            20100,
            20100,
            20100,
            20100,
            20100,
            20100,
            20100,
            20100,
            20100,
            20100,
            20100,
            20100
        ]
    },
    "RunTime": 224.606359714
}
