{
    "Results": {
        "c": 60,
        "delivery_nodes": [
            100.0,
            100.0,
            100.0,
            100.0,
            100.0,
            100.0,
            100.0,
            100.0,
            100.0,
            100.0,
            100.0,
            100.0,
            100.0,
            100.0,
            100.0,
            100.0,
            100.0,
            100.0,
            100.0,
            100.0,
            100.0,
            100.0,
            100.0,
            100.0,
            100.0,
            100.0,
            100.0,
            100.0,
            100.0,
            100.0,
            100.0,
            100.0,
            100.0,
            100.0,
            100.0,
            100.0,
            100.0,
            100.0,
            100.0,
            100.0,
            100.0,
            100.0,
            100.0,
            100.0,
            100.0,
            100.0,
            100.0,
            100.0,
            100.0,
            100.0
        ],
        "delivery_time": [
            13.95,
            13.766666666666667,
            12.55,
            12.616666666666667,
            13.45,
            12.216666666666667,
            13.883333333333333,
            13.133333333333333,
            13.283333333333333,
            13.8,
            12.9,
            12.866666666666667,
            12.833333333333334,
            12.9,
            13.933333333333334,
            13.183333333333334,
            12.45,
            13.516666666666667,
            13.216666666666667,
            14.05,
            13.466666666666667,
            14.2,
            13.4,
            13.45,
            14.3,
            13.533333333333333,
            12.483333333333333,
            12.4,
            12.766666666666667,
            13.0,
            13.316666666666666,
            13.716666666666667,
            12.983333333333333,
            13.966666666666667,
            12.966666666666667,
            13.483333333333333,
            12.9,
            13.483333333333333,
            12.916666666666666,
            12.65,
            13.333333333333334,
            13.083333333333334,
            12.7,
            12.316666666666666,
            12.8,
            13.95,
            12.966666666666667,
            13.95,
            12.4,
            12.683333333333334
        ],
        "disagreement": [
            0.0,
            0.0,
            0.0,
            0.0,
            0.0,
            0.0,
            0.0,
            0.0,
            0.0,
            0.0,
            0.0,
            0.0,
            0.0,
            0.0,
            0.0,
            0.0,
            0.0,
            0.0,
            0.0,
            0.0,
            0.0,
            0.0,
            0.0,
            0.0,
            0.0,
            0.0,
            0.0,
            0.0,
            0.0,
            0.0,
            0.0,
            0.0,
            0.0,
            0.0,
            0.0,
            0.0,
            0.0,
            0.0,
            0.0,
            0.0,
            0.0,
            0.0,
            0.0,
            0.0,
            0.0,
            0.0,
            0.0,
            0.0,
            0.0,
            0.0
        ],
        "disagreement_frequency": [],
        "f": 40,
        "finishing_steps": [
            2,
            2,
            2,
            2,
            2,
            2,
            2,
            2,
            2,
            2,
            2,
            2,
            2,
            2,
            2,
            2,
            2,
            2,
            2,
            2,
            2,
            2,
            2,
            2,
            2,
            2,
            2,
            2,
            2,
            2,
            2,
            2,
            2,
            2,
            2,
            2,
            2,
            2,
            2,
            2,
            2,
            2,
            2,
            2,
            2,
            2,
            2,
            2,
            2,
            2
        ],
        "n": 100,
        "p": 80,
        "termination_rate": [
            1.0,
            1.0,
            1.0,
            1.0,
            1.0,
            1.0,
            1.0,
            1.0,
            1.0,
            1.0,
            1.0,
            1.0,
            1.0,
            1.0,
            1.0,
            1.0,
            1.0,
            1.0,
            1.0,
            1.0,
            1.0,
            1.0,
            1.0,
            1.0,
            1.0,
            1.0,
            1.0,
            1.0,
            1.0,
            1.0,
            1.0,
            1.0,
            1.0,
            1.0,
            1.0,
            1.0,
            1.0,
            1.0,
            1.0,
            1.0,
            1.0,
            1.0,
            1.0,
            1.0,
            1.0,
            1.0,
            1.0,
            1.0,
            1.0,
            1.0
        ],
        "total_msgs_sent": [
            24000,
            24000,
            24000,
            24000,
            24000,
            24000,
            24000,
            24000,
            24000,
            24000,
            24000,
            24000,
            24000,
            24000,
            24000,
            24000,
            24000,
            24000,
            24000,
            24000,
            24000,
            24000,
            24000,
            24000,
            24000,
            24000,
            24000,
            24000,
            24000,
            24000,
            24000,
            24000,
            24000,
            24000,
            24000,
            24000,
            24000,
            24000,
            24000,
            24000,
            24000,
            24000,
            24000,
            24000,
            24000,
            24000,
            24000,
            24000,
            24000,
            24000
        ]
    },
    "RunTime": 277.438928182
}
