{
    "Results": {
        "c": 81,
        "delivery_nodes": [
            100.0,
            100.0,
            100.0,
            100.0,
            100.0,
            100.0,
            100.0,
            100.0,
            100.0,
            100.0,
            100.0,
            100.0,
            100.0,
            100.0,
            100.0,
            100.0,
            100.0,
            100.0,
            100.0,
            100.0,
            100.0,
            100.0,
            100.0,
            100.0,
            100.0,
            100.0,
            100.0,
            100.0,
            100.0,
            100.0,
            100.0,
            100.0,
            100.0,
            100.0,
            100.0,
            100.0,
            100.0,
            100.0,
            100.0,
            100.0,
            100.0,
            100.0,
            100.0,
            100.0,
            100.0,
            100.0,
            100.0,
            100.0,
            100.0,
            100.0
        ],
        "delivery_time": [
            16.02469135802469,
            16.40740740740741,
            15.296296296296296,
            15.765432098765432,
            15.88888888888889,
            15.271604938271604,
            15.703703703703704,
            15.555555555555555,
            15.45679012345679,
            16.074074074074073,
            15.839506172839506,
            15.82716049382716,
            15.271604938271604,
            15.358024691358025,
            15.88888888888889,
            15.54320987654321,
            16.419753086419753,
            15.481481481481481,
            16.419753086419753,
            15.580246913580247,
            15.777777777777779,
            15.753086419753087,
            15.703703703703704,
            15.604938271604938,
            15.641975308641975,
            16.28395061728395,
            15.037037037037036,
            14.950617283950617,
            16.049382716049383,
            16.209876543209877,
            15.530864197530864,
            15.506172839506172,
            16.209876543209877,
            15.691358024691358,
            16.160493827160494,
            15.308641975308642,
            15.74074074074074,
            16.11111111111111,
            15.925925925925926,
            14.74074074074074,
            15.506172839506172,
            15.197530864197532,
            15.716049382716049,
            15.975308641975309,
            16.012345679012345,
            15.691358024691358,
            15.62962962962963,
            15.962962962962964,
            16.02469135802469,
            15.950617283950617
        ],
        "disagreement": [
            0.0,
            0.0,
            0.0,
            0.0,
            0.0,
            0.0,
            0.0,
            0.0,
            0.0,
            0.0,
            0.0,
            0.0,
            0.0,
            0.0,
            0.0,
            0.0,
            0.0,
            0.0,
            0.0,
            0.0,
            0.0,
            0.0,
            0.0,
            0.0,
            0.0,
            0.0,
            0.0,
            0.0,
            0.0,
            0.0,
            0.0,
            0.0,
            0.0,
            0.0,
            0.0,
            0.0,
            0.0,
            0.0,
            0.0,
            0.0,
            0.0,
            0.0,
            0.0,
            0.0,
            0.0,
            0.0,
            0.0,
            0.0,
            0.0,
            0.0
        ],
        "disagreement_frequency": [],
        "f": 19,
        "finishing_steps": [
            3,
            3,
            3,
            3,
            3,
            3,
            3,
            3,
            3,
            3,
            3,
            3,
            3,
            3,
            3,
            3,
            3,
            3,
            3,
            3,
            3,
            3,
            3,
            3,
            3,
            3,
            3,
            3,
            3,
            3,
            3,
            3,
            3,
            3,
            3,
            3,
            3,
            3,
            3,
            3,
            3,
            3,
            3,
            3,
            3,
            3,
            3,
            3,
            3,
            3
        ],
        "n": 100,
        "p": 100,
        "termination_rate": [
            1.0,
            1.0,
            1.0,
            1.0,
            1.0,
            1.0,
            1.0,
            1.0,
            1.0,
            1.0,
            1.0,
            1.0,
            1.0,
            1.0,
            1.0,
            1.0,
            1.0,
            1.0,
            1.0,
            1.0,
            1.0,
            1.0,
            1.0,
            1.0,
            1.0,
            1.0,
            1.0,
            1.0,
            1.0,
            1.0,
            1.0,
            1.0,
            1.0,
            1.0,
            1.0,
            1.0,
            1.0,
            1.0,
            1.0,
            1.0,
            1.0,
            1.0,
            1.0,
            1.0,
            1.0,
            1.0,
            1.0,
            1.0,
            1.0,
            1.0
        ],
        "total_msgs_sent": [
            16200,
            16200,
            16200,
            16200,
            16200,
            16200,
            16200,
            16200,
            16200,
            16200,
            16200,
            16200,
            16200,
            16200,
            16200,
            16200,
            16200,
            16200,
            16200,
            16200,
            16200,
            16200,
            16200,
            16200,
            16200,
            16200,
            16200,
            16200,
            16200,
            16200,
            16200,
            16200,
            16200,
            16200,
            16200,
            16200,
            16200,
            16200,
            16200,
            16200,
            16200,
            16200,
            16200,
            16200,
            16200,
            16200,
            16200,
            16200,
            16200,
            16200
        ]
    },
    "RunTime": 143.584985411
}
