{
    "Results": {
        "c": 67,
        "delivery_nodes": [
            100.0,
            100.0,
            100.0,
            100.0,
            100.0,
            100.0,
            100.0,
            100.0,
            100.0,
            100.0,
            100.0,
            100.0,
            100.0,
            100.0,
            100.0,
            100.0,
            100.0,
            100.0,
            100.0,
            100.0,
            100.0,
            100.0,
            100.0,
            100.0,
            100.0,
            100.0,
            100.0,
            100.0,
            100.0,
            100.0,
            100.0,
            100.0,
            100.0,
            100.0,
            100.0,
            100.0,
            100.0,
            100.0,
            100.0,
            100.0,
            100.0,
            100.0,
            100.0,
            100.0,
            100.0,
            100.0,
            100.0,
            100.0,
            100.0,
            100.0
        ],
        "delivery_time": [
            19.71641791044776,
            19.65671641791045,
            19.35820895522388,
            19.865671641791046,
            19.686567164179106,
            19.761194029850746,
            19.73134328358209,
            19.223880597014926,
            18.671641791044777,
            19.65671641791045,
            19.52238805970149,
            19.761194029850746,
            19.746268656716417,
            19.328358208955223,
            19.791044776119403,
            19.83582089552239,
            19.791044776119403,
            19.313432835820894,
            19.686567164179106,
            19.611940298507463,
            19.26865671641791,
            19.71641791044776,
            19.08955223880597,
            19.08955223880597,
            18.55223880597015,
            19.492537313432837,
            19.35820895522388,
            19.119402985074625,
            19.746268656716417,
            19.82089552238806,
            19.17910447761194,
            18.970149253731343,
            19.17910447761194,
            19.73134328358209,
            18.925373134328357,
            19.37313432835821,
            19.507462686567163,
            19.955223880597014,
            18.104477611940297,
            19.73134328358209,
            18.104477611940297,
            18.567164179104477,
            19.83582089552239,
            19.761194029850746,
            19.029850746268657,
            19.71641791044776,
            19.29850746268657,
            19.597014925373134,
            19.776119402985074,
            19.73134328358209
        ],
        "disagreement": [
            0.0,
            0.0,
            0.0,
            0.0,
            0.0,
            0.0,
            0.0,
            0.0,
            0.0,
            0.0,
            0.0,
            0.0,
            0.0,
            0.0,
            0.0,
            0.0,
            0.0,
            0.0,
            0.0,
            0.0,
            0.0,
            0.0,
            0.0,
            0.0,
            0.0,
            0.0,
            0.0,
            0.0,
            0.0,
            0.0,
            0.0,
            0.0,
            0.0,
            0.0,
            0.0,
            0.0,
            0.0,
            0.0,
            0.0,
            0.0,
            0.0,
            0.0,
            0.0,
            0.0,
            0.0,
            0.0,
            0.0,
            0.0,
            0.0,
            0.0
        ],
        "disagreement_frequency": [],
        "f": 33,
        "finishing_steps": [
            2,
            2,
            2,
            2,
            2,
            2,
            2,
            2,
            2,
            2,
            2,
            2,
            2,
            2,
            2,
            2,
            2,
            2,
            2,
            2,
            2,
            2,
            2,
            2,
            2,
            2,
            2,
            2,
            2,
            2,
            2,
            2,
            2,
            2,
            2,
            2,
            2,
            2,
            2,
            2,
            2,
            2,
            2,
            2,
            2,
            2,
            2,
            2,
            2,
            2
        ],
        "n": 100,
        "p": 100,
        "termination_rate": [
            1.0,
            1.0,
            1.0,
            1.0,
            1.0,
            1.0,
            1.0,
            1.0,
            1.0,
            1.0,
            1.0,
            1.0,
            1.0,
            1.0,
            1.0,
            1.0,
            1.0,
            1.0,
            1.0,
            1.0,
            1.0,
            1.0,
            1.0,
            1.0,
            1.0,
            1.0,
            1.0,
            1.0,
            1.0,
            1.0,
            1.0,
            1.0,
            1.0,
            1.0,
            1.0,
            1.0,
            1.0,
            1.0,
            1.0,
            1.0,
            1.0,
            1.0,
            1.0,
            1.0,
            1.0,
            1.0,
            1.0,
            1.0,
            1.0,
            1.0
        ],
        "total_msgs_sent": [
            33500,
            33500,
            33500,
            33500,
            33500,
            33500,
            33500,
            33500,
            33500,
            33500,
            33500,
            33500,
            33500,
            33500,
            33500,
            33500,
            33500,
            33500,
            33500,
            33500,
            33500,
            33500,
            33500,
            33500,
            33500,
            33500,
            33500,
            33500,
            33500,
            33500,
            33400,
            33500,
            33500,
            33500,
            33500,
            33500,
            33500,
            33500,
            33500,
            33500,
            33500,
            33500,
            33500,
            33500,
            33500,
            33500,
            33500,
            33500,
            33500,
            33500
        ]
    },
    "RunTime": 289.44536503
}
