{
    "Results": {
        "c": 75,
        "delivery_nodes": [
            100.0,
            100.0,
            100.0,
            100.0,
            100.0,
            100.0,
            100.0,
            100.0,
            100.0,
            100.0,
            100.0,
            100.0,
            100.0,
            100.0,
            100.0,
            100.0,
            100.0,
            100.0,
            100.0,
            100.0,
            100.0,
            100.0,
            100.0,
            100.0,
            100.0,
            100.0,
            100.0,
            100.0,
            100.0,
            100.0,
            100.0,
            100.0,
            100.0,
            100.0,
            100.0,
            100.0,
            100.0,
            100.0,
            100.0,
            100.0,
            100.0,
            100.0,
            100.0,
            100.0,
            100.0,
            100.0,
            100.0,
            100.0,
            100.0,
            100.0
        ],
        "delivery_time": [
            19.586666666666666,
            19.293333333333333,
            19.4,
            19.346666666666668,
            19.6,
            19.28,
            19.133333333333333,
            19.56,
            19.14666666666667,
            19.08,
            18.826666666666668,
            19.466666666666665,
            18.64,
            19.44,
            19.69333333333333,
            19.426666666666666,
            18.573333333333334,
            19.293333333333333,
            19.36,
            19.30666666666667,
            19.2,
            19.133333333333333,
            19.706666666666667,
            19.213333333333335,
            19.866666666666667,
            19.386666666666667,
            19.066666666666666,
            19.013333333333332,
            19.626666666666665,
            19.066666666666666,
            19.773333333333333,
            19.746666666666666,
            18.88,
            19.48,
            19.133333333333333,
            19.386666666666667,
            19.0,
            19.346666666666668,
            19.12,
            18.986666666666668,
            19.546666666666667,
            19.48,
            18.413333333333334,
            19.826666666666668,
            19.24,
            18.813333333333333,
            19.36,
            19.026666666666667,
            19.186666666666667,
            19.346666666666668
        ],
        "disagreement": [
            0.0,
            0.0,
            0.0,
            0.0,
            0.0,
            0.0,
            0.0,
            0.0,
            0.0,
            0.0,
            0.0,
            0.0,
            0.0,
            0.0,
            0.0,
            0.0,
            0.0,
            0.0,
            0.0,
            0.0,
            0.0,
            0.0,
            0.0,
            0.0,
            0.0,
            0.0,
            0.0,
            0.0,
            0.0,
            0.0,
            0.0,
            0.0,
            0.0,
            0.0,
            0.0,
            0.0,
            0.0,
            0.0,
            0.0,
            0.0,
            0.0,
            0.0,
            0.0,
            0.0,
            0.0,
            0.0,
            0.0,
            0.0,
            0.0,
            0.0
        ],
        "disagreement_frequency": [],
        "f": 25,
        "finishing_steps": [
            2,
            2,
            2,
            2,
            2,
            2,
            2,
            2,
            2,
            2,
            2,
            2,
            2,
            2,
            2,
            2,
            2,
            2,
            2,
            2,
            2,
            2,
            2,
            2,
            2,
            2,
            2,
            2,
            2,
            2,
            2,
            2,
            2,
            2,
            2,
            2,
            2,
            2,
            2,
            2,
            2,
            2,
            2,
            2,
            2,
            2,
            2,
            2,
            2,
            2
        ],
        "n": 100,
        "p": 100,
        "termination_rate": [
            1.0,
            1.0,
            1.0,
            1.0,
            1.0,
            1.0,
            1.0,
            1.0,
            1.0,
            1.0,
            1.0,
            1.0,
            1.0,
            1.0,
            1.0,
            1.0,
            1.0,
            1.0,
            1.0,
            1.0,
            1.0,
            1.0,
            1.0,
            1.0,
            1.0,
            1.0,
            1.0,
            1.0,
            1.0,
            1.0,
            1.0,
            1.0,
            1.0,
            1.0,
            1.0,
            1.0,
            1.0,
            1.0,
            1.0,
            1.0,
            1.0,
            1.0,
            1.0,
            1.0,
            1.0,
            1.0,
            1.0,
            1.0,
            1.0,
            1.0
        ],
        "total_msgs_sent": [
            35400,
            35200,
            35000,
            35200,
            34500,
            35000,
            34900,
            34400,
            34300,
            35200,
            33900,
            36400,
            35000,
            36500,
            34600,
            34900,
            35000,
            35200,
            34600,
            34700,
            35200,
            34700,
            35800,
            35000,
            34900,
            34300,
            33900,
            34700,
            34900,
            34600,
            33800,
            36100,
            34300,
            34400,
            33800,
            35000,
            34300,
            35700,
            34900,
            35300,
            35000,
            35100,
            34200,
            34400,
            34600,
            34600,
            34400,
            34200,
            34900,
            35000
        ]
    },
    "RunTime": 295.60635864
}
