{
    "Results": {
        "c": 81,
        "delivery_nodes": [
            100.0,
            100.0,
            100.0,
            100.0,
            100.0,
            100.0,
            100.0,
            100.0,
            100.0,
            100.0,
            100.0,
            100.0,
            100.0,
            100.0,
            100.0,
            100.0,
            100.0,
            100.0,
            100.0,
            100.0,
            100.0,
            100.0,
            100.0,
            100.0,
            100.0,
            100.0,
            100.0,
            100.0,
            100.0,
            100.0,
            100.0,
            100.0,
            100.0,
            100.0,
            100.0,
            100.0,
            100.0,
            100.0,
            100.0,
            100.0,
            100.0,
            100.0,
            100.0,
            100.0,
            100.0,
            100.0,
            100.0,
            100.0,
            100.0,
            100.0
        ],
        "delivery_time": [
            35.864197530864196,
            35.95061728395062,
            34.81481481481482,
            34.91358024691358,
            34.96296296296296,
            34.97530864197531,
            34.65432098765432,
            35.0,
            35.629629629629626,
            36.02469135802469,
            35.98765432098765,
            35.95061728395062,
            35.901234567901234,
            35.03703703703704,
            34.95061728395062,
            35.81481481481482,
            34.96296296296296,
            35.641975308641975,
            35.22222222222222,
            35.27160493827161,
            34.074074074074076,
            35.0,
            35.93827160493827,
            36.0,
            34.98765432098765,
            35.888888888888886,
            36.864197530864196,
            34.888888888888886,
            35.382716049382715,
            34.888888888888886,
            36.0,
            34.71604938271605,
            35.30864197530864,
            36.888888888888886,
            35.18518518518518,
            35.79012345679013,
            35.28395061728395,
            35.71604938271605,
            35.111111111111114,
            34.96296296296296,
            35.0,
            34.0,
            36.123456790123456,
            34.382716049382715,
            35.407407407407405,
            34.91358024691358,
            35.08641975308642,
            34.91358024691358,
            34.925925925925924,
            34.96296296296296
        ],
        "disagreement": [
            0.0,
            0.0,
            0.0,
            0.0,
            0.0,
            0.0,
            0.0,
            0.0,
            0.0,
            0.0,
            0.0,
            0.0,
            0.0,
            0.0,
            0.0,
            0.0,
            0.0,
            0.0,
            0.0,
            0.0,
            0.0,
            0.0,
            0.0,
            0.0,
            0.0,
            0.0,
            0.0,
            0.0,
            0.0,
            0.0,
            0.0,
            0.0,
            0.0,
            0.0,
            0.0,
            0.0,
            0.0,
            0.0,
            0.0,
            0.0,
            0.0,
            0.0,
            0.0,
            0.0,
            0.0,
            0.0,
            0.0,
            0.0,
            0.0,
            0.0
        ],
        "disagreement_frequency": [],
        "f": 19,
        "finishing_steps": [
            4,
            4,
            4,
            4,
            4,
            4,
            4,
            4,
            4,
            4,
            4,
            4,
            4,
            4,
            4,
            4,
            4,
            4,
            4,
            4,
            4,
            4,
            4,
            4,
            4,
            4,
            4,
            4,
            4,
            4,
            4,
            4,
            4,
            4,
            4,
            4,
            4,
            4,
            4,
            4,
            4,
            4,
            4,
            4,
            4,
            4,
            4,
            4,
            4,
            4
        ],
        "n": 100,
        "p": 80,
        "termination_rate": [
            1.0,
            1.0,
            1.0,
            1.0,
            1.0,
            1.0,
            1.0,
            1.0,
            1.0,
            1.0,
            1.0,
            1.0,
            1.0,
            1.0,
            1.0,
            1.0,
            1.0,
            1.0,
            1.0,
            1.0,
            1.0,
            1.0,
            1.0,
            1.0,
            1.0,
            1.0,
            1.0,
            1.0,
            1.0,
            1.0,
            1.0,
            1.0,
            1.0,
            1.0,
            1.0,
            1.0,
            1.0,
            1.0,
            1.0,
            1.0,
            1.0,
            1.0,
            1.0,
            1.0,
            1.0,
            1.0,
            1.0,
            1.0,
            1.0,
            1.0
        ],
        "total_msgs_sent": [
            24300,
            24300,
            24300,
            24300,
            24300,
            24300,
            24300,
            24300,
            24300,
            24300,
            24300,
            24300,
            24300,
            24300,
            24300,
            24300,
            24300,
            24300,
            24300,
            24300,
            24300,
            24300,
            24300,
            24300,
            24300,
            24300,
            24300,
            24300,
            24300,
            24300,
            24300,
            24300,
            24300,
            24300,
            24300,
            24300,
            24300,
            24300,
            24300,
            24300,
            24300,
            24300,
            24300,
            24300,
            24300,
            24300,
            24300,
            24300,
            24300,
            24300
        ]
    },
    "RunTime": 206.933490627
}
