{
    "Results": {
        "c": 75,
        "delivery_nodes": [
            100.0,
            100.0,
            100.0,
            100.0,
            100.0,
            100.0,
            100.0,
            100.0,
            100.0,
            100.0,
            100.0,
            100.0,
            100.0,
            100.0,
            100.0,
            100.0,
            100.0,
            100.0,
            100.0,
            100.0,
            100.0,
            100.0,
            100.0,
            100.0,
            100.0,
            100.0,
            100.0,
            100.0,
            100.0,
            100.0,
            100.0,
            100.0,
            100.0,
            100.0,
            100.0,
            100.0,
            100.0,
            100.0,
            100.0,
            100.0,
            100.0,
            100.0,
            100.0,
            100.0,
            100.0,
            100.0,
            100.0,
            100.0,
            100.0,
            100.0
        ],
        "delivery_time": [
            34.64,
            34.57333333333333,
            34.70666666666666,
            34.57333333333333,
            35.0,
            34.6,
            34.12,
            33.82666666666667,
            34.56,
            34.53333333333333,
            34.946666666666665,
            35.06666666666667,
            34.413333333333334,
            34.4,
            34.52,
            34.84,
            34.81333333333333,
            34.36,
            34.733333333333334,
            34.56,
            34.57333333333333,
            34.44,
            34.54666666666667,
            34.306666666666665,
            34.06666666666667,
            34.08,
            34.44,
            34.93333333333333,
            34.32,
            34.56,
            34.013333333333335,
            34.70666666666666,
            34.973333333333336,
            34.8,
            34.413333333333334,
            34.70666666666666,
            34.68,
            35.36,
            34.24,
            34.44,
            34.48,
            33.906666666666666,
            34.626666666666665,
            34.693333333333335,
            34.413333333333334,
            34.733333333333334,
            35.026666666666664,
            34.16,
            34.346666666666664,
            34.56
        ],
        "disagreement": [
            0.0,
            0.0,
            0.0,
            0.0,
            0.0,
            0.0,
            0.0,
            0.0,
            0.0,
            0.0,
            0.0,
            0.0,
            0.0,
            0.0,
            0.0,
            0.0,
            0.0,
            0.0,
            0.0,
            0.0,
            0.0,
            0.0,
            0.0,
            0.0,
            0.0,
            0.0,
            0.0,
            0.0,
            0.0,
            0.0,
            0.0,
            0.0,
            0.0,
            0.0,
            0.0,
            0.0,
            0.0,
            0.0,
            0.0,
            0.0,
            0.0,
            0.0,
            0.0,
            0.0,
            0.0,
            0.0,
            0.0,
            0.0,
            0.0,
            0.0
        ],
        "disagreement_frequency": [],
        "f": 25,
        "finishing_steps": [
            7,
            7,
            7,
            7,
            7,
            7,
            7,
            7,
            7,
            7,
            7,
            7,
            7,
            7,
            7,
            7,
            7,
            7,
            7,
            7,
            7,
            7,
            7,
            7,
            7,
            7,
            7,
            7,
            7,
            7,
            7,
            7,
            7,
            7,
            7,
            7,
            7,
            7,
            7,
            7,
            7,
            7,
            7,
            7,
            7,
            7,
            7,
            7,
            7,
            7
        ],
        "n": 100,
        "p": 100,
        "termination_rate": [
            1.0,
            1.0,
            1.0,
            1.0,
            1.0,
            1.0,
            1.0,
            1.0,
            1.0,
            1.0,
            1.0,
            1.0,
            1.0,
            1.0,
            1.0,
            1.0,
            1.0,
            1.0,
            1.0,
            1.0,
            1.0,
            1.0,
            1.0,
            1.0,
            1.0,
            1.0,
            1.0,
            1.0,
            1.0,
            1.0,
            1.0,
            1.0,
            1.0,
            1.0,
            1.0,
            1.0,
            1.0,
            1.0,
            1.0,
            1.0,
            1.0,
            1.0,
            1.0,
            1.0,
            1.0,
            1.0,
            1.0,
            1.0,
            1.0,
            1.0
        ],
        "total_msgs_sent": [
            47500,
            47500,
            47500,
            47500,
            47500,
            47500,
            47500,
            47500,
            47500,
            47500,
            47500,
            47500,
            47500,
            47500,
            47500,
            47500,
            47500,
            47500,
            47500,
            47500,
            47500,
            47500,
            47500,
            47500,
            47500,
            47500,
            47500,
            47500,
            47500,
            47500,
            47500,
            47500,
            47500,
            47500,
            47500,
            47500,
            47500,
            47500,
            47500,
            47500,
            47500,
            47500,
            47500,
            47500,
            47500,
            47500,
            47500,
            47500,
            47500,
            47500
        ]
    },
    "RunTime": 373.395217249
}
