{
    "Results": {
        "c": 81,
        "delivery_nodes": [
            100.0,
            100.0,
            100.0,
            100.0,
            100.0,
            100.0,
            100.0,
            100.0,
            100.0,
            100.0,
            100.0,
            100.0,
            100.0,
            100.0,
            100.0,
            100.0,
            100.0,
            100.0,
            100.0,
            100.0,
            100.0,
            100.0,
            100.0,
            100.0,
            100.0,
            100.0,
            100.0,
            100.0,
            100.0,
            100.0,
            100.0,
            100.0,
            100.0,
            100.0,
            100.0,
            100.0,
            100.0,
            100.0,
            100.0,
            100.0,
            100.0,
            100.0,
            100.0,
            100.0,
            100.0,
            100.0,
            100.0,
            100.0,
            100.0,
            100.0
        ],
        "delivery_time": [
            33.75308641975309,
            33.24691358024691,
            33.27160493827161,
            33.23456790123457,
            33.629629629629626,
            33.71604938271605,
            33.81481481481482,
            33.617283950617285,
            33.839506172839506,
            33.32098765432099,
            33.79012345679013,
            33.32098765432099,
            33.58024691358025,
            33.75308641975309,
            33.79012345679013,
            32.864197530864196,
            33.666666666666664,
            33.24691358024691,
            33.49382716049383,
            33.69135802469136,
            33.17283950617284,
            33.098765432098766,
            33.839506172839506,
            33.2962962962963,
            33.18518518518518,
            34.098765432098766,
            32.98765432098765,
            33.629629629629626,
            33.24691358024691,
            33.074074074074076,
            34.18518518518518,
            33.2962962962963,
            33.72839506172839,
            34.34567901234568,
            33.51851851851852,
            33.60493827160494,
            33.80246913580247,
            34.333333333333336,
            33.39506172839506,
            33.30864197530864,
            34.135802469135804,
            33.79012345679013,
            33.72839506172839,
            33.45679012345679,
            33.95061728395062,
            33.30864197530864,
            32.54320987654321,
            33.148148148148145,
            33.81481481481482,
            33.75308641975309
        ],
        "disagreement": [
            0.0,
            0.0,
            0.0,
            0.0,
            0.0,
            0.0,
            0.0,
            0.0,
            0.0,
            0.0,
            0.0,
            0.0,
            0.0,
            0.0,
            0.0,
            0.0,
            0.0,
            0.0,
            0.0,
            0.0,
            0.0,
            0.0,
            0.0,
            0.0,
            0.0,
            0.0,
            0.0,
            0.0,
            0.0,
            0.0,
            0.0,
            0.0,
            0.0,
            0.0,
            0.0,
            0.0,
            0.0,
            0.0,
            0.0,
            0.0,
            0.0,
            0.0,
            0.0,
            0.0,
            0.0,
            0.0,
            0.0,
            0.0,
            0.0,
            0.0
        ],
        "disagreement_frequency": [],
        "f": 19,
        "finishing_steps": [
            7,
            7,
            7,
            7,
            7,
            7,
            7,
            7,
            7,
            7,
            7,
            7,
            7,
            7,
            7,
            7,
            7,
            7,
            7,
            7,
            7,
            7,
            7,
            7,
            7,
            7,
            7,
            7,
            7,
            7,
            7,
            7,
            7,
            7,
            7,
            7,
            7,
            7,
            7,
            7,
            7,
            7,
            7,
            7,
            7,
            7,
            7,
            7,
            7,
            7
        ],
        "n": 100,
        "p": 100,
        "termination_rate": [
            1.0,
            1.0,
            1.0,
            1.0,
            1.0,
            1.0,
            1.0,
            1.0,
            1.0,
            1.0,
            1.0,
            1.0,
            1.0,
            1.0,
            1.0,
            1.0,
            1.0,
            1.0,
            1.0,
            1.0,
            1.0,
            1.0,
            1.0,
            1.0,
            1.0,
            1.0,
            1.0,
            1.0,
            1.0,
            1.0,
            1.0,
            1.0,
            1.0,
            1.0,
            1.0,
            1.0,
            1.0,
            1.0,
            1.0,
            1.0,
            1.0,
            1.0,
            1.0,
            1.0,
            1.0,
            1.0,
            1.0,
            1.0,
            1.0,
            1.0
        ],
        "total_msgs_sent": [
            50500,
            50500,
            50500,
            50500,
            50500,
            50500,
            50500,
            50500,
            50500,
            50500,
            50500,
            50500,
            50500,
            50500,
            50500,
            50500,
            50500,
            50500,
            50500,
            50500,
            50500,
            50500,
            50500,
            50500,
            50500,
            50500,
            50500,
            50500,
            50500,
            50500,
            50500,
            50500,
            50500,
            50500,
            50500,
            50500,
            50500,
            50500,
            50500,
            50500,
            50500,
            50500,
            50500,
            50500,
            50500,
            50500,
            50500,
            50500,
            50500,
            50500
        ]
    },
    "RunTime": 358.590337689
}
