{
    "Results": {
        "c": 75,
        "delivery_nodes": [
            100.0,
            100.0,
            100.0,
            100.0,
            100.0,
            100.0,
            100.0,
            100.0,
            100.0,
            100.0,
            100.0,
            100.0,
            100.0,
            100.0,
            100.0,
            100.0,
            100.0,
            100.0,
            100.0,
            100.0,
            100.0,
            100.0,
            100.0,
            100.0,
            100.0,
            100.0,
            100.0,
            100.0,
            100.0,
            100.0,
            100.0,
            100.0,
            100.0,
            100.0,
            100.0,
            100.0,
            100.0,
            100.0,
            100.0,
            100.0,
            100.0,
            100.0,
            100.0,
            100.0,
            100.0,
            100.0,
            100.0,
            100.0,
            100.0,
            100.0
        ],
        "delivery_time": [
            37.48,
            37.84,
            37.17333333333333,
            38.06666666666667,
            37.61333333333334,
            37.4,
            37.373333333333335,
            37.64,
            37.50666666666667,
            36.54666666666667,
            37.53333333333333,
            37.8,
            37.49333333333333,
            36.38666666666666,
            37.84,
            37.306666666666665,
            37.56,
            37.333333333333336,
            36.586666666666666,
            37.38666666666666,
            37.586666666666666,
            36.53333333333333,
            37.986666666666665,
            37.586666666666666,
            38.6,
            38.46666666666667,
            37.29333333333334,
            37.82666666666667,
            37.53333333333333,
            37.45333333333333,
            36.93333333333333,
            36.84,
            37.333333333333336,
            38.266666666666666,
            37.53333333333333,
            37.25333333333333,
            37.026666666666664,
            37.29333333333334,
            37.52,
            37.08,
            37.653333333333336,
            37.72,
            37.21333333333333,
            37.22666666666667,
            37.333333333333336,
            37.333333333333336,
            37.49333333333333,
            36.93333333333333,
            36.6,
            37.46666666666667
        ],
        "disagreement": [
            0.0,
            0.0,
            0.0,
            0.0,
            0.0,
            0.0,
            0.0,
            0.0,
            0.0,
            0.0,
            0.0,
            0.0,
            0.0,
            0.0,
            0.0,
            0.0,
            0.0,
            0.0,
            0.0,
            0.0,
            0.0,
            0.0,
            0.0,
            0.0,
            0.0,
            0.0,
            0.0,
            0.0,
            0.0,
            0.0,
            0.0,
            0.0,
            0.0,
            0.0,
            0.0,
            0.0,
            0.0,
            0.0,
            0.0,
            0.0,
            0.0,
            0.0,
            0.0,
            0.0,
            0.0,
            0.0,
            0.0,
            0.0,
            0.0,
            0.0
        ],
        "disagreement_frequency": [],
        "f": 25,
        "finishing_steps": [
            7,
            7,
            7,
            7,
            7,
            7,
            7,
            7,
            7,
            7,
            7,
            7,
            7,
            7,
            7,
            7,
            7,
            7,
            7,
            7,
            7,
            7,
            7,
            7,
            7,
            7,
            7,
            7,
            7,
            7,
            7,
            7,
            7,
            7,
            7,
            7,
            7,
            7,
            7,
            7,
            7,
            7,
            7,
            7,
            7,
            7,
            7,
            7,
            7,
            7
        ],
        "n": 100,
        "p": 90,
        "termination_rate": [
            1.0,
            1.0,
            1.0,
            1.0,
            1.0,
            1.0,
            1.0,
            1.0,
            1.0,
            1.0,
            1.0,
            1.0,
            1.0,
            1.0,
            1.0,
            1.0,
            1.0,
            1.0,
            1.0,
            1.0,
            1.0,
            1.0,
            1.0,
            1.0,
            1.0,
            1.0,
            1.0,
            1.0,
            1.0,
            1.0,
            1.0,
            1.0,
            1.0,
            1.0,
            1.0,
            1.0,
            1.0,
            1.0,
            1.0,
            1.0,
            1.0,
            1.0,
            1.0,
            1.0,
            1.0,
            1.0,
            1.0,
            1.0,
            1.0,
            1.0
        ],
        "total_msgs_sent": [
            45300,
            45300,
            45300,
            45300,
            45300,
            45300,
            45300,
            45300,
            45300,
            45300,
            45300,
            45300,
            45300,
            45300,
            45300,
            45300,
            45300,
            45300,
            45300,
            45300,
            45300,
            45300,
            45300,
            45300,
            45300,
            45300,
            45300,
            45300,
            45300,
            45300,
            45300,
            45300,
            45300,
            45300,
            45300,
            45300,
            45300,
            45300,
            45300,
            45300,
            45300,
            45300,
            45300,
            45300,
            45300,
            45300,
            45300,
            45300,
            45300,
            45300
        ]
    },
    "RunTime": 357.135841564
}
