{
    "Results": {
        "c": 75,
        "delivery_nodes": [
            100.0,
            100.0,
            100.0,
            100.0,
            100.0,
            100.0,
            100.0,
            100.0,
            100.0,
            100.0,
            100.0,
            100.0,
            100.0,
            100.0,
            100.0,
            100.0,
            100.0,
            100.0,
            100.0,
            100.0,
            100.0,
            100.0,
            100.0,
            100.0,
            100.0,
            100.0,
            100.0,
            100.0,
            100.0,
            100.0,
            100.0,
            100.0,
            100.0,
            100.0,
            100.0,
            100.0,
            100.0,
            100.0,
            100.0,
            100.0,
            100.0,
            100.0,
            100.0,
            100.0,
            100.0,
            100.0,
            100.0,
            100.0,
            100.0,
            100.0
        ],
        "delivery_time": [
            42.92,
            41.653333333333336,
            41.61333333333334,
            41.81333333333333,
            41.81333333333333,
            42.52,
            42.76,
            42.06666666666667,
            42.346666666666664,
            42.85333333333333,
            41.17333333333333,
            42.48,
            42.17333333333333,
            41.46666666666667,
            42.346666666666664,
            42.56,
            41.78666666666667,
            41.22666666666667,
            40.46666666666667,
            40.81333333333333,
            42.6,
            42.85333333333333,
            42.52,
            42.68,
            41.61333333333334,
            42.0,
            41.946666666666665,
            41.52,
            41.70666666666666,
            42.53333333333333,
            42.86666666666667,
            42.72,
            42.986666666666665,
            41.946666666666665,
            42.28,
            41.89333333333333,
            42.56,
            42.266666666666666,
            42.48,
            42.70666666666666,
            41.973333333333336,
            41.49333333333333,
            42.68,
            42.77333333333333,
            42.85333333333333,
            42.026666666666664,
            42.85333333333333,
            43.053333333333335,
            43.14666666666667,
            42.626666666666665
        ],
        "disagreement": [
            0.0,
            0.0,
            0.0,
            0.0,
            0.0,
            0.0,
            0.0,
            0.0,
            0.0,
            0.0,
            0.0,
            0.0,
            0.0,
            0.0,
            0.0,
            0.0,
            0.0,
            0.0,
            0.0,
            0.0,
            0.0,
            0.0,
            0.0,
            0.0,
            0.0,
            0.0,
            0.0,
            0.0,
            0.0,
            0.0,
            0.0,
            0.0,
            0.0,
            0.0,
            0.0,
            0.0,
            0.0,
            0.0,
            0.0,
            0.0,
            0.0,
            0.0,
            0.0,
            0.0,
            0.0,
            0.0,
            0.0,
            0.0,
            0.0,
            0.0
        ],
        "disagreement_frequency": [],
        "f": 25,
        "finishing_steps": [
            7,
            7,
            7,
            7,
            7,
            7,
            7,
            7,
            7,
            7,
            7,
            7,
            7,
            7,
            7,
            7,
            7,
            7,
            7,
            7,
            7,
            7,
            7,
            7,
            7,
            7,
            7,
            7,
            7,
            7,
            7,
            7,
            7,
            7,
            7,
            7,
            7,
            7,
            7,
            7,
            7,
            7,
            7,
            7,
            7,
            7,
            7,
            7,
            7,
            7
        ],
        "n": 100,
        "p": 80,
        "termination_rate": [
            1.0,
            1.0,
            1.0,
            1.0,
            1.0,
            1.0,
            1.0,
            1.0,
            1.0,
            1.0,
            1.0,
            1.0,
            1.0,
            1.0,
            1.0,
            1.0,
            1.0,
            1.0,
            1.0,
            1.0,
            1.0,
            1.0,
            1.0,
            1.0,
            1.0,
            1.0,
            1.0,
            1.0,
            1.0,
            1.0,
            1.0,
            1.0,
            1.0,
            1.0,
            1.0,
            1.0,
            1.0,
            1.0,
            1.0,
            1.0,
            1.0,
            1.0,
            1.0,
            1.0,
            1.0,
            1.0,
            1.0,
            1.0,
            1.0,
            1.0
        ],
        "total_msgs_sent": [
            42700,
            42700,
            42700,
            42700,
            42700,
            42700,
            42700,
            42700,
            42700,
            42700,
            42700,
            42700,
            42700,
            42700,
            42700,
            42700,
            42700,
            42700,
            42700,
            42700,
            42700,
            42700,
            42700,
            42700,
            42700,
            42700,
            42700,
            42700,
            42700,
            42700,
            42700,
            42700,
            42700,
            42700,
            42700,
            42700,
            42700,
            42700,
            42700,
            42700,
            42700,
            42700,
            42700,
            42700,
            42700,
            42700,
            42700,
            42700,
            42700,
            42700
        ]
    },
    "RunTime": 334.091871688
}
