{
    "Results": {
        "c": 67,
        "delivery_nodes": [
            100.0,
            100.0,
            100.0,
            100.0,
            100.0,
            100.0,
            100.0,
            100.0,
            100.0,
            100.0,
            100.0,
            100.0,
            100.0,
            100.0,
            100.0,
            100.0,
            100.0,
            100.0,
            100.0,
            100.0,
            100.0,
            100.0,
            100.0,
            100.0,
            100.0,
            100.0,
            100.0,
            100.0,
            100.0,
            100.0,
            100.0,
            100.0,
            100.0,
            100.0,
            100.0,
            100.0,
            100.0,
            100.0,
            100.0,
            100.0,
            100.0,
            100.0,
            100.0,
            100.0,
            100.0,
            100.0,
            100.0,
            100.0,
            100.0,
            100.0
        ],
        "delivery_time": [
            37.3134328358209,
            37.17910447761194,
            36.850746268656714,
            36.940298507462686,
            37.3134328358209,
            36.59701492537314,
            37.28358208955224,
            37.47761194029851,
            36.67164179104478,
            38.059701492537314,
            37.134328358208954,
            36.776119402985074,
            37.223880597014926,
            36.88059701492537,
            37.11940298507463,
            36.74626865671642,
            37.04477611940298,
            37.1044776119403,
            36.76119402985075,
            37.16417910447761,
            36.83582089552239,
            36.97014925373134,
            37.04477611940298,
            36.582089552238806,
            36.776119402985074,
            36.791044776119406,
            36.91044776119403,
            37.014925373134325,
            37.02985074626866,
            36.47761194029851,
            36.95522388059702,
            36.656716417910445,
            37.53731343283582,
            36.8955223880597,
            37.11940298507463,
            36.6865671641791,
            37.3134328358209,
            36.985074626865675,
            36.8955223880597,
            36.97014925373134,
            36.865671641791046,
            36.71641791044776,
            37.16417910447761,
            36.776119402985074,
            37.014925373134325,
            36.298507462686565,
            37.1044776119403,
            37.298507462686565,
            37.1044776119403,
            36.492537313432834
        ],
        "disagreement": [
            0.0,
            0.0,
            0.0,
            0.0,
            0.0,
            0.0,
            0.0,
            0.0,
            0.0,
            0.0,
            0.0,
            0.0,
            0.0,
            0.0,
            0.0,
            0.0,
            0.0,
            0.0,
            0.0,
            0.0,
            0.0,
            0.0,
            0.0,
            0.0,
            0.0,
            0.0,
            0.0,
            0.0,
            0.0,
            0.0,
            0.0,
            0.0,
            0.0,
            0.0,
            0.0,
            0.0,
            0.0,
            0.0,
            0.0,
            0.0,
            0.0,
            0.0,
            0.0,
            0.0,
            0.0,
            0.0,
            0.0,
            0.0,
            0.0,
            0.0
        ],
        "disagreement_frequency": [],
        "f": 33,
        "finishing_steps": [
            7,
            7,
            7,
            7,
            7,
            7,
            7,
            7,
            7,
            7,
            7,
            7,
            7,
            7,
            7,
            7,
            7,
            7,
            7,
            7,
            7,
            7,
            7,
            7,
            7,
            7,
            7,
            7,
            7,
            7,
            7,
            7,
            7,
            7,
            7,
            7,
            7,
            7,
            7,
            7,
            7,
            7,
            7,
            7,
            7,
            7,
            7,
            7,
            7,
            7
        ],
        "n": 100,
        "p": 100,
        "termination_rate": [
            1.0,
            1.0,
            1.0,
            1.0,
            1.0,
            1.0,
            1.0,
            1.0,
            1.0,
            1.0,
            1.0,
            1.0,
            1.0,
            1.0,
            1.0,
            1.0,
            1.0,
            1.0,
            1.0,
            1.0,
            1.0,
            1.0,
            1.0,
            1.0,
            1.0,
            1.0,
            1.0,
            1.0,
            1.0,
            1.0,
            1.0,
            1.0,
            1.0,
            1.0,
            1.0,
            1.0,
            1.0,
            1.0,
            1.0,
            1.0,
            1.0,
            1.0,
            1.0,
            1.0,
            1.0,
            1.0,
            1.0,
            1.0,
            1.0,
            1.0
        ],
        "total_msgs_sent": [
            43500,
            43500,
            43500,
            43500,
            43500,
            43500,
            43500,
            43500,
            43500,
            43500,
            43500,
            43500,
            43500,
            43500,
            43500,
            43500,
            43500,
            43500,
            43500,
            43500,
            43500,
            43500,
            43500,
            43500,
            43500,
            43500,
            43500,
            43500,
            43500,
            43500,
            43500,
            43500,
            43500,
            43500,
            43500,
            43500,
            43500,
            43500,
            43500,
            43500,
            43500,
            43500,
            43500,
            43500,
            43500,
            43500,
            43500,
            43500,
            43500,
            43500
        ]
    },
    "RunTime": 341.337632318
}
