{
    "Results": {
        "c": 60,
        "delivery_nodes": [
            100.0,
            100.0,
            100.0,
            100.0,
            100.0,
            100.0,
            100.0,
            100.0,
            100.0,
            100.0,
            100.0,
            100.0,
            100.0,
            100.0,
            100.0,
            100.0,
            100.0,
            100.0,
            100.0,
            100.0,
            100.0,
            100.0,
            100.0,
            100.0,
            100.0,
            100.0,
            100.0,
            100.0,
            100.0,
            100.0,
            100.0,
            100.0,
            100.0,
            100.0,
            100.0,
            100.0,
            100.0,
            100.0,
            100.0,
            100.0,
            100.0,
            100.0,
            100.0,
            100.0,
            100.0,
            100.0,
            100.0,
            100.0,
            100.0,
            100.0
        ],
        "delivery_time": [
            43.86666666666667,
            44.25,
            43.833333333333336,
            44.75,
            43.95,
            44.416666666666664,
            44.083333333333336,
            43.583333333333336,
            44.06666666666667,
            43.56666666666667,
            44.233333333333334,
            43.583333333333336,
            44.333333333333336,
            43.7,
            43.916666666666664,
            43.45,
            44.25,
            43.95,
            43.416666666666664,
            43.9,
            44.56666666666667,
            43.6,
            43.88333333333333,
            43.88333333333333,
            43.916666666666664,
            44.46666666666667,
            44.0,
            43.916666666666664,
            43.35,
            44.1,
            43.733333333333334,
            44.05,
            43.95,
            44.65,
            43.46666666666667,
            43.46666666666667,
            43.95,
            43.9,
            44.56666666666667,
            43.833333333333336,
            43.666666666666664,
            44.06666666666667,
            43.983333333333334,
            43.75,
            43.43333333333333,
            44.0,
            43.583333333333336,
            43.516666666666666,
            43.916666666666664,
            44.31666666666667
        ],
        "disagreement": [
            0.0,
            0.0,
            0.0,
            0.0,
            0.0,
            0.0,
            0.0,
            0.0,
            0.0,
            0.0,
            0.0,
            0.0,
            0.0,
            0.0,
            0.0,
            0.0,
            0.0,
            0.0,
            0.0,
            0.0,
            0.0,
            0.0,
            0.0,
            0.0,
            0.0,
            0.0,
            0.0,
            0.0,
            0.0,
            0.0,
            0.0,
            0.0,
            0.0,
            0.0,
            0.0,
            0.0,
            0.0,
            0.0,
            0.0,
            0.0,
            0.0,
            0.0,
            0.0,
            0.0,
            0.0,
            0.0,
            0.0,
            0.0,
            0.0,
            0.0
        ],
        "disagreement_frequency": [],
        "f": 40,
        "finishing_steps": [
            7,
            7,
            7,
            7,
            7,
            7,
            7,
            7,
            7,
            7,
            7,
            7,
            7,
            7,
            7,
            7,
            7,
            7,
            7,
            7,
            7,
            7,
            7,
            7,
            7,
            7,
            7,
            7,
            7,
            7,
            7,
            7,
            7,
            7,
            7,
            7,
            7,
            7,
            7,
            7,
            7,
            7,
            7,
            7,
            7,
            7,
            7,
            7,
            7,
            7
        ],
        "n": 100,
        "p": 100,
        "termination_rate": [
            1.0,
            1.0,
            1.0,
            1.0,
            1.0,
            1.0,
            1.0,
            1.0,
            1.0,
            1.0,
            1.0,
            1.0,
            1.0,
            1.0,
            1.0,
            1.0,
            1.0,
            1.0,
            1.0,
            1.0,
            1.0,
            1.0,
            1.0,
            1.0,
            1.0,
            1.0,
            1.0,
            1.0,
            1.0,
            1.0,
            1.0,
            1.0,
            1.0,
            1.0,
            1.0,
            1.0,
            1.0,
            1.0,
            1.0,
            1.0,
            1.0,
            1.0,
            1.0,
            1.0,
            1.0,
            1.0,
            1.0,
            1.0,
            1.0,
            1.0
        ],
        "total_msgs_sent": [
            40000,
            40000,
            40000,
            40000,
            40000,
            40000,
            40000,
            40000,
            40000,
            40000,
            40000,
            40000,
            40000,
            40000,
            40000,
            40000,
            40000,
            40000,
            40000,
            40000,
            40000,
            40000,
            40000,
            40000,
            40000,
            40000,
            40000,
            40000,
            40000,
            40000,
            40000,
            40000,
            40000,
            40000,
            40000,
            40000,
            40000,
            40000,
            40000,
            40000,
            40000,
            40000,
            40000,
            40000,
            40000,
            40000,
            40000,
            40000,
            40000,
            40000
        ]
    },
    "RunTime": 343.53621656
}
