{
    "Results": {
        "c": 67,
        "delivery_nodes": [
            100.0,
            100.0,
            100.0,
            100.0,
            100.0,
            100.0,
            100.0,
            100.0,
            100.0,
            100.0,
            100.0,
            100.0,
            100.0,
            100.0,
            100.0,
            100.0,
            100.0,
            100.0,
            100.0,
            100.0,
            100.0,
            100.0,
            100.0,
            100.0,
            100.0,
            100.0,
            100.0,
            100.0,
            100.0,
            100.0,
            100.0,
            100.0,
            100.0,
            100.0,
            100.0,
            100.0,
            100.0,
            100.0,
            100.0,
            100.0,
            100.0,
            100.0,
            100.0,
            100.0,
            100.0,
            100.0,
            100.0,
            100.0,
            100.0,
            100.0
        ],
        "delivery_time": [
            38.582089552238806,
            39.43283582089552,
            38.6865671641791,
            39.52238805970149,
            40.059701492537314,
            39.223880597014926,
            39.43283582089552,
            39.88059701492537,
            40.16417910447761,
            39.61194029850746,
            39.53731343283582,
            40.014925373134325,
            39.492537313432834,
            38.507462686567166,
            38.67164179104478,
            39.791044776119406,
            38.74626865671642,
            38.701492537313435,
            39.56716417910448,
            39.507462686567166,
            39.47761194029851,
            39.37313432835821,
            40.11940298507463,
            39.53731343283582,
            38.97014925373134,
            40.149253731343286,
            39.67164179104478,
            38.97014925373134,
            39.28358208955224,
            39.492537313432834,
            39.11940298507463,
            39.46268656716418,
            39.23880597014925,
            39.67164179104478,
            39.61194029850746,
            39.343283582089555,
            39.1044776119403,
            39.52238805970149,
            39.88059701492537,
            39.64179104477612,
            39.298507462686565,
            39.37313432835821,
            39.19402985074627,
            39.74626865671642,
            39.343283582089555,
            39.23880597014925,
            39.07462686567164,
            39.56716417910448,
            39.80597014925373,
            38.59701492537314
        ],
        "disagreement": [
            0.0,
            0.0,
            0.0,
            0.0,
            0.0,
            0.0,
            0.0,
            0.0,
            0.0,
            0.0,
            0.0,
            0.0,
            0.0,
            0.0,
            0.0,
            0.0,
            0.0,
            0.0,
            0.0,
            0.0,
            0.0,
            0.0,
            0.0,
            0.0,
            0.0,
            0.0,
            0.0,
            0.0,
            0.0,
            0.0,
            0.0,
            0.0,
            0.0,
            0.0,
            0.0,
            0.0,
            0.0,
            0.0,
            0.0,
            0.0,
            0.0,
            0.0,
            0.0,
            0.0,
            0.0,
            0.0,
            0.0,
            0.0,
            0.0,
            0.0
        ],
        "disagreement_frequency": [],
        "f": 33,
        "finishing_steps": [
            7,
            7,
            7,
            7,
            7,
            7,
            7,
            7,
            7,
            7,
            7,
            7,
            7,
            7,
            7,
            7,
            7,
            7,
            7,
            7,
            7,
            7,
            7,
            7,
            7,
            7,
            7,
            7,
            7,
            7,
            7,
            7,
            7,
            7,
            7,
            7,
            7,
            7,
            7,
            7,
            7,
            7,
            7,
            7,
            7,
            7,
            7,
            7,
            7,
            7
        ],
        "n": 100,
        "p": 90,
        "termination_rate": [
            1.0,
            1.0,
            1.0,
            1.0,
            1.0,
            1.0,
            1.0,
            1.0,
            1.0,
            1.0,
            1.0,
            1.0,
            1.0,
            1.0,
            1.0,
            1.0,
            1.0,
            1.0,
            1.0,
            1.0,
            1.0,
            1.0,
            1.0,
            1.0,
            1.0,
            1.0,
            1.0,
            1.0,
            1.0,
            1.0,
            1.0,
            1.0,
            1.0,
            1.0,
            1.0,
            1.0,
            1.0,
            1.0,
            1.0,
            1.0,
            1.0,
            1.0,
            1.0,
            1.0,
            1.0,
            1.0,
            1.0,
            1.0,
            1.0,
            1.0
        ],
        "total_msgs_sent": [
            41100,
            41100,
            41100,
            41100,
            41100,
            41100,
            41100,
            41100,
            41100,
            41100,
            41100,
            41100,
            41100,
            41100,
            41100,
            41100,
            41100,
            41100,
            41100,
            41100,
            41100,
            41100,
            41100,
            41100,
            41100,
            41100,
            41100,
            41100,
            41100,
            41100,
            41100,
            41100,
            41100,
            41100,
            41100,
            41100,
            41100,
            41100,
            41100,
            41100,
            41100,
            41100,
            41100,
            41100,
            41100,
            41100,
            41100,
            41100,
            41100,
            41100
        ]
    },
    "RunTime": 367.682799719
}
