{
    "Results": {
        "c": 67,
        "delivery_nodes": [
            100.0,
            100.0,
            100.0,
            100.0,
            100.0,
            100.0,
            100.0,
            100.0,
            100.0,
            100.0,
            100.0,
            100.0,
            100.0,
            100.0,
            100.0,
            100.0,
            100.0,
            100.0,
            100.0,
            100.0,
            100.0,
            100.0,
            100.0,
            100.0,
            100.0,
            100.0,
            100.0,
            100.0,
            100.0,
            100.0,
            100.0,
            100.0,
            100.0,
            100.0,
            100.0,
            100.0,
            100.0,
            100.0,
            100.0,
            100.0,
            100.0,
            100.0,
            100.0,
            100.0,
            100.0,
            100.0,
            100.0,
            100.0,
            100.0,
            100.0
        ],
        "delivery_time": [
            44.149253731343286,
            43.417910447761194,
            44.26865671641791,
            43.88059701492537,
            44.343283582089555,
            44.134328358208954,
            43.776119402985074,
            44.850746268656714,
            43.850746268656714,
            43.791044776119406,
            43.656716417910445,
            44.71641791044776,
            43.88059701492537,
            44.208955223880594,
            44.47761194029851,
            43.67164179104478,
            44.95522388059702,
            44.74626865671642,
            44.343283582089555,
            44.16417910447761,
            43.80597014925373,
            44.149253731343286,
            44.1044776119403,
            44.701492537313435,
            44.791044776119406,
            44.23880597014925,
            44.11940298507463,
            44.0,
            43.83582089552239,
            44.23880597014925,
            44.11940298507463,
            43.38805970149254,
            45.3134328358209,
            44.17910447761194,
            43.73134328358209,
            44.059701492537314,
            43.11940298507463,
            44.343283582089555,
            44.059701492537314,
            43.97014925373134,
            43.791044776119406,
            44.1044776119403,
            44.298507462686565,
            44.76119402985075,
            44.014925373134325,
            44.6865671641791,
            44.83582089552239,
            44.37313432835821,
            44.73134328358209,
            44.95522388059702
        ],
        "disagreement": [
            0.0,
            0.0,
            0.0,
            0.0,
            0.0,
            0.0,
            0.0,
            0.0,
            0.0,
            0.0,
            0.0,
            0.0,
            0.0,
            0.0,
            0.0,
            0.0,
            0.0,
            0.0,
            0.0,
            0.0,
            0.0,
            0.0,
            0.0,
            0.0,
            0.0,
            0.0,
            0.0,
            0.0,
            0.0,
            0.0,
            0.0,
            0.0,
            0.0,
            0.0,
            0.0,
            0.0,
            0.0,
            0.0,
            0.0,
            0.0,
            0.0,
            0.0,
            0.0,
            0.0,
            0.0,
            0.0,
            0.0,
            0.0,
            0.0,
            0.0
        ],
        "disagreement_frequency": [],
        "f": 33,
        "finishing_steps": [
            7,
            7,
            7,
            7,
            7,
            7,
            7,
            7,
            7,
            7,
            7,
            7,
            7,
            7,
            7,
            7,
            7,
            7,
            7,
            7,
            7,
            7,
            7,
            7,
            7,
            7,
            7,
            7,
            7,
            7,
            7,
            7,
            7,
            7,
            7,
            7,
            7,
            7,
            7,
            7,
            7,
            7,
            7,
            7,
            7,
            7,
            7,
            7,
            7,
            7
        ],
        "n": 100,
        "p": 80,
        "termination_rate": [
            1.0,
            1.0,
            1.0,
            1.0,
            1.0,
            1.0,
            1.0,
            1.0,
            1.0,
            1.0,
            1.0,
            1.0,
            1.0,
            1.0,
            1.0,
            1.0,
            1.0,
            1.0,
            1.0,
            1.0,
            1.0,
            1.0,
            1.0,
            1.0,
            1.0,
            1.0,
            1.0,
            1.0,
            1.0,
            1.0,
            1.0,
            1.0,
            1.0,
            1.0,
            1.0,
            1.0,
            1.0,
            1.0,
            1.0,
            1.0,
            1.0,
            1.0,
            1.0,
            1.0,
            1.0,
            1.0,
            1.0,
            1.0,
            1.0,
            1.0
        ],
        "total_msgs_sent": [
            37900,
            37900,
            37900,
            37900,
            37900,
            37900,
            37900,
            37900,
            37900,
            37900,
            37900,
            37900,
            37900,
            37900,
            37900,
            37900,
            37900,
            37900,
            37900,
            37900,
            37900,
            37900,
            37900,
            37900,
            37900,
            37900,
            37900,
            37900,
            37900,
            37900,
            37900,
            37900,
            37900,
            37900,
            37900,
            37900,
            37900,
            37900,
            37900,
            37900,
            37900,
            37900,
            37900,
            37900,
            37900,
            37900,
            37900,
            37900,
            37900,
            37900
        ]
    },
    "RunTime": 368.704819206
}
